pmid,doi,year,journal,title,abstract,pubtypes,authors,screening_reasons,screening_reasons
42555166,10.1002/mc.70162,2026,Molecular carcinogenesis,Integrated Immunological Analysis of Interactions Between CXCL13+ T Cells and LAMP3+ DC in the Immunotherapy Response of Bladder Cancer.,"CXCL13+ T cells and LAMP3+ dendritic cells (DCs) are pivotal players in orchestrating anti-tumor immune responses, particularly within tumor tertiary lymphoid structures (TLS). However, their heterogeneity, differentiation trajectories, and clinical relevance in bladder cancer remain incompletely defined. This study integrated single-cell RNA sequencing (scRNA-seq) data (16 bladder cancer patients, 113,905 post-quality-control cells) and spatial transcriptomics to characterize CXCL13+ T cell/LAMP3+ DC subsets, their differentiation pathways (via Velocyto trajectory analysis), and intercellular crosstalk (via receptor-ligand mapping). A risk model (DTscore) was constructed using marker genes of these cells and validated in the IMvigor210 (atezolizumab-treated bladder cancer) and TCGA-BLCA cohorts. scRNA-seq clustering identified 10 immune and 3 nonimmune cell types, with T cells stratified into 8 subpopulations (including CD4+CXCL13+ T cells and CD8+CXCL13+ T cells) and DCs into 9 subgroups (including LAMP3+ DCs). Receptor-ligand mapping and spatial transcriptomics confirmed functional crosstalk between CXCL13+ T cells and LAMP3+ DCs via key pairs (e.g., CCR7-CCL19, CXCR5-CXCL13, PDCD1-CD274) within TLS. The DTscore was developed using 8 marker genes (TSHZ2, ALOX5AP, GADD45G, TXN, CHN1, CCL19, CXCL13, ICA1) and exhibited robust prognostic and predictive performance: In the IMvigor210 cohort, high DTscore correlated with significantly poorer overall survival (OS) and a 3.27-fold lower immunotherapy response rate (11% vs. 36%, p = 4.23e-07); multivariate Cox regression confirmed DTscore as an independent OS predictor (hazard ratio = 1.97, p < 0.001). DTscore retained prognostic value in TCGA-BLCA (OS: p = 0.003; disease-specific survival: p < 0.001) and effectively predicted atezolizumab response even in the ""immune desert"" phenotype (p = 0.04). Combining DTscore with tumor mutational burden/tumor neoantigen burden yielded an AUC of 0.8122 for response prediction. Additionally, high DTscore was associated with higher OS hazard ratios in patients with wild-type TTN, RB1, EP300, or FGFR3 (all p < 0.01), while FGFR3 mutations correlated with lower immune checkpoint/CXCL13 expression. This study delineates the heterogeneity and interactions of CXCL13+ T cell/LAMP3+ DC subsets in bladder cancer TLS and validates DTscore as a robust tool for predicting OS and immunotherapy response, offering a potential guide for personalized bladder cancer treatment.© 2026 Wiley Periodicals LLC.",Journal Article,Zhou L; Zhu J; Liu Y; Xu B,not_signature_like_title,not_signature_like_title
42516298,10.3389/fcell.2026.1809774,2026,Frontiers in cell and developmental biology,Clonal evolution and stromal crosstalk drive an invasive epithelial program in bladder cancer.,"Tumor progression and metastasis in bladder cancer are driven by epithelial cell heterogeneity and dynamic interactions with the tumor microenvironment. To elucidate epithelial subpopulations associated with cancer progression, we performed single-cell transcriptomic profiling of bladder cancer tissues and identified a distinct epithelial subset, termed Meta-program 6 (MP6), that was significantly enriched in samples exhibiting lymphovascular invasion or lymph node metastasis. The MP6 gene signature correlated strongly with advanced tumor stage, lymph node involvement, and lymphovascular infiltration. CNV analysis revealed extensive chromosomal alterations, particularly chromosome 19 deletion, indicating genomic instability. Cell-cell communication analysis demonstrated active crosstalk between MP6 tumor cells and cancer-associated fibroblasts, including WNT and BMP signaling pathways, indicating that stromal crosstalk may contribute to the establishment of a pro-tumorigenic microenvironment. Transcription factor network inference further identified elevated activity of regulators such as TFCP2 and ELF1, implicating them in the acquisition of aggressive phenotypes. Immunohistochemical validation supported the clinical relevance of selected MP6-associated targets. Collectively, these findings define a clonally evolved epithelial subtype associated with lymphatic invasion and provide mechanistic insights into tumor cell plasticity and stromal-epithelial interactions underlying bladder cancer progression.Copyright © 2026 Luo, Liu, Zhu, Lin, Li, You, Chen, Kang and Zeng.",Journal Article,Luo Y; Liu X; Zhu S; Lin P; Li J; You J; Chen Z; Kang Z; Zeng J,not_signature_like_title,not_signature_like_title
42436233,10.1038/s41598-026-61819-6,2026,Scientific reports,Associations between the intratumoral microbiome and the host transcriptome in bladder cancer and their implications for prognostic prediction.,"Intratumoral microbes significantly influence tumor progression, yet their specific roles and host interactions in bladder cancer (BLCA) remain elusive. Integrating 16 S rRNA sequencing from an in-house cohort with TCGA data, we identified Methylobacterium as prominently enriched in adjacent non-tumor tissues and tightly correlated with host transcriptomic alterations. Through LASSO regression, we constructed and externally validated a Methylobacterium-associated four-gene prognostic signature (SLC1A6, BCHE, TXNRD1, CFL2). The model robustly stratified patient outcomes; high-risk patients exhibited significantly worse survival, characterized by an immunosuppressive microenvironment with elevated M2 macrophages, regulatory T cells, and higher TIDE scores indicating immune evasion. Crucially, in vitro experiments suggested that Methylobacterium supernatant exerted tumor-suppressive effects, profoundly inhibiting BLCA cell proliferation and colony formation while modulating host gene expression (downregulating BCHE and CFL2). Collectively, this study unveils the protective potential of intratumoral Methylobacterium and proposes a novel microbe-derived signature for predicting BLCA prognosis and immune status, providing new insights into microbiota-host crosstalk for future therapeutic strategies.© 2026. The Author(s).",Journal Article,Gu J; Wang M; Zhou Z; Zhang M; Lin H; Hua Y; Zhang D; Shao J; Feng N,not_signature_like_title,not_signature_like_title
42371282,10.1007/s12672-026-05338-w,2026,Discover oncology,Targeting macrophage-associated core genes for prognostic prediction and therapeutic insights in bladder cancer.,"The study aims at investigating the function of macrophage-related genes (MRGs) within the bladder cancer immune microenvironment and exploring their potential value in prognosis prediction and therapeutic decision-making.This study integrated bladder cancer transcriptomic data from the TCGA and GEO databases along with single-cell RNA sequencing (scRNA-seq) data to systematically identify key MRGs. Differential expression analysis, weighted gene co-expression network analysis (WGCNA), and single-cell sequencing analysis served for screening for core MRGs. The results from LASSO Cox regression analysis were used for constructing a survival risk prediction model, together with the evaluation of the model's predictive accuracy. Besides, core MRGs were subjected to immune cell infiltration and drug sensitivity analyses for the elucidation of their roles in immune regulation and therapeutic response. Furthermore, key genes in the prognostic model were validated using PCR, Western blot, and immunohistochemistry.This study identified 11 core genes significantly associated with macrophages and developed a risk prediction model based on ANXA1, ST3GAL5, and VIM. The model demonstrated moderate predictive performance across all samples (AUC = 0.682), indicating potential utility for patient stratification. Immune analysis revealed that high-risk patients exhibited a distinctly immunosuppressive tumor microenvironment (TME), characterized by increased infiltration of M2 macrophages and neutrophils, along with a significant reduction in effector immune cells of CD8⁺ T cells and NK cells. Additionally, high-risk patients displayed greater sensitivity to targeted therapies but reduced sensitivity to conventional chemotherapy. According to in vitro and in vivo experiments, ST3GAL5 overexpression significantly promoted bladder cancer cell proliferation and tumor growth, underscoring its potential role in tumor progression.This study highlights the crucial impact of MRGs on the TME of bladder cancer and constructs a risk prediction model with moderate predictive performance that may assist in patient stratification, although further validation in independent cohorts is required.© 2026. The Author(s).",Journal Article,Liu H; Chu Y; Hou J; Wang Y; Li J; Qin J; Liang P; Liao G; Gu P; Liu X,not_signature_like_title,not_signature_like_title
42319469,10.1007/s00438-026-02472-6,2026,Molecular genetics and genomics : MGG,Single-cell transcriptomics identifies key immune-suppressive cells and their driver genes in the bladder cancer microenvironment with prognostic implications.,"The immunosuppressive tumor microenvironment (TME) serves as a central driver of bladder cancer (BCa) progression and prognosis. While its significance is widely acknowledged, the key cellular subsets that mediate this immunosuppressive state and their core regulatory genes remain incompletely understood. Key immunosuppressive cellular subsets and their signature genes were systematically identified using single-cell RNA sequencing (scRNA-seq) data from BCa samples. A prognostic risk model was then constructed via univariate and multivariate Cox regression analyses, based on bulk RNA-seq datasets and the identified signature genes. The role of SUSD2 was further validated in vitro using qRT-PCR, Western blot, immunofluorescence, proliferation, and invasion assays. Compared with adjacent normal tissues, BCa tissues showed significant enrichment of stromal cells (e.g., epithelial cells, fibroblasts). Among these stromal populations, the proportion of myofibroblast-like cancer-associated fibroblasts (myCAFs) was significantly increased in BCa tissues, and high myCAF infiltration was closely associated with poor patient prognosis. Pseudotime trajectory analysis confirmed that fibroblast differentiation in BCa shifts toward a terminal state (State 3), which is predominantly composed of myCAFs. A prognostic model established using myCAF-related signature genes (TMEM74B, ABCC9, FCMR, ALG9, SUSD2, and ETV7) exhibited stable predictive performance in both training and validation cohorts, with SUSD2 identified as a risk-related gene. In vitro experiments revealed that SUSD2 knockdown inhibited myCAF activation and extracellular matrix secretion, thereby attenuating its promotional effects on BCa cell proliferation and invasion. The TGF-β receptor inhibitor SB-431542could reverse the facilitative effects of SUSD2 overexpression on tumor cell proliferation and migration. Our findings identify myCAFs as a core regulatory cellular subset and SUSD2 as a key molecule within the immunosuppressive TME of BCa. Additionally, SUSD2 may trigger the activation of the TGF-β/Smad signaling cascade to induce myCAF activation, thereby accelerating BCa progression. These results provide novel potential targets and a theoretical basis for prognosis assessment and TME-targeted therapy in BCa.© 2026. The Author(s), under exclusive licence to Springer-Verlag GmbH Germany, part of Springer Nature.",Journal Article,Song W; Han G; Li Z; Hu J; Ma K,not_signature_like_title,not_signature_like_title
42251607,10.1007/s12672-026-05387-1,2026,Discover oncology,Integrative multi-omics identifies a glycosylation-based prognostic framework and nominates ALG3 for targeted therapy in bladder cancer.,"Bladder urothelial carcinoma (BLCA) exhibits heterogeneous outcomes, creating an urgent need for reliable prognostic biomarkers. Glycosylation modifications are crucial in cancer but understudied for BLCA stratification.Using clinical and transcriptomic data from The Cancer Genome Atlas (TCGA) and glycosylation-related genes from the Gene Set Enrichment Analysis (GSEA) database, we constructed a prognostic signature via LASSO regression. It was validated using receiver operating characteristic (ROC) curve and stratified survival analyses. The key gene, alpha-1,3-mannosyltransferase (ALG3), was experimentally validated.A novel 9-glycosylation-mRNA signature effectively stratified BLCA patients into distinct risk groups with significant overall survival differences. The model showed robust predictive accuracy (AUC) and remained independent of common clinicopathological factors. We identified ALG3 as central to the signature, confirming its elevated tumor expression and critical role in promoting cancer cell proliferation.We established a potent, glycosylation-based prognostic model for BLCA. Functional validation of ALG3 underscores glycosylation's biological importance in tumor progression and highlights its therapeutic potential.© 2026. The Author(s).",Journal Article,Feng W; He W,not_signature_like_title,not_signature_like_title
41794187,10.1016/j.taap.2026.117784,2026,Toxicology and applied pharmacology,"Unraveling the connection between PFOA and bladder cancer: A study integrating network toxicology, molecular docking, and experimental validation.","PFOA, an environmental pollutant linked to bladder cancer, has unclear molecular mechanisms. Integrating transcriptomic data with network toxicology and machine learning, we identified 125 shared genes related to PFOA and bladder cancer. Machine learning refined a 16-gene prognostic signature. Molecular docking revealed NUDT1 as the top candidate with strong PFOA binding affinity. Functional experiments showed PFOA upregulates NUDT1, enhancing bladder cancer cell proliferation and migration. NUDT1 knockdown attenuated these malignant effects and partially reversed PFOA's impact. Thus, PFOA promotes bladder cancer progression via NUDT1 interaction, positioning NUDT1 as a potential biomarker and therapeutic target for PFOA-associated carcinogenesis.Copyright © 2024. Published by Elsevier Inc.",Journal Article,Yan H; Yin C; Xu F; Li R,not_signature_like_title,not_signature_like_title
41388608,10.1002/2211-5463.70179,2026,FEBS open bio,Tumor-stromal crosstalk and macrophage enrichment are associated with chemotherapy response in bladder cancer.,"Gemcitabine/Cisplatin (Gem/Cis) chemotherapy is a standard treatment for muscle-invasive bladder cancer (MIBC) but yields suboptimal response rates. The contribution of tumor-stromal crosstalk and macrophage recruitment to chemoresistance remains poorly understood. This study investigated these mechanisms using a functional ex vivo bladder cancer tissue slice model combined with n = 64 spatial transcriptomics. Spatial analysis revealed transcriptomic changes involving the immunomodulating gene SPP1 that has been also recently presented as a putative predictive biomarker for neoadjuvant chemotherapy in bladder cancer. Moreover, Non-Responders exhibited upregulation of chemokines including CXCL1 and CXCL8 and enrichment of immunoregulatory M2 macrophages in tumor regions, suggesting active macrophage recruitment from the stroma. On the contrary, Responders showed upregulation of complement components, proinflammatory macrophage subsets and signals associated with cytotoxic lymphocyte recruitment. Tissue slices corresponding cell cultures confirmed overexpression of immunomodulating markers including checkpoints PD-L1 and PD-L2 in Non-Responder cancer cells upon Gem/Cis treatment. Using TCGA bladder cancer data, the transcriptomic gene set was further validated revealing a prognostic signature associated with patients' outcome. These findings uncover a novel mechanism of chemotherapy resistance in bladder cancer driven by tumor-stromal interactions and macrophage recruitment and suggest that targeting macrophage infiltration may improve chemotherapy response in bladder cancer.© 2025 The Author(s). FEBS Open Bio published by John Wiley & Sons Ltd on behalf of Federation of European Biochemical Societies.",Journal Article,Leypold S; Riese J; Seillier L; Kühnel M; Pannhausen J; Fröhlich COJ; Martin C; Boor P; Saar M; Jonigk DD,not_signature_like_title,not_signature_like_title
42279297,10.3390/cancers18111713,2026,Cancers,Abnormal Sialylation Promotes Chemotherapy Resistance in Bladder Cancer via the PI3K-AKT-mTOR Signaling Pathway.,"Aberrant glycosylation is closely associated with tumor progression, changes in the tumor microenvironment, and chemoresistance. This study aimed to identify prognostic sialylation-related genes in bladder cancer and define the role of ST3GAL6 in gemcitabine-cisplatin resistance.Molecular subtype analysis, prognostic analysis, and risk model construction were performed for sialylation-related genes using transcriptomic data and clinical information from the TCGA database. GC-resistant bladder cancer cell models were established for transcriptomic sequencing and untargeted metabolomic analysis. Cell proliferation and drug sensitivity assays were performed to evaluate the function of ST3GAL6. The regulatory relationship between IGF2BP3, ST3GAL6, and the PI3K pathway was further assessed by combining database analysis with molecular experiments.Sialylation-related molecular patterns were associated with patient prognosis and tumor microenvironment features, particularly fibroblast-related characteristics, in bladder cancer. The key model gene ST3GAL6 was upregulated in bladder cancer tissues and was closely associated with prognosis. In GC-resistant bladder cancer cells, ST3GAL6 expression was significantly increased and accompanied by enhanced sialylation activity. ST3GAL6 promoted bladder cancer cell proliferation and reduced sensitivity to cisplatin and gemcitabine, at least in part through the PI3K-AKT-mTOR pathway. IGF2BP3 was also upregulated in resistant cells, is positively correlated with ST3GAL6, and may help maintain ST3GAL6's expression by stabilizing its mRNA.Our findings suggest that aberrant sialylation is involved in bladder cancer progression and GC resistance. The IGF2BP3-ST3GAL6-PI3K/AKT/mTOR signaling axis may contribute to this process and may serve as a potential biomarker and therapeutic target in bladder cancer.",Journal Article,Zhu J; Wang A; Tong H; Sun Y; Li T; Wu L; Zhang X; Qin Z; He W,not_signature_like_title,not_signature_like_title
42220482,10.3389/fimmu.2026.1797389,2026,Frontiers in immunology,Identification of succinylation-related genes in bladder cancer: integration of single-cell and transcriptomic data.,"Bladder cancer (BLCA) exhibits a poor prognosis, highlighting the urgent need for reliable prognostic genes. Although succinylation is linked to tumor progression, its role in BLCA remains understudied. This study aimed to identify and validate prognostic succinylation-related genes (SRGs) in BLCA and elucidate their impact on the tumor microenvironment (TME).SRGs were initially identified through transcriptomic sequencing of 15 paired BLCA and adjacent normal tissues (Soochow-BLCA cohort) and further refined by integrating single-cell and bulk transcriptomic data from The Cancer Genome Atlas (TCGA) and Gene Expression Omnibus (GEO) datasets. A prognostic risk model was developed using LASSO and multivariable Cox regression, incorporating clinical factors for nomogram construction. Mechanistic insights were obtained through functional enrichment, immune profiling, somatic mutation, and drug sensitivity analyses. The Scissor algorithm mapped bulk transcriptome risk signatures to single-cell resolution, enabling identification of high-risk cell subpopulations. Pseudotime and cell-cell communication analyses characterized dynamic expression patterns of the core genes. Finally, the expression profiles and functional roles of the core genes were validated using RT-qPCR and CCK-8 proliferation assays in vitro.KCTD16, CD3D and GSDMB were identified as prognostic genes. The risk score derived from these genes, in combination with age and N stage, was incorporated into a risk model that exhibited robust predictive accuracy (AUC > 0.7). Expression of these genes differed significantly between non-muscle-invasive and muscle-invasive subtypes. The high-risk group displayed enhanced immune evasion (higher TIDE score, p < 0.001), while the TME appeared to be in an ""inflamed yet dysfunctional"" state. Single-cell analysis indicated epithelial cells as key subpopulations, with additional involvement of T cells and fibroblasts. Scissor+ cells were correlated with the high-risk phenotype and exhibited pseudotime-dependent expression patterns. RT-qPCR revealed significant upregulation of GSDMB and downregulation of KCTD16 and CD3D in BLCA (p < 0.05). Functionally, knockdown of GSDMB and KCTD16 significantly promoted T24 cell proliferation, supporting their tumor-suppressive roles.The succinylation-related prognostic model accurately predicts outcomes in BLCA, reveals links to immune escape and TME, and highlights the pivotal role of epithelial cells, offering potential targets for individualized therapy.Copyright © 2026 Yang, You, Mo, Pu, Shen and Miao.",Journal Article,Yang J; You Z; Mo H; Pu J; Shen G; Miao Z,not_signature_like_title,not_signature_like_title
42164400,10.21037/tau-2025-1-888,2026,Translational andrology and urology,Bioinformatics analysis and experimental approach identify BRD-family gene DSP as a diagnostic and prognostic indicator in bladder cancer.,"As a highly prevalent malignant tumor within the urinary system, bladder cancer (BLCA) is manifested as frequent recurrence and substantial prognostic heterogeneity. The development of BLCA is strongly linked to epigenetic dysregulation. Bromodomain-containing proteins (BRDs)-related genes (BRDRGs) serve as critical regulators across various cancers. However, the expression profiles, prognostic significance, and influence on the tumor immune microenvironment (TIME) of BRDRGs in BLCA remain underexplored. This study aimed to systematically explore the expression and prognostic significance of BRD-related genes in BLCA and to construct a BRD-based prognostic model.Utilizing transcriptomic data within The Cancer Genome Atlas (TCGA) and the Gene Expression Omnibus (GEO) for BLCA, BRDRGs were screened through GeneCards. Consensus clustering was leveraged to define BRD molecular subtypes. Differential expression analysis was implemented to ascertain BRD co-expressed genes, and we intersected them with differentially expressed genes (DEGs) between tumor and normal samples in TCGA-BLCA to obtain differentially expressed BRD genes (DE-BRDRGs). A prognostic risk model was developed utilizing univariate Cox and least absolute shrinkage and selection operator (LASSO) regression, followed by survival analysis, receiver operating characteristic (ROC) evaluation, and nomogram validation. Associations between the model and immune characteristics with immunotherapy response were estimated utilizing Cell-type Identification By Estimating Relative Subsets Of RNA Transcripts (CIBERSORT), Tumor Immune Dysfunction and Exclusion (TIDE), and pRRophetic analyses. Gene set enrichment analysis (GSEA) was implemented to ascertain functions of key genes. In vitro, the key gene DSP was knocked down utilizing small interfering RNA (siRNA). Reverse transcription quantitative polymerase chain reaction (RT-qPCR) and Western blot were implemented to verify the effectiveness of knockdown, while Cell Counting Kit-8 (CCK-8) was leveraged to evaluate the proliferation of BLCA cells.In total, 1,572 upregulated genes and 1,111 downregulated genes were ascertained from TCGA-BLCA, with 36 DE-BRDRGs ultimately ascertained through the intersection of BRD co-expressed genes. Seven genes (DSP, DSC2, HSPG2, GJA1, TXNRD1, PCDHGC3, and PEG10) were chosen to formulate the risk model. In TCGA-BLCA, the area under the curve (AUC) values within 1, 2, and 3 years were 0.620, 0.665, and 0.682. In GSE13507, the AUC values within 1, 2, and 3 years were 0.730, 0.655, and 0.664. Marked distinctions were observed between high- and low-risk cohorts regarding immune cell infiltration (e.g., Tregs and CD8+ T cells) and immunotherapy response. GSEA indicated that key genes contributed to the progression of BLCA through pathways like the cell cycle and PI3K-Akt signaling. In vitro experiments denoted that DSP knockdown considerably inhibited the proliferation of BLCA cells, and the knockdown was effective, suggesting its pro-tumorigenic role.This research ascertained seven key BRDRGs and comprehensively analyzed their functions in BLCA. In vitro experimental validation demonstrated that DSP exerts tumor-promoting effects and represents a potential therapeutic target. The established BRD-based prognostic model offers a novel strategy for risk stratification and personalized management of individuals with BLCA.© AME Publishing Company.",Journal Article,Liu Z; Tan T; Li S; Wang Y,not_signature_like_title,not_signature_like_title
42002631,10.1007/s00345-026-06406-0,2026,World journal of urology,A molecular landscape tracking the progression of non-muscle invasive bladder cancer.,"We aim to report transcriptomic biomarkers derived from available open-access studies that can reliably monitor the progression of bladder tumors from non-invasive (non-muscle-invasive bladder cancer, NMIBC) to invasive stages (muscle-invasive bladder cancer, MIBC) of bladder cancer, as well as within the different stages of NMIBC. These biomarkers hold exciting potential for use in clinical settings, offering valuable insights for both diagnosis and prognosis.A comprehensive literature review on bladder cancer studies was conducted in primary bibliographic databases, selecting gene expression studies that illustrate bladder tumor progression, either alone or within gene-set datasets.A plethora of dysregulated gene expression signatures guide the evolution of bladder cancer through its progressive forms and predict the oncological outcomes for cancer patients. The oncotarget genes and abnormalities in the mitotic spindle play a significant role in promoting tumor development and progression. At the cellular level, substantial tumor morphological changes in the urothelium and extracellular matrix support this process.The molecular snapshot of biomarkers reflects the heterogeneity of bladder tumors during their progression. Despite this relevance, none of these biomarkers has yet been implemented in the clinical management of bladder cancer. However, this evidence supports their potential future clinical utility for stratifying bladder cancer patients and aiding the development of targeted drug therapies.The online version contains supplementary material available at 10.1007/s00345-026-06406-0.",Journal Article; Review,Cesta G; Zolfanelli C; Lauciello V; Lorusso V; Di Giacomo F; Mazzone P; D'Amore T; Di Paola G; Bravoco D; Falco G,publication_type; not_signature_like_title,publication_type; not_signature_like_title
42079608,10.3389/fimmu.2026.1763443,2026,Frontiers in immunology,Identification of a migrasome-related lncRNA signature and its prognostic and immunological role in bladder cancer.,"Bladder cancer (BLCA) is a highly heterogeneous malignancy with considerable variability in clinical outcomes. Reliable biomarkers for prognosis and treatment guidance remain urgently needed. Migrasomes, recently identified cellular organelles involved in intercellular communication, have been implicated in cancer progression, yet their associated long non-coding RNAs (lncRNAs) and prognostic relevance in BLCA remain unclear.We integrated transcriptomic and clinical data from The Cancer Genome Atlas (TCGA) to identify migrasome-related lncRNAs through co-expression analysis. A prognostic signature was constructed using univariate Cox, LASSO, and multivariate regression analyses. Patients were stratified into high- and low-risk groups across training, validation, and entire cohorts. Kaplan-Meier survival, ROC curves, PCA, and Cox analyses were used for validation. Functional annotation was conducted via GO, KEGG, and GSEA. Immune infiltration and tumor microenvironment features were evaluated using ESTIMATE and CIBERSORT, while tumor mutation burden (TMB), immune escape potential, and drug sensitivity were also analyzed. Single-cell RNA sequencing (scRNA-seq) analysis delineated cellular heterogeneity and intercellular communication patterns related to the risk signature in the BLCA microenvironment. Finally, experimental validation of SEC24B-AS1, a key lncRNA within the model, was performed through qRT-PCR, CCK-8, colony formation, and migration assays to confirm its biological relevance.A robust prognostic signature comprising migrasome-related lncRNAs was established, effectively distinguishing patients into high- and low-risk groups with significantly different survival outcomes. The signature remained an independent prognostic factor after multivariate adjustment. Functional enrichment analyses revealed marked biological distinctions between the two groups. Immune profiling showed higher immune and stromal scores in high-risk patients, together with distinct immune cell composition and function. High-risk tumors also exhibited elevated TMB and increased immune evasion potential. Drug sensitivity analysis identified compounds with differential responses between risk subgroups. Single-cell transcriptomic analysis indicated that the signature reflects cellular heterogeneity and intercellular communication patterns within the BLCA microenvironment. Experimental validation of SEC24B-AS1, a key lncRNA in the model, demonstrated its impact on tumor cell proliferation and migration, supporting the biological relevance of the prognostic signature in BLCA.This study presents a novel migrasome-related lncRNA signature that independently predicts survival in bladder cancer and reflects the tumor immune landscape.Copyright © 2026 Shen, Wang, Li, Guan, Zhang, Li, Zhang, Liu, Tian and Shang.",Journal Article,Shen J; Wang C; Li T; Guan H; Zhang M; Li R; Zhang Y; Liu L; Tian J; Shang Z,non_mrna_title,non_mrna_title
40973873,10.1093/jmcb/mjaf032,2026,Journal of molecular cell biology,The tumor-associated fibroblasts regulate urothelial carcinoma progression.,"Tumor-associated fibroblasts (CAFs) regulate tumorigenesis, tumor cell proliferation, and metastasis via secreting related regulatory factors; however, the role of CAFs in regulating the development of upper tract urothelial carcinoma (UTUC) remains unclear. Here, by utilizing single-cell RNA sequencing, single-nucleus RNA sequencing, SpaTial enhanced resolution omics-sequencing, and UTUC immunofluorescence chip cohort to construct the first comprehensive microenvironmental atlas of CAFs, we investigated the roles of CAFs in UTUC progression. Through hierarchical clustering and the copy number variation scores of UTUC epithelial cells, we classified tumor epithelial cells into high-malignant, medium-malignant, and low-malignant potential categories. We found pronounced interaction signals between different CAF subclusters and all three types of epithelial cells, among which high-malignant epithelial cells exhibited the most significant communication signals with the myofibroblastic CAFs1 (myCAFs1) and myCAFs2 subclusters, and FN1 and COL1A1 generated by CAFs played critical roles in this process, suggesting that the progression of UTUC may be attributed to the activation of tumor cells by CAFs. Additionally, both myCAFs1 and myCAFs2 simultaneously affect bladder urothelial carcinoma (BUC) prognosis, with the risk model showing good consistency across cohorts. Therefore, this study constructs a multi-omics landscape of UTUC and identifies common prognostic markers shared with BUC.© The Author(s) (2025). Published by Oxford University Press on behalf of Journal of Molecular Cell Biology, CEMCS, CAS.",Journal Article,Xiao Y; Yang J; Sun M; Li Y; Liu Q; Leng J; Yang M; Wang J; Li H; Yang C,not_signature_like_title,not_signature_like_title
41668898,10.1097/CU9.0000000000000306,2026,Current urology,Revealing the function and mechanism of piRNA-related genes in bladder cancer through single-cell sequencing and methylation analyses and construction of prognostic features based on consensus clustering.,"This study aimed to explore the functions and potential mechanisms of PIWI-interacting RNA-related genes (piRPGs) in bladder cancer (BC) development and to identify potential prognostic genes.This study used differential analysis and machine learning techniques to identify the differentially expressed piRPGs in BC. Consensus clustering was performed on The Cancer Genome Atlas-Urothelial Bladder Carcinoma dataset, and univariate and multivariate analyses were conducted to construct a BC prognostic model consisting of 3 piRPGs. Kaplan-Meier survival curves were used for survival analysis. Quantitative polymerase chain reaction was performed to validate the expression levels of piRPGs in BC cells and tissues. The functional roles and potential mechanisms of piRPGs in BC were investigated via single-cell sequencing and differentially methylated position sequencing. The DSigDB and CellMiner databases were used to screen for small-molecule drugs associated with piRPGs.This study identified 6 piRPGs that were significantly associated with BC: MAPK13, INHBA, LAMB2, DDX3X, TARBP2, and CDK2. A prognostic model comprising MAPK13, INHBA, and LAMB2 was constructed using consensus clustering technology. Kaplan-Meier curves demonstrated significantly prolonged survival in cluster 2 compared with cluster 1 (p < 0.01), validating the effectiveness of the prognostic model. Single-cell sequencing confirmed that MAPK13 expression was significantly upregulated in bladder tissues (p < 0.001). Methylation site sequencing and methylation-specific polymerase chain reaction revealed significantly decreased methylation levels of INHBA and MAPK13 in BC tissues, which were inversely correlated with their expression levels.This study effectively developed a 3-gene prognostic signature comprising MAPK13, INHBA, and LAMB2 using consensus clustering and multifactorial logistic regression. In addition, the functional roles and intrinsic mechanisms of piRPGs in bladder carcinogenesis were comprehensively explored using single-cell sequencing, methylation sequencing, and functional enrichment analysis.Copyright © 2025 The Authors. Published by Wolters Kluwer Health, Inc.",Journal Article,Sun X; Jia D; Song X; Jiang Y; Wu F; Ning H; Lyu J,not_signature_like_title,not_signature_like_title
41144872,10.1097/JU.0000000000004828,2026,The Journal of urology,Intratumoral Expression of a Composite B Cell / CD8 T Cell Biomarker Stratifies Overall Survival by Circulating Tumor DNA Status and Benefit From Adjuvant Immunotherapy in High-Risk Muscle-Invasive Urothelial Carcinoma.,"Identifying biomarkers to determine patients who benefit from immune checkpoint inhibitor therapy is critical to avoid overtreatment. Thus, we determined whether tumor expression of a pan-B cell gene signature (BGS), and a CD8 T effector cell gene signature (CD8TGS), was associated with greater overall survival (OS) in patients with high-risk muscle-invasive urothelial carcinoma (MIUC) and circulating tumor DNA (ctDNA)(+) status on C1D1, who received adjuvant atezolizumab.We used transcriptomic profiles derived from bulk RNA sequencing of tumors, and plasma ctDNA, from patients in the IMvigor010 trial of adjuvant atezolizumab vs observation in resected high-risk MIUC. Tumor RNA sequencing expression defined patient groups with high (Hi) and low (Lo) BGS and CD8TGS (eg, B8T). We stratified patients by ctDNA status, then assessed OS based on receipt of atezolizumab. We interrogated tumor B8T in patients with MIUC who received neoadjuvant atezolizumab in the ABACUS trial.Patients who had high BGS and high CD8TGS (B8T Hi/Hi) tumors had high OS, and adjuvant atezolizumab did not provide additional benefit. Conversely, in patients with B8T Hi/Lo tumors, atezolizumab was associated with longer OS, regardless of ctDNA status. Neoadjuvant atezolizumab induced a high proportion of B8T Hi/Hi tumors at cystectomy.While tumor B8T Hi/Hi was prognostic regardless of ctDNA status, B8T Hi/Lo was predictive for atezolizumab benefit independent of ctDNA status. Thus, the B8T identified patients with ctDNA(-) status who benefited, and patients who were ctDNA(+) who did not benefit, from adjuvant atezolizumab.",Journal Article,Elias R; Aragaki AK; Hoffman-Censits JH; Hahn NM; McConkey DJ; Johnson BA,not_signature_like_title,not_signature_like_title
41836296,10.3389/fcell.2026.1732999,2026,Frontiers in cell and developmental biology,FAM-related prognostic molecular subtype screening identified epithelial-derived MAOA-inhibiting bladder cancer.,"Fatty acid metabolism (FAM) is essential for cancer cell proliferation and progression, contributing to membrane synthesis, energy storage, and signaling molecule production. However, effective therapeutic strategies targeting FAM are yet to be established in clinical practice. This study aimed to develop a novel FAM-related prognostic signature for bladder cancer (BLCA) and investigate its biological and clinical significance.We analyzed 359 BLCA samples and constructed a four-gene FAM-RiskScore (FAMR) signature based on FAM-related genes. Unsupervised clustering was performed to classify BLCA into molecular subtypes. The FAMR model was validated using internal and external cohorts. Functional enrichment, immune infiltration, and single-cell RNA sequencing analyses were conducted to explore underlying biological mechanisms. In vitro experiments, including proliferation and migration assays, were performed in T24 and 5637 bladder cancer cells following MAOA knockdown.BLCA samples were classified into two subtypes (C1 and C2), with C1 showing better overall survival, enhanced steroid metabolism, downregulated chemokine signaling, and lower immune scores. The FAMR signature comprising PATZ1, TTC6, AEBP1, and MAOA was established. High FAMR scores-associated with low PATZ1, TTC6, MAOA, and high AEBP1 expression-predicted poor prognosis. FAMR positively correlated with pathways related to chemotaxis, inflammation, and cytoskeleton regulation, but negatively with fatty acid metabolism pathways. Higher FAMR scores were observed in females, patients aged >60, and advanced-stage tumors. Single-cell analysis revealed AEBP1 was mainly expressed in cancer-associated fibroblasts, while MAOA was enriched in cancer cells. Functional studies demonstrated that MAOA knockdown significantly enhanced proliferation and migration of bladder cancer cells in vitro.We developed and validated a novel FAM-related risk signature that effectively predicts prognosis in BLCA. Our findings highlight MAOA as a potential tumor suppressor in bladder cancer, warranting further investigation as a therapeutic target. This FAMR model may facilitate risk stratification and inform personalized treatment strategies for bladder cancer patients.Copyright © 2026 Yu, Lei, Yang, Cao, Zhang, Wang, Dong, Chen, Su, Huang, Xu, Zhuo and Lin.",Journal Article,Yu H; Lei Q; Yang W; Cao M; Zhang M; Wang T; Dong J; Chen X; Su X; Huang Y,not_signature_like_title,not_signature_like_title
41715136,10.1186/s12967-026-07857-0,2026,Journal of translational medicine,"Single-cell transcriptomic analysis and machine learning identify ATAD3A as a key gene that stabilizes mitochondrial-endoplasmic reticulum membranes, promoting bladder cancer progression.","Mitochondria-associated endoplasmic reticulum membranes (MAM) play a critical regulatory role in cancer, yet their function in bladder cancer (BCa) remains unclear.This study conducted a comprehensive analysis of extensive RNA sequencing and single-cell transcriptomic data. A MAM risk feature model was constructed and evaluated using LASSO-Cox regression, Kaplan-Meier survival curves, and receiver operating characteristic (ROC) analysis. Cell communication networks were decoded using CellChat, and tumor-infiltrating immune cells were quantified through CIBERSORT. Machine learning, OncoPredict, Scissor algorithm, and spatial transcriptomics were employed to analyze chemical reactions. The tumor-promoting functions and molecular mechanisms of ATAD3A were validated through cell and animal models, as well as transmission electron microscopy and fluorescence confocal microscopy.This study systematically delineates the gene expression profile of MAM in BCa and constructs a robust MAM prognostic signature that effectively predicts poor patient outcomes. A high MAM score is significantly associated with an immunosuppressive microenvironment and chemotherapy resistance. Using machine learning, we developed a random forest model that successfully identified ATAD3A as a key gene predicting cisplatin resistance, which is significantly correlated with platinum resistance at both single-cell and spatial transcriptomic levels. Further validation shows that ATAD3A is highly expressed in BCa tissue, and its knockdown significantly suppresses tumor growth. Mechanistically, ATAD3A maintains MAM structural integrity, regulates mitochondrial calcium homeostasis and membrane potential, thereby promoting cellular homeostasis and enhancing chemotherapy resistance.This study connects MAM to BCa chemotherapy resistance through machine learning and multi-omics analysis, establishing ATAD3A as a prognostic biomarker and potential therapeutic target in BCa.© 2026. The Author(s).",Journal Article,Zhang H; Han S; Su Z; Zheng Z; Ru D; Xu B; Jiang X; Zhao F,not_signature_like_title,not_signature_like_title
41656395,10.1007/s10142-025-01807-7,2026,Functional & integrative genomics,The BCAA metabolism-related gene BCAT1 promotes the progression of bladder urothelial carcinoma through the PI3K/AKT/mTOR signalling pathway.,"The role and molecular mechanisms of branched-chain amino acid (BCAA) metabolism in bladder urothelial carcinoma (BLCA) have not been fully elucidated. In this study, genes associated with BCAA metabolism were identified and analysed. Based on the TCGA-BLCA dataset, BCAA metabolism-related clusters were established. The analysis revealed significant differences among clusters in terms of survival outcomes, biological functions, and immune infiltration. Hub genes were identified using Cox and LASSO regression analyses, leading to the construction of a four-gene prognostic model that included BCAT1. Patients were categorised into high- and low-risk groups, with the high-risk group showing a markedly higher risk of mortality. Key module genes were determined through weighted gene coexpression network analysis, and BCAT1 was ultimately identified as the core gene involved in BCAA metabolism. High BCAT1 expression was strongly associated with poor prognosis. Single-cell RNA sequencing data revealed that BCAT1 was highly expressed in malignant epithelial cells and correlated with the immune microenvironment. Experimental validation demonstrated that BCAA uptake and metabolism were enhanced in BLCA and that BCAT1 upregulation promoted tumour progression and epithelial-mesenchymal transition by activating the PI3K/AKT/mTOR pathway. Molecular docking and virtual screening further identified folic acid as a compound capable of binding to the BCAT1 protein and inhibiting the migration and invasion of BLCA cells. In conclusion, this study demonstrates that BCAT1 plays a pivotal role in BLCA progression by regulating the PI3K/AKT/mTOR pathway, suggesting its potential as a novel therapeutic target for BLCA.",Journal Article,Xin S; Li G; Zhao L; Su J; Li R; Qin W; Zhang Z; Wang C; Zhu Y; Feng L,not_signature_like_title,not_signature_like_title
41727459,10.3389/fimmu.2026.1561666,2026,Frontiers in immunology,Prognostic significance of calcium signaling-related genes in bladder cancer and the role of ATP2B4 in regulating mitochondrial calcium ion levels via the VDAC1/MCU pathway.,"Calcium signaling, as a ubiquitous intracellular signal in eukaryotes, has been impacted in multiple biological processes encompassing tumorigenesis. Nevertheless, the integrated investigations on the function and prognostic value of genes correlated to calcium signaling in bladder cancer (BLCA) were still lacking.The transcriptome data and clinical data from BLCA patients were obtained from TCGA and GEO databases. Genes associated with calcium signaling that are differentially expressed in normal and malignant tissues were identified. Cox analysis and the least absolute shrinkage and selection operator (LASSO) analysis were employed to identify prognostic genes and develop a prognostic signature. The tuning parameter (λ) for LASSO regression was determined by cross-validation. The outcomes were then confirmed using an external independent dataset (GSE32894). The prognostic signature's reliability was assessed utilizing Kaplan-Meier, PCA, t-SNE, and ROC analyses. Furthermore, both univariate and multivariate Cox regression studies were undertaken to ensure if the prognostic signature functioned as an autonomous prognostic indication. Moreover, we examined the connection between the immune cell infiltration, the tumor mutation burden (TMB), and the prognostic signature. The Genomics of Drug Sensitivity in Cancer (GDSC) database and the IMvigor210 dataset were deployed to forecast the treatment reactions of the prognostic signature. Ultimately, the functionality of ATP2B4 was confirmed by in vitro and in vivo tests.Thirty-two differentially expressed calcium signaling-correlated genes were identified in the TCGA dataset. A prognostic signature containing six genes (ATP2B4, BDKRB2, EDNRA, PDGFRA, EGFR, and ADCY7) was ascertained to anticipate the overall survival of BLCA. Furthermore, a nomogram containing risk scores with age was developed to anticipate the BLCA patient's prognosis. In addition, patients among the high- and low-risk groups displayed significant variation in TMB, immune infiltration landscape, and response to chemotherapy and immunotherapy. ATP2B4 has been recognized as a pivotal oncogenic gene. The suppression of ATP2B4 results in elevated cytoplasmic calcium ion(Ca2+) concentrations, which in turn activate the VDAC1/MCU pathway. This activation facilitates the transfer of Ca2+ from the cytoplasm to the mitochondria, culminating in mitochondrial Ca2+ overload and ultimately inducing apoptosis in bladder urothelial carcinoma (BLCA) cells.Collectively, we have developed a unique genetic signature that is based on genes associated with calcium signaling. This signature possesses the capacity to precisely anticipate the survival prognosis and therapeutic response of BLCA patients and might have a crucial role in guiding clinical treatment. Furthermore, ATP2B4 has been identified as a crucial oncogenic gene. The downregulation of ATP2B4 leads to mitochondrial Ca2+ overload, ultimately resulting in apoptosis of BLCA cells.Copyright © 2026 Zhang, Gong, Chen, Li, Wang, Wang, Ding and Li.",Journal Article,Zhang L; Gong Y; Chen J; Li M; Wang X; Wang W; Ding Q; Li Y,not_signature_like_title,not_signature_like_title
41685329,10.3389/fimmu.2026.1710823,2026,Frontiers in immunology,Transcriptome and single-cell RNA sequencing analysis with 101 machine learning combinations and experimental verification reveals the mechanism of action of mannose metabolism in bladder cancer.,"Bladder cancer (BLCA) is a prevalent genitourinary malignancy characterized by high recurrence and mortality rates. While mannose metabolism has demonstrated anti-tumor potential across various cancers, its role in BLCA remains underexplored. This study examines the influence of mannose metabolism on BLCA prognosis.BLCA-related datasets and genes associated with mannose metabolism (MMRGs) were obtained from public databases. Candidate genes were identified by overlapping differentially expressed genes with MMRGs. Prognostic genes were pinpointed using ten machine learning algorithms and regression analysis to develop a risk model, which was subsequently validated. A nomogram was constructed by integrating the risk score with clinical features, and its predictive accuracy was assessed. We performed functional enrichment, drug sensitivity, reverse transcription-quantitative polymerase chain reaction (RT-qPCR), Western blotting, immunohistochemistry, and immune infiltration analyses. Key cellular components were identified, and further analyses, including pathway enrichment, pseudo-temporal analysis, and cell communication, were performed.CALR, SLMAP, PFKFB4, and TMTC1 were identified as prognostic genes in BLCA. Notably, the expression of SLMAP and TMTC1 was significantly downregulated in BLCA, whereas PFKFB4 and CALR were upregulated. These findings were consistently validated by RT-qPCR, Western blotting, and immunohistochemical analyses (p < 0.05). The risk model stratified patients into a high-risk group (HRG) and a low-risk group (LRG), with HRG patients exhibiting significantly poorer survival outcomes. The risk score was identified as an independent prognostic factor, and the nomogram demonstrated high diagnostic accuracy. Notable differences between HRG and LRG patients were observed in the ""Ribosome"" pathway. Additionally, 86 chemotherapeutic drugs exhibited significant differential responses between HRG and LRG, with 23 immune cell types showing differential abundances, including activated dendritic cells (p < 0.05). Single-cell analysis revealed macrophages as key cells in BLCA, which were classified into five subtypes, with CALR, SLMAP, and PFKFB4 influencing their expression.Four mannose metabolism-related prognostic genes were identified in BLCA, and macrophages were confirmed as critical cells. These findings provide valuable insights for improving prognostic assessment in BLCA.Copyright © 2026 Li, Zhao, Wang and Shi.",Journal Article,Li A; Zhao K; Wang T; Shi G,not_signature_like_title,not_signature_like_title
41230155,10.21037/tau-2025-528,2025,Translational andrology and urology,Identification of molecular subtypes and prognostic risk model of glucocorticoid-related lncRNAs in bladder cancer to evaluate prognosis and immunological characteristics.,"Bladder cancer (BC) heterogeneity presents significant challenges in prognosis and personalized therapy. Long non-coding RNAs (lncRNAs) have been increasingly considered to be critical regulatory elements in tumor biology, and glucocorticoids exert complex effects on tumor biology. This investigation aimed to recognize glucocorticoid-related lncRNAs (GR-lncRNAs) and construct a prognostic signature for BC, elucidating their roles in subtype identification, prognosis, and immune characteristics.We retrieved messenger RNA (mRNA) expression profiles, mutation information, and clinical data for BC from The Cancer Genome Atlas (TCGA) repository. Glucocorticoid-associated genes were identified from GeneCards. Differentially expressed GR-lncRNAs were screened employing limma and Spearman correlation. We utilized univariate Cox regression, the least absolute shrinkage and selection operator (LASSO) method, and multivariate Cox regression analyses to generate the prognostic signature. We performed immune infiltration analysis [single-sample gene set enrichment analysis (ssGSEA), CIBERSORT, ESTIMATE, immunophenoscore (IPS), and Tumor Immune Dysfunction and Exclusion (TIDE)], enrichment analysis [gene set enrichment analysis (GSEA), Gene Ontology (GO), and Kyoto Encyclopedia of Genes and Genomes (KEGG)], tumor mutational burden (TMB) assessment, and drug sensitivity prediction. Furthermore, molecular subtypes relying on GR-lncRNAs were classified through non-negative matrix factorization (NMF) clustering.Seven GR-lncRNAs were identified to establish a prognostic framework with strong predictive capability. Patients with high-risk status had significantly unfavorable survival prognoses, higher immune checkpoint (ICP) expression, and suppressed immune infiltration. Functional enrichment analysis revealed distinct biological processes (BPs) and pathways between risk groups. Two molecular subtypes based on these lncRNAs displayed divergent survival patterns and immune profiles, indicating potential therapeutic implications.Our study presents a novel GR-lncRNA-based prognostic model and molecular subtypes for BC, providing valuable insights into disease heterogeneity and offering potential biomarkers for improved prognostic assessment and personalized therapeutic strategies.Copyright © 2025 AME Publishing Company. All rights reserved.",Journal Article,Yu L; Gao S; Li D; Chen X,non_mrna_title,non_mrna_title
41230137,10.21037/tau-2025-365,2025,Translational andrology and urology,"Integrating transcriptomics, single-cell omics, and deep learning-based histopathological features to identify OLFML3 in bladder cancer.","Bladder cancer (BCa) represents the most common malignancy of the urinary system, characterized by a high recurrence rate, with approximately 61% of patients experiencing recurrence within 1 year post-surgery. Current monitoring methods, such as cystoscopy and urine cytology, are constrained by low sensitivity and patient discomfort. This study employed multi-omics data to investigate the role of OLFML3 in BCa recurrence, with the aim of enhancing the accuracy of recurrence prediction and improving clinical management.This study utilized RNA sequencing (RNA-seq) data and clinical information from The Cancer Genome Atlas (TCGA) to analyze patients with BCa, stratifying them into relapse and non-relapse groups. Weighted gene co-expression network analysis (WGCNA) was performed to identify gene modules associated with 1-year BCa recurrence. Subsequently, univariate Cox regression and least absolute shrinkage and selection operator (LASSO) Cox regression analyses were conducted to select eight prognostic genes, and a risk model was developed and validated in both TCGA and Gene Expression Omnibus (GEO) datasets. Additionally, single-cell RNA sequencing (scRNA-seq) data from Guangdong Provincial Second People's Hospital were analyzed to evaluate gene expression across high and low tumor stromal BCa subtypes and explore the relationship between the expression of these eight genes and clinical features. A deep learning model based on the ResNet50 architecture was developed to predict OLFML3 expression in hematoxylin and eosin-stained images. Statistical analysis was performed using R software (version 4.4.2), with significance set at P<0.05.WGCNA identified gene modules associated with BCa recurrence, with the red module exhibiting a significantly positive correlation with recurrence status. Through univariate and LASSO Cox regression analyses, we selected eight prognosis-related genes. Kaplan-Meier survival analysis demonstrated that these genes effectively differentiated between high- and low-risk groups, with statistically significant survival differences observed in both TCGA and GEO datasets. Further Kaplan-Meier survival analysis of each of the eight genes indicated that high OLFML3 expression was associated with lower survival rates. scRNA-seq revealed differential expression of OLFML3 between high and low tumor stromal subtypes, suggesting that OLFML3 may be a key gene associated with 1-year BCa recurrence. High OLFML3 expression also correlated with BCa invasiveness, grade, and stage. Using a deep learning model based on BCa pathological features, we constructed a random forest (RF) model that successfully predicted high and low OLFML3 expression levels, providing novel insights for the clinical prognosis of BCa recurrence within 1 year.Multi-omics approaches effectively identified the OLFML3 gene as a critical factor potentially associated with 1-year BCa recurrence. Furthermore, a deep learning model based on pathological features was developed to predict OLFML3 expression. Further research is warranted to elucidate its role in BCa recurrence within 1 year.Copyright © 2025 AME Publishing Company. All rights reserved.",Journal Article,Dai F; He Y; Huang X; Lin K; Zheng Z; Qiu X,not_signature_like_title; imaging_or_pathology,not_signature_like_title; imaging_or_pathology
41168438,10.1038/s41598-025-23396-y,2025,Scientific reports,A novel spatial framework to validate arsenic exposure gene expression profiling in bladder cancer using multiplex FISH and AI-powered digital pathology.,"Bladder cancer exhibits marked spatial heterogeneity in gene expression and immune infiltration. In this exploratory pilot study, we integrate multiplex fluorescence in situ hybridization (mFISH) with AI-assisted digital pathology to characterize the spatial distribution of a previously validated three-gene arsenic-responsive risk model (NKIRAS2, AKTIP, HLA-DQA1). Initially identified in arsenic-exposed individuals and associated with bladder cancer risk, this gene panel achieved 94% training and 75% validation AUC in prior genomic models (PMC8760535). We analyzed five bladder tumor specimens using whole-slide mFISH imaging and HoverNet-based nuclear segmentation to quantify gene expression at single-cell resolution. Spatial profiling revealed elevated expression scores in tumor-adjacent regions, with a strong positive correlation to tumor grade (Pearson's r = 0.83). These gene-enriched regions exhibited spatial clustering of tumor cells. Additionally, tumor-infiltrating lymphocyte (TIL) density was inversely correlated with tumor grade, suggesting immune exclusion in high-grade tumors. Our findings demonstrate the feasibility of combining spatial transcriptomics with AI-driven histopathological analysis for biomarker validation. This integrative framework provides a foundation for future population-scale studies leveraging spatial omics to evaluate arsenic-associated gene signatures and assess their relevance in bladder cancer risk stratification and disease progression.© 2025. The Author(s).",Journal Article,Singhal S; Singhal S; Gardner KL; Dikshit A; Doolittle E; Sens D; Sens MA; Miller ML; Aung STH; Singhal SK,not_signature_like_title,not_signature_like_title
41137061,10.1186/s12935-025-04009-0,2025,Cancer cell international,Single-cell stemness analysis highlights Midkine-LRP1 pathway and identifies new bladder cancer subtypes.,"Bladder cancer (BC) is among the ten most common malignant tumors worldwide. Tumor stem cells contribute significantly to postoperative recurrence and disease progression. Understanding stem cell interactions with other tissue cells and developing a prognostic model may improve BC management. Through single-cell RNA sequencing, we identified tumor stem cells in BC tissue. We identified 91 genes specifically upregulated in the stem cell cluster versus other clusters. Of these, 67 whose high expression correlated with poorer patient survival were defined as high-risk stemness genes (HRSGs). Further analysis showed that the MDK-LRP1 axis is the primary communication pathway between stem cells and other cell types, involving 31 of these HRSGs. Based on these 31 HRSGs, patients were stratified into two stemness clusters (ST cluster A and B), with ST cluster B associated with poorer prognosis. We further selected prognosis-related genes from differentially expressed genes between the clusters to construct a risk model. Patients in ST cluster B exhibited higher risk scores, aligning with clinical outcomes. Among the HRSGs, ACTN1 emerged as a key gene, showing elevated expression in patients with poor survival and advanced disease stages. Immunohistochemistry confirmed significantly increased ACTN1 protein levels in BC tissues. Additionally, protein interface analysis indicated that the Cys104 residue of Midkine potentially interacts with both LRP1 and ACTN1 within a 5 Å distance, suggesting a critical interaction site. These findings provide novel insights into stem cell-mediated BC progression and offer potential prognostic and therapeutic targets.© 2025. The Author(s).",Journal Article,Qian C; Qin J; Lin Z; Wang S; Deng A; Li T,not_signature_like_title,not_signature_like_title
41153362,10.3390/genes16101146,2025,Genes,Integrative Analysis of Biomarkers for Cancer Stem Cells in Bladder Cancer and Their Therapeutic Potential.,"Background: Cancer stem cells (CSCs) are key drivers of tumorigenesis and metastasis. However, the precise roles of CSC-associated genes in these processes remain unclear. Methods: This study integrates cancer stem cell biomarkers and clinical data from The Cancer Genome Atlas (TCGA) specific to bladder cancer (BLCA). By combining differentially expressed genes (DEGs) from TCGA-BLCA samples with CSC-related biomarkers, we conducted comprehensive functional analyses and developed an 8-gene prognostic signature through Cox regression, least absolute shrinkage and selection operator (LASSO) analysis, and multivariate Cox regression. This model was validated with GEO datasets (GSE13507 and GSE32894), and the single-cell RNA seq dataset GSE222315 was subsequently analyzed to characterize the signature genes and elucidate their interactions. And a nomogram was created to stratify TCGA-BLCA patients into risk categories. The 'oncoPredict' algorithm based on the GDSC2 dataset assessed drug sensitivity in BLCA. Result: From the TCGA cohort, 665 CSC-related genes were identified, with 120 showing significant differential expression. The 8-gene signature (ALDH1A1, CBX7, CSPG4, DCN, FASN, INHBB, MYC, NCAM1) demonstrated strong predictive power for overall survival in both TCGA and GEO cohorts, as confirmed by Kaplan-Meier and ROC analyses. The nomogram, integrating age, tumor stage and risk scores, demonstrated high predictive accuracy. Additionally, the oncoPredict algorithm indicated varying drug sensitivities across patient groups. Based on retrospective data, we identified a novel CSC-related prognostic signature for BLCA. This finding suggests that targeting these genes could offer promising therapeutic strategies.",Journal Article,Wu J; Liu W,not_signature_like_title,not_signature_like_title
40867253,10.3390/cancers17162624,2025,Cancers,Gene Expression in Muscle-Invasive and Non-Muscle-Invasive Bladder Cancer Cells Exposed to Hypoxia.,"Hypoxic cancers are radioresistant, but biomarkers based on expression of multiple genes can identify patients who will benefit from hypoxia modification. Most studies identifying relevant genes exposed cells in culture to 1% oxygen, which activates hypoxia-inducible factor (HIF). However, oxygen concentrations in hypoxic tumours are heterogeneous ranging from <0.1%. As lower oxygen levels would likely affect transcriptional responses, we aimed to investigate how gene selection at different oxygen levels affects the genes identified and their prognostic capability.Four MIBC (J82, T24, UMUC3, HT1376) and two non-MIBC (RT4, RT112) bladder cancer cell lines were exposed to varying oxygen levels (20%, 1%, 0.2% and 0.1% O2) for 24 h and were then harvested and frozen. RNA was extracted and transcriptomes analysed using Clariom S microarrays. Differences in gene expression were investigated. Prognostic and predictive significance of a published 24-gene signature was compared with one generated from genes identified at lower oxygen levels.The number of upregulated genes increased with decreasing O2 level. The number of biological pathways involved also increased. Differences between cell lines dominated those due to hypoxia. Some genes were commonly upregulated in MIBC and NMIBC cells and others increased exclusively in either MIBC or NMIBC cells. The median expression of a published 24-gene bladder cancer hypoxia-associated signature increased with decreasing oxygen levels. Seventy-seven genes were upregulated in at least three cell lines by exposure to 0.1% O2. The median expression of the 77 genes was of borderline prognostic significance in the bladder cancer cohort in the TCGA (The Cancer Genome Atlas). Five of the seventy-seven genes upregulated by hypoxia were present in the twenty-four-gene bladder hypoxia signature. The median expression of the 5 genes demonstrated identical prognostication to the 24-gene signature but failed to predict benefit from hypoxia modification.The number of genes upregulated by exposure of bladder cancer cells to hypoxia increases as O2 level is decreased from 1% to 0.2% to 0.1%. Differential upregulation of gene expression by MIBC and NMIBC cells and the associated biological pathways may be useful in understanding the genetics of bladder cancer invasiveness. Based on a search of the literature, this is the first study that assessed the expression of genes in bladder cancer using three hypoxic concentration levels to identify biomarkers for disease progression and prognosis among differentially expressed bladder cancer genes.",Journal Article,Shabbir R; Quiles CG; Lane B; Zeef L; Hoskin PJ; Choudhury A; West CML; Smith TAD,not_signature_like_title,not_signature_like_title
40703521,10.3389/fimmu.2025.1604758,2025,Frontiers in immunology,Identification of lactylation-associated immune and metabolic regulators in bladder cancer via integrated bulk and single-cell transcriptomics.,"Lactate-driven metabolic reprogramming and histone lactylation play pivotal roles in bladder cancer (BLCA) progression, yet their underlying mechanisms and regulatory genes remain poorly understood.Using transcriptomic data from The Cancer Genome Atlas (TCGA), we identified lactylation-associated genes and constructed a prognostic signature. Comprehensive bioinformatics analyses were conducted to assess immune infiltration, tumor microenvironment characteristics, and the lactylation landscape at the single-cell level. Furthermore, we performed in vitro experiments to evaluate the biological functions of key lactylation-related genes in BLCA cells.Six lactylation-related hub genes were identified, among which FASN and RUNX2 were significantly upregulated in BLCA and associated with poor prognosis. Single-cell analyses revealed elevated lactylation signatures in tumor epithelial and immune cells. Knockdown of FASN or RUNX2 in BLCA cell lines significantly suppressed cell proliferation, induced apoptosis, and reduced intracellular lactate levels. Correspondingly, global protein lactylation was diminished, with dominant modification signals observed around 40 kDa, indicating a potential set of non-histone proteins as key functional targets.Our study highlights a metabolic-enzymatic axis wherein FASN and RUNX2 regulate lactate-driven protein lactylation in BLCA. These findings provide new insights into the non-histone functions of lactylation and suggest potential therapeutic targets at the intersection of metabolism and tumor immunity.Copyright © 2025 Chen, Sun and Liu.",Journal Article,Chen Y; Sun Y; Liu X,not_signature_like_title,not_signature_like_title
40631135,10.1101/2025.06.28.662140,2025,bioRxiv : the preprint server for biology,Intrinsic higher potency of basal urothelial cells to intermediate and umbrella cells as the cell of origin for bladder cancer.,"Transcriptome profiling of bladder cancer has revealed distinct basal-like and luminal-like molecular subtypes, which may be correlated with pathological subtypes of different patient outcomes. However, whether these molecular subtypes originate from the corresponding cell types in the normal urothelium and whether different cells of origin influence bladder cancer progression remain unclear. Here, we conducted cell-type-specific lineage tracing in CRISPR/Cas9-induced mouse bladder cancer models of Pten and Trp53 targeting. We show that although basal, intermediate, and superficial umbrella cells can all serve as the cell of origin for bladder cancer, transformed umbrella cells were gradually displaced by tumor cells from inner layers, particularly transformed basal cells, which had highest stemness. Histological and single cell RNA-sequencing data comparing basal- and intermediate-cell-induced bladder tumors revealed that basal-induced tumors displayed higher heterogeneity, and contained unique cell clusters including Krt14+Ki67+ highly proliferative basal cells, squamous cell carcinoma, and transitioning cells towards the Gata3+ luminal subtype. Trajectory analysis confirmed the cell lineage differentiation hierarchy uncovered in lineage tracing. Moreover, human bladder cancer molecular subtype signatures were highly enriched in mouse tumor cell clusters of the corresponding cell of origin, and a gene signature derived from the unique basal-induced clusters is predictive of worse patient outcome. Overall, our results support that the basal and luminal molecular subtypes of bladder cancer have the corresponding cells of origin as their basis, and that urothelial basal cells are intrinsically more competitive than intermediate and umbrella cells in generating aggressive bladder cancer subtypes.",Journal Article; Preprint,Yu C; Chu N; Aguirre A; Green J; Xie Q; Knudsen B; Wang ZA,not_signature_like_title,not_signature_like_title
40589607,10.2147/JIR.S519719,2025,Journal of inflammation research,Machine Learning and Experimental Validation Reveal MYH11 as a Novel Prognostic Biomarker and Therapeutic Target in Bladder Cancer.,"Bladder cancer (BCa) is one of the top ten most common cancers, yet its underlying mechanisms remain unclear. This study aimed to explore the potential molecular mechanisms of BCa using multi-omics and single-cell analysis.First, differential analysis of transcriptome data related to BCa from public databases was performed, and a risk model was then developed using 101 different machine learning algorithms to determine prognostic genes, followed by independent prognostic analysis to construct a nomogram. Immune infiltration analysis was performed to explore the impact of prognostic genes on the tumor microenvironment. Metabolomics, proteomics, and post-translational modification data from BCa tumor and adjacent non-tumor tissues were used to explore the relationships between prognostic genes and various omics levels. Finally, single-cell analysis identified key cells involved in BCa pathogenesis, and in vitro experiments validated the expression and function of key genes.The risk model constructed by 8 prognostic genes identified using 101 algorithms effectively predicted the survival outcomes of BCa patients. Furthermore, risk scores, pathological T stage, and pathological N stage were confirmed as independent prognostic factors for the nomogram construction. Interestingly, high-risk patients showed a significantly lower response to PD-L1 treatment, with higher TIDE scores. Omics analysis revealed a close relationship between prognostic genes and proteomics, metabolomics, and post-translational modifications. Specifically, FLNC and MYH11 may influence BCa progression through phosphorylation and succinylation. Single-cell analysis identified fibroblasts as key cells in BCa. Functional experiments showed that MYH11 knockdown promoted cell proliferation, migration, and invasion.This study identified 8 prognostic genes to construct a risk model, and suggest that MYH11 is a potential diagnostic and prognostic biomarker for BCa.© 2025 Tan et al.",Journal Article,Tan Z; Chen X; Fu S; Huang Y; Li H; Gong C; Lv D; Yang C; Wang J; Ding M,not_signature_like_title,not_signature_like_title
40626022,10.3389/fmolb.2025.1602700,2025,Frontiers in molecular biosciences,Epigenetic dysregulation-induced metabolic reprogramming fuels tumor progression in bladder cancer.,"Bladder cancer remains a significant global health challenge with a high mortality rate despite advancements in treatment modalities. Metabolic alterations serve as crucial contributors to cancer progression, particularly influencing tumor aggressiveness and patient outcomes. Therefore, this study aimed to identify and characterize metabolic hubs associated with disease progression and tumor aggressiveness in bladder cancer.DNA methylation, mRNA expression and protein expression, along with clinical data for bladder cancer patients were retrieved from TCGA database. Differentially expressed metabolic hubs among tumor aggressiveness groups and between early vs advanced stage tumors were identified using ANOVA and Student's t-test respectively, whereas survival association of metabolic genes was assessed using an R code. Pathway enrichment, network construction, random walk, transcription factor prediction and gene set enrichment analyses were conducted using DAVID, Cytoscape, Java, ChEA3 and GSEA tools respectively. Validation of the identified gene signature was performed using NCBI GEO datasets.Through a metabolism-targeted differential expression and survival analysis-based approach, we identified 105 metabolic genes, whose expression patterns correlated with tumor aggressiveness and clinical outcomes in bladder cancer patients. Subsequent network construction and random walk analysis refined this list to a seven-gene metabolic signature (Metab-GS), comprising both oncogenic (ALDH1B1, ALDH1L2, CHSY1, CSGALNACT2, GPX8) and tumor suppressors (FBP1, HPGD) hubs. Upstream analysis identified epigenetic modifications, particularly DNA hypermethylation of tumor suppressor metabolic hubs and reduced USF2-NuRD complex activity-driven increased expression of oncogenic metabolic hubs, contributing to glycolytic shift and extracellular matrix remodeling, and establishing an inflammatory tumor microenvironment. Lastly, validation of our findings in multiple independent GEO datasets confirmed that high Metab-GS scores are associated with tumor aggressiveness and progression, advanced disease stage, metastatic spread, disease recurrence, and poor overall and cancer-specific survival in bladder cancer patients.Overall, a seven-gene metabolic signature predicts tumor aggressiveness and poor prognosis in bladder cancer patients, underscoring the potential of targeting the epigenetic dysregulation-induced metabolic reprogramming as a therapeutic strategy for aggressive bladder cancer.Copyright © 2025 Zhang, Fan, Xu, Han, Yu, Yang, Chen and Zhang.",Journal Article,Zhang J; Fan X; Xu X; Han Y; Yu W; Yang B; Chen Y; Zhang S,not_signature_like_title,not_signature_like_title
40511303,10.1016/j.bbrep.2025.102060,2025,Biochemistry and biophysics reports,A comprehensive risk model of disulfidoptosis-related lncRNAs predicts prognosis and therapeutic implications in bladder cancer.,"Disulfidoptosis is an emerging form of regulated cell death; however, the roles of its associated long non-coding RNAs (dr-lncRNAs) in bladder cancer (BLCA) remain poorly characterized. By leveraging the most comprehensive curated dataset of disulfidoptosis-related genes to date, we systematically developed and validated a novel dr-lncRNA signature that elucidates the prognostic significance and immune microenvironmental dynamics in BLCA.The Cancer Genome Atlas (TCGA) database was utilized to extract significant clinical and RNA sequencing data of BLCA patients. Cox and Lasso regression with several variables was used to create a risk model. ROC, Kaplan-Meier, and nomogram analyses were carefully reviewed for validity. The validated study evaluated intricate interactions between functional enrichment, immune cell infiltration, cancer mutation load, and treatment sensitivity. Unsupervised consensus clustering identified subgroup patterns that reflected immune system alterations, medication susceptibility, and prognosis.Nine lncRNAs significantly correlated with prognosis were collectively identified, subsequently forming the basis for constructing a risk model consisting of seven lncRNAs. The model exhibited significant superiority in predicting patient outcomes, effectively distinguishing between high-risk from low-risk individuals. Functional enrichment analysis uncovered their potential involvement in immune-related biological pathways. Patients in the high-risk group exhibited higher tumor mutation burdens, more active immune functions and a higher sensitivity to chemotherapeutic drugs. Variations among BLCA subgroups were identified by consensus cluster analysis, including clinical characteristics, prognosis, lncRNA expression, immune cell infiltration, and immune checkpoint profiles.The dr-lncRNAs-based risk model presents a promising tool for predicting prognosis and guiding personalized immunotherapy and treatment strategies in BLCA patients.© 2025 The Authors.",Journal Article,Zhang Z; Zhong J; Iqbal MS; Zeng Z; Duan X,non_mrna_title,non_mrna_title
40405063,10.1186/s12885-025-14273-y,2025,BMC cancer,Novel Gene expression-based Risk Stratification tool predicts recurrence in Non-muscle invasive Bladder cancer.,"Bladder cancer represents a heterogeneous disease with distinct clinical challenges. Non-muscle invasive bladder cancer (NMIBC) typically presents as indolent and slow-growing, yet a critical clinical challenge remains: identifying which patients will progress to muscle-invasive disease requiring radical interventions. Early detection of progression propensity is essential, as once muscle invasion occurs, the risk of distant metastasis increases substantially, and treatment shifts from conservative TURBT (Transurethral Resection of Bladder Tumor) to aggressive surgical interventions with significant morbidity. Current risk stratification methods fail to adequately predict this transition in approximately 30% of cases, highlighting the urgent need for more accurate prognostic tools.This retrospective study aimed to develop and validate a transcriptomics-based mRNA score for predicting early NMIBC recurrence, comparing its performance against traditional risk stratification methods.We analyzed mRNA expression profiles from primary retrospective NMIBC tumor specimens (n = 25) collected between [2018-2022]. Traditional risk stratification tools, including EORTC scoring, were applied alongside our novel mRNA-based risk score to evaluate predictive accuracy for recurrence.The transcriptomics-based mRNA score demonstrated a median prediction accuracy of 90% across 10,000 resampling iterations for predicting early NMIBC recurrence, significantly outperforming traditional EORTC risk scores. Our comprehensive gene set identified 435 differentially expressed genes associated with recurrence. Kaplan-Meier analysis showed significantly different recurrence-free survival between high and low mRNA risk score groups (Bonferroni corrected p-value < 0.0001).This retrospective analysis confirms that mRNA expression-based risk stratification provides superior predictive accuracy compared to conventional clinicopathologic risk tools. Implementation of this gene signature could potentially reduce over-investigation and improve surveillance cost-effectiveness after TURBT in patients with primary high-risk NMIBC. These findings may transform the clinical management paradigm by enabling more personalized follow-up protocols based on molecular risk assessment.© 2025. The Author(s).",Journal Article,N S; Ps H; P R; Paul L; Veeraiyan D; Narikot A; Veldore V; Tanwar N; Sreekanthreddy P; Goswami H,not_signature_like_title,not_signature_like_title
40402393,10.1007/s12672-025-02646-5,2025,Discover oncology,Establishment of a m6 A-associated lncRNAs-derived risk model for enhanced patient prognosis stratification and personalized therapy approaches in bladder cancer.,"Bladder cancer (BCa) is a leading malignancy in the urinary tract system, often resulting in poor prognosis due to rapid relapse and metastasis, with a low 5-year survival rate. Although the role of N6-methyladenosine (m6A) methylation and long noncoding RNAs (lncRNAs) is implicated in BCa progression, research on how lncRNAs influence BCa prognosis and potential therapeutic interventions remains scarce.RNA expression profiles and gene mutations for 406 BCa patients were retrieved from the The Cancer Genome Atlas (TCGA) database. A comprehensive dataset was established to correlate lncRNAs with 21 identified m6A-associated genes, categorized into writers, erasers, and readers. Pearson correlation analysis between these m6A genes and lncRNAs was performed and a prognostic model derived from m6A-associated lncRNAs was developed. Immune infiltration was analyzed using multiple evaluative methods and the correlation between single nucleotide variant (SNV) mutations and drug sensitivity was assessed for the correlative relationship with the m6A-associated lncRNA-derived risk scores.We identified 3,462 m6A-associated lncRNAslinked to BCa prognosis, of which 238 lncRNAs showed significant associations with overall survival in BCa patients. A m6A-associated lncRNA-derived risk model comprising 26 selected lncRNAs was developed using Least Absolute Shrinkage and Selection Operator (LASSO) Cox regression, where BCa patients with higher m6A-associated lncRNA-derived risk scores had poorer outcomes. The prognostic significance and reliability was validated, with an area under the curve (AUC) value exceeding 0.7 at multiple time points. Additionally, a nomogram integrating clinical features and m6A-associated lncRNA-derived risk scores had enhanced prognostic accuracy over other clinical indicators, with promise for clinical decision-making. A negative correlation was observed between m6A-associated lncRNA-derived risk scores and tumor mutational burden (TMB). Moreover, patients with high m6A-associated lncRNA-derived risk score group showed significant enrichment of regulatory T cells (Tregs), M2 macrophages, and fibroblasts, highlighting the potential involvement of immune and stromal cells in these BCa patients.These findings highlight the prognostic value and clinical relevance of m6A-associated lncRNAs in BCa for future patient stratification and personalized therapy approaches.© 2025. The Author(s).",Journal Article,Chen R; Ye Y; Zheng Y,non_mrna_title,non_mrna_title
40916434,10.2174/0109298665403178250806111943,2025,Protein and peptide letters,Mevalonate Metabolic Reprogramming Drives Cisplatin Resistance in Bladder Cancer: Mechanisms and Therapeutic Targeting.,"Dysregulation of mevalonate metabolism is a hallmark of tumorigenesis and therapy resistance across malignancies, though its role in bladder cancer remains unclear. This study aimed to elucidate its impact on prognosis and cisplatin chemosensitivity in bladder cancer.Transcriptomic data and clinical information of bladder cancer patients were obtained from The Cancer Genome Atlas (TCGA) and the Gene Expression Omnibus (GEO) databases. Non-negative matrix factorization (NMF) was used to cluster mevalonate metabolism-related genes into distinct metabolic subtypes (C1 and C2). Associations between mevalonate metabolism, clinical characteristics, immune infiltration, and cisplatin resistance were analyzed using Gene Set Variation Analysis (GSVA), Kaplan-Meier survival analysis, single-sample Gene Set Enrichment Analysis (ssGSEA), and in vitro experiments.NMF clustering classified bladder cancer patients into two metabolic subtypes (C1/C2). The C1, characterized by higher mevalonate metabolism (MVAscore), was associated with a poorer prognosis, shorter overall survival (OS), and higher T-stage and pathological grades. Immune analysis showed lower immune cell infiltration in C1. Immune infiltration analysis revealed significantly lower immune infiltration levels in the C1. Further analysis revealed a positive correlation between mevalonate metabolism and platinum resistance, with a notable increase in mevalonate metabolism observed in cisplatin-resistant bladder cancer cells. In vitro, simvastatin inhibited the proliferation of bladder cancer cells and enhanced their sensitivity to cisplatin.Mevalonate metabolism drives BCa heterogeneity and chemoresistance while suppressing anti-tumor immunity. Its dysregulation serves as both a prognostic biomarker and a target for therapeutic intervention.Mevalonate metabolism contributes to cisplatin resistance in bladder cancer and represents a potential therapeutic target. Simvastatin targeting this pathway enhances the efficacy of cisplatin, providing a novel personalized chemotherapy strategy.Copyright© Bentham Science Publishers; For any queries, please email at epub@benthamscience.net.",Journal Article,Fang Q; You C; Xiao X; Liu Y; Yang W; Li Q; Qing L; Dong Z,not_signature_like_title,not_signature_like_title
39816221,10.21037/tau-24-431,2024,Translational andrology and urology,Construction of a disulfidptosis-associated lncRNA signature to predict prognosis in bladder cancer.,"Bladder cancer (BCa) is the most common neoplasm of the urinary system, and its high rates of progression and recurrence contribute to a generally poor prognosis, especially in advanced cases. It is reported that disulfidptosis is closely related with tumor proliferation. We aimed to construct a disulfidptosis-associated long non-coding RNA (lncRNA) signature that can predict prognosis and immune microenvironment in BCa.We obtained RNA-seq data, clinical information, and mutation data of BCa patients from The Cancer Genome Atlas (TCGA) database. Based on Pearson correlation and uni-Cox regression analysis, we identified disulfidptosis-associated lncRNAs related with overall survival (OS). Then a prognosis signature based on seven disulfidptosis-associated lncRNAs was constructed by least absolute shrinkage and selection operator (LASSO) Cox regression analysis and multi-Cox regression analysis. We performed Gene Ontology (GO), Kyoto Encyclopedia of Genes and Genomes (KEGG), and Gene Set Enrichment Analysis (GSEA) analyses to examine biological functional of differentially expressed genes related to the risk model. We assessed the immune microenvironment and chemotherapeutic response of several drugs. Finally, the quantitative real-time reverse transcription polymerase chain reaction (qRT-PCR) was used to detect the expression level of the disulfidptosis-associated lncRNAs.We established a prognosis signature based on seven disulfidptosis-associated lncRNAs (AP003419.3, AL161891.1, AC234917.3, LINC00536, AL021707.6, AL445649.1 and AC104785.1). According to the signature, all patients were divided in high- and low-risk group and patients in low-risk group showed a significantly better prognosis. Moreover, the risk model was confirmed to be an independent prognostic factor with high accuracy. Immune cells and several immune checkpoints were more active in high-risk group and patients in this group had a higher tumor mutation burden (TMB) that those in low-risk group. The results of qRT-PCR demonstrated that expression level of the lncRNAs were all significantly different between BCa cell lines and normal urinary epithelial cells.The disulfidptosis-associated lncRNA signature is a promising biomarker for predicting prognosis and characterizing the immune landscape in BCa, potentially guiding personalized treatment strategies.2024 AME Publishing Company. All rights reserved.",Journal Article,Wang J; Zheng Q; Jian J; Chen Z; Liu X; Wan S; Wang L,non_mrna_title,non_mrna_title
39695796,10.1186/s13040-024-00377-x,2024,BioData mining,Prognostic feature based on androgen-responsive genes in bladder cancer and screening for potential targeted drugs.,"Bladder cancer (BLCA) is a tumor that affects men more than women. The biological function and prognostic value of androgen-responsive genes (ARGs) in BLCA are currently unknown. To address this, we established an androgen signature to determine the prognosis of BLCA.Sequencing data for BLCA from the TCGA and GEO datasets were used for research. The tumor microenvironment (TME) was measured using Cibersort and ssGSEA. Prognosis-related genes were identified and a risk score model was constructed using univariate Cox regression, LASSO regression, and multivariate Cox regression. Drug sensitivity analysis was performed using Genomics of drug sensitivity in cancer (GDSC). Real-time quantitative PCR was performed to assess the expression of representative genes in clinical samples.ARGs (especially the CDK6, FADS1, PGM3, SCD, PTK2B, and TPD52) might regulate the progression of BLCA. The different expression patterns of ARGs may lead to different immune cell infiltration. The risk model indicates that patients with higher risk scores have a poorer prognosis, more stromal infiltration, and an enrichment of biological functions. Single-cell RNA analysis, bulk RNA data, and PCR analysis support the reliability of this risk model, and a nomogram was also established for clinical use. Drug prediction analysis showed that high-risk patients had a better response to fludarabine, AZD8186, and carmustine.ARGs played an important role in the progression, immune infiltration, and prognosis of BLCA. The ARGs model has high accuracy in predicting the prognosis of BLCA patients and provides more effective medication guidelines.© 2024. The Author(s).",Journal Article,Zhao J; Zhang Q; Zhu C; Yuqi W; Zhang G; Wang Q; Dong X; Li B; Wang X,not_signature_like_title,not_signature_like_title
39769061,10.3390/ijms252413296,2024,International journal of molecular sciences,Loss of Glutathione-S-Transferase Theta 2 (GSTT2) Modulates the Tumor Microenvironment and Response to BCG Immunotherapy in a Murine Orthotopic Model of Bladder Cancer.,"Loss of the glutathione-S-transferases Theta 2 (Gstt2) expression is associated with an improved response to intravesical Mycobacterium bovis, Bacillus Calmette-Guérin (BCG) immunotherapy for non-muscle-invasive bladder cancer (NMIBC) patients who receive fewer BCG instillations. To delineate the cause, Gstt2 knockout (KO) and wildtype (WT) C57Bl/6J mice were implanted with tumors before treatment with BCG or saline. RNA was analyzed via single-cell RNA sequencing (scRNA-seq) and real-time polymerase chain reaction (RT-PCR). BCG induced PD-L1 expression in WT mice bladders, while pro-inflammatory TNF-α was upregulated in KO bladders. ScRNA-seq analysis showed that Gstt2 WT mice bladders had a higher proportion of matrix remodeling fibroblasts, M2 macrophages, and neuronal cells. In KO mice, distinct tumor cell types, activated fibroblasts, and M1 macrophages were enriched in the bladders. In WT bladders, the genes expressed supported tumorigenesis and immunosuppressive PD-L1 expression. In contrast, Gstt2 KO bladders expressed genes involved in inflammation, immune activation, and tumor suppression. An 11-gene signature (Hmga2, Peak 1, Kras, Slc2a1, Ankfn1, Ahnak, Cmss1, Fmo5, Gphn, Plec, Gstt2), derived from the scRNA-seq analysis predicted response in NMIBC patients (The Cancer Genome Atlas (TCGA) database). In conclusion, our results indicate that patients with WT Gstt2 may benefit from anti-PD-L1 checkpoint inhibition therapy.",Journal Article,Patwardhan MV; Kane TQ; Chiong E; Rahmat JN; Mahendran R,not_signature_like_title,not_signature_like_title
39682743,10.3390/cells13231993,2024,Cells,Differential Infiltration of Key Immune T-Cell Populations Across Malignancies Varying by Immunogenic Potential and the Likelihood of Response to Immunotherapy.,"Background: Solid tumors vary by the immunogenic potential of the tumor microenvironment (TME) and the likelihood of response to immunotherapy. The emerging literature has identified key immune cell populations that significantly impact immune activation or suppression within the TME. This study investigated candidate T-cell populations and their differential infiltration within different tumor types as estimated from mRNA co-expression levels of the corresponding cellular markers. Methods: We analyzed the mRNA co-expression levels of cellular biomarkers that define stem-like tumor-infiltrating lymphocytes (TILs), tissue-resident memory T-cells (TRM), early dysfunctional T-cells, late dysfunctional T-cells, activated-potentially anti-tumor (APA) T-cells and Butyrophilin 3A (BTN3A) isoforms, utilizing clinical and transcriptomic data from 1892 patients diagnosed with melanoma, bladder, ovarian, or pancreatic carcinomas. Real-world data were collected under the Total Cancer Care Protocol and the Avatar® project (NCT03977402) across 18 cancer centers. Furthermore, we compared the survival outcomes following immune checkpoint inhibitors (ICIs) based on immune cell gene expression. Results: In melanoma and bladder cancer, the estimated infiltration of APA T-cells differed significantly (p = 4.67 × 10-12 and p = 5.80 × 10-12, respectively) compared to ovarian and pancreatic cancers. Ovarian cancer had lower TRM T-cell infiltration than melanoma, bladder, and pancreatic (p = 2.23 × 10-8, 3.86 × 10-28, and 7.85 × 10-9, respectively). Similar trends were noted with stem-like, early, and late dysfunctional T-cells. Melanoma and ovarian expressed BTN3A isoforms more than other malignancies. Higher densities of stem-like TILs; TRM, early and late dysfunctional T-cells; APA T-cells; and BTN3A isoforms were associated with increased survival in melanoma (p = 0.0075, 0.00059, 0.013, 0.005, 0.0016, and 0.041, respectively). The TRM gene signature was a moderate predictor of survival in the melanoma cohort (AUROC = 0.65), with similar findings in testing independent public datasets of ICI-treated patients with melanoma (AUROC 0.61-0.64). Conclusions: Key cellular elements related to immune activation are more heavily infiltrated within ICI-responsive versus non-responsive malignancies, supporting a central role in anti-tumor immunity. In melanoma patients treated with ICIs, higher densities of stem-like TILs, TRM T-cells, early dysfunctional T-cells, late dysfunctional T-cells, APA T-cells, and BTN3A isoforms were associated with improved survival.","Journal Article; Multicenter Study; Observational Study; Research Support, Non-U.S. Gov't",Eljilany I; Coleman S; Tan AC; McCarter MD; Carpten J; Colman H; Naqash AR; Puzanov I; Arnold SM; Churchman ML,not_signature_like_title,not_signature_like_title
39687628,10.3389/fimmu.2024.1512203,2024,Frontiers in immunology,Prognostic model based on disulfidptosis-related lncRNAs for predicting survival and therapeutic response in bladder cancer.,"With poor treatment outcomes and prognosis, bladder cancer remains a focus for clinical research in the precision oncology era. However, the potential of disulfidptosis, a novel cell death mechanism, and its related long non-coding RNAs to support selective cancer cell killing in this disease is still unclear.We identified key disulfidptosis-related lncRNAs in bladder cancer, constructed a prognostic risk model with potential therapeutic targets, and confirmed the findings through quantitative PCR analysis.We identified five crucial lncRNAs (AC005840.4, AC010331.1, AL021707.6, MIR4435-2HG and ARHGAP5-AS1) and integrated them into a predictive model centered on disulfidptosis-associated lncRNAs. Reliability and validity tests demonstrated that the lncRNA prediction index associated with disulfidptosis effectively discerns patients' prognosis outcomes. Additionally, high-risk patients exhibited elevated expression levels of genes involved in the PI3K-Akt signaling pathway, extracellular matrix organization, and immune escape mechanisms, which are associated with poor prognosis. Notably, high-risk patients demonstrated higher sensitivity to Sorafenib, Oxaliplatin and MK-2206, underscoring the promise of these lncRNAs as precise therapeutic targets in bladder cancer.By revealing the predictive importance of disulfidptosis-associated lncRNAs in bladder cancer, our research offers new perspectives and pinpoints potential therapeutic targets in clinical environments.Copyright © 2024 Han, Yang, Jiang, Zhou, Ge, Yu, Li, Wang and Liu.","Journal Article; Research Support, Non-U.S. Gov't",Han L; Yang H; Jiang X; Zhou Z; Ge C; Yu K; Li G; Wang W; Liu Y,non_mrna_title,non_mrna_title
39392600,10.3233/CBM-230489,2024,Cancer biomarkers : section A of Disease markers,Identification of RNA-binding protein RBMS3 as a potential biomarker for immunotherapy in bladder cancer.,"RNA-binding protein (RBP) plays pivotal roles in the malignant progression of cancer by regulating gene expression. In this paper, we aimed to develop RBP-based prognostic signature and identify critical hub RBPs in bladder cancer (BLCA). Firstly, a risk model based on differentially expressed RBP gens (DERBPs) between normal and tumor tissues was successfully established, which can predict the tumor stromal score and drug sensitivity. Then two another RBP risk models based on miRNA-correlated RBPs or lncRNA-correlated RBPs were also established, and RBMS3 was identified as the overlapping gene in the three models. Data from multiple bioinformatics databases revealed that RBMS3 was an independent prognostic factor for overall survival (OS), and was associated with an immunosuppressive tumor microenvironment (TME) in BLCA. Further, Single-cell RNA-Seq (scRNA-Seq) data and the human protein altas (HPA) database showed that RBMS3 expression (both mRNA and protein) were up-regulated in BLCA tumor and tumor stromal cells. Finally, RBMS3 was shown to be associated with worse response to BLCA immunotherapy. Overall, RBMS3 is a key prognostic RBP with TME remodeling function and may serve as a target for BLCA immunotherapy.",Journal Article,Praygod TF; Li J; Li H; Tan W; Hu Z; Zhou L,not_signature_like_title,not_signature_like_title
39613992,10.1007/s12672-024-01564-2,2024,Discover oncology,Ferroptosis-related lncRNA AL136084.3 is associated with NUPR1 in bladder cancer.,"LncRNAs are critical regulators of bladder cancer (BLCA), and ferroptosis is a newly discovered cell death responsible for mediating apoptosis and tumorigenesis. The present study aims to establish a prognostic signature of differentially expressed ferroptosis-related lncRNAs (DEFRlncRNAs) and explore the DEFRlncRNA associated with NUPR1 in BLCA.DEFRlncRNAs in BLCA patients were screened using univariate and multivariate Cox and LASSO regression analyses. In vitro experiments were performed to detect the regulatory effects of DEFRlncRNAs on BLCA cells. A prognostic signature of DEFRlncRNAs in BLCA was created and validated. Moreover, we used RNA-binding protein immunoprecipitation (RIP) to evaluate the correlated DEFRlncRNA with NUPR1.A prognostic signature involving 18 DEFRlncRNAs in BLCA was created. Overexpression of AL355353.2 or knockdown of AL136084.3 promoted apoptosis in 5637 and T24 cells in vitro. Results from Starbase database estimated that AL136084.3 was positively associated with NUPR1 (R = 0.229, p < 0.001). RIP analysis revealed the reciprocal binding of NUPR1 and AL136084.3 in BLCA.The identified FRlncRNA pair signature has a good prognostic and clinical predictive value. The ferroptosis-related lncRNA AL136084.3 is correlated with NUPR1 in BLCA.© 2024. The Author(s).",Journal Article,Zhou J; Zhang L; Wu H; Gao SL; Chen XP; Zhang LF; Zhao CP; Wei BB; Bai Y,not_signature_like_title; non_mrna_title,not_signature_like_title; non_mrna_title
39624133,10.7717/peerj.18530,2024,PeerJ,Prognosis and immune landscape of bladder cancer can be predicted using a novel miRNA signature associated with cuproptosis.,"Bladder cancer is characterized by a high recurrence rate and mortality, posing a significant challenge to clinical management. Recently, cuproptosis, a novel form of regulated cell death, has been identified as a potential target for therapeutic intervention in various diseases. The contribution of cuproptosis-related microRNAs (miRNAs) in bladder cancer pathogenesis, however, remains largely unexplored. Therefore, the current study aims to construct a miRNA signature related to cuproptosis for predicting the prognosis and facilitating personalized therapeutic strategies in bladder cancer patients.In this study, we retrieved transcriptomic data and clinical information pertaining to bladder cancer from publicly available databases, including the Cancer Genome Atlas (TCGA) and Gene Expression Omnibus (GEO). We identified a set of 19 cuproptosis-related genes through a comprehensive review of relevant literature. Using multivariate Cox regression and LASSO analysis, we constructed a cuproptosis-related miRNA prognostic signature. The Kaplan-Meier (K-M) and receiver operating characteristic (ROC) curves were used to validate the accuracy of prediction. Additionally, we developed a nomogram incorporating clinical characteristics and the miRNA signature to further assess its prognostic value. We evaluated the tumor microenvironment (TME) of every patient using immune ESTIMATE, CIBERSORT, and ssGSEA algorithms. We also investigated the differences in tumor mutation burden (TMB) and drug sensitivity between two groups. Finally, we validated the prognostic value of this miRNA signature using the OncomiR dataset.We developed a panel of eight cuproptosis-associated miRNAs to serve as a prognostic signature. The predictive validity of this signature was determined using Kaplan-Meier and ROC curves, and was found to be acceptable in both the TCGA training, test and total dataset. The prognostic value of this signature was confirmed by univariate and multivariate Cox regression analysis, indicating its applicability as a prognostic factor. The immune cell infiltration was significantly associated with an immunosuppressive phenotype of TME in the high-risk group of patients; meanwhile, patients in the high-risk group had a lower TMB resulted in shorter survival. Notably, higher estimate scores and IC50 value for chemotherapy drugs were observed in the high-risk group, indicating poor response to immune therapy and chemotherapy.© 2024 Zhang et al.",Journal Article,Zhang Z; Liu F; Yu Y; Xie F; Zhu T,non_mrna_title,non_mrna_title
39550498,10.1038/s41598-024-80026-9,2024,Scientific reports,A redox-related lncRNA signature in bladder cancer.,"The redox status is intricately linked to the development and progression of cancer, a process that can be modulated by long non-coding RNAs (lncRNAs). Previous studies have demonstrated that redox regulation can be considered a potential therapeutic approach for cancer. However, the redox-related lncRNA predictive signature specific to bladder cancer (BCa) has yet to be fully elucidated. The purpose of our study is to establish a redox-related lncRNA signature to improve the prognostic prediction for BCa patients. To achieve this, we downloaded transcriptome and clinical data from the Cancer Genome Atlas (TCGA) database. Prognostic redox-related lncRNAs were identified through univariate Cox regression, least absolute shrinkage and selection operator (LASSO) regression, and multivariate Cox regression analysis, resulting in the establishment of two risk groups. A comprehensive analysis corresponding to clinical features between high-risk and low-risk groups was conducted. Eight redox-related lncRNAs (AC018653.3, AC090229.1, AL357033.4, AL662844.4, AP003352.1, LINC00649, LINC01138, and MAFG-DT) were selected to construct the risk model. The overall survival (OS) in the high-risk group was worse than that in the low-risk group (p < 0.001). The redox-related lncRNA signature exhibits superior predictive accuracy compared to traditional clinicopathological characteristics. Gene Set Enrichment Analysis (GSEA) showed that the MAPK signaling pathway and Wnt signaling pathway were enriched in the high-risk group. Compared with the low-risk group, patients in the high-risk group demonstrated increased sensitivity to cisplatin, docetaxel, and paclitaxel. Furthermore, IGF2BP2, a potential target gene of MAFG-DT, was found to be overexpressed in tumor tissues and correlated with overall survival (OS). Our study demonstrated that the predictive signature based on eight redox-related lncRNAs can independently and accurately predict the prognosis of BCa patients.© 2024. The Author(s).",Journal Article,Zhao F; Xie H; Guan Y; Teng J; Li Z; Gao F; Luo X; Ma C; Ai X,non_mrna_title,non_mrna_title
39525026,10.21037/tcr-23-2367,2024,Translational cancer research,Identifying functional cuproptosis-related long non-coding RNAs in patients with bladder cancer.,"Bladder cancer is the most common malignancy of the urinary tract and one of the most common cancers in the world. Cuproptosis is a novel type of cell death associated with tumorigenesis. In this study, we assessed the correlation between cuproptosis-related genes and tumorigenesis. Moreover, we constructed a prognostic signature.Pearson correlation analysis and univariate Cox regression were utilized to extract cuproptosis-related long non-coding RNAs (lncRNAs) predicting prognosis in The Cancer Genome Atlas (TCGA) database. The least absolute shrinkage and selection operator (LASSO) Cox regression was utilized to establish a cuproptosizs-related prognostic signature. A nomogram signature was generated to predict individual survival.We obtained 19 cuproptosis-related genes and 14 prognostic cuproptosis-related lncRNAs. We constructed a seven-prognostic risk signature. Time-dependent receiver operating characteristic (ROC) curves demonstrated good predictive power (1-, 3-, and 5-year survival rates of 0.711, 0.673, and 0.684, respectively). The high-risk group reported a worse prognosis than the low-risk group, and the risk signature was identified as an independent factor. The biological process of risk-related genes primarily involved tumorigenesis and migration. The high-risk group expressed high chemokines and T cell inhibition and low antigen-presenting cells.Cuproptosis-related lncRNAs are central to tumorigenesis, providing a novel therapeutic target for patients with bladder cancer. We constructed an individualized predictive signature based on cuproptosis-related lncRNAs.2024 AME Publishing Company. All rights reserved.",Journal Article,Wang Y; Zhao Y; Liu Q; Yang J; Xu Z; Du W; Tang G; Zhang C; Si X; Wang J,not_signature_like_title,not_signature_like_title
39380003,10.1186/s12967-024-05701-x,2024,Journal of translational medicine,Dynamic landscape of m6A modifications and related post-transcriptional events in muscle-invasive bladder cancer.,"Muscle-invasive bladder carcinoma (MIBC) is a serious and more advanced stage of bladder carcinoma. N6-Methyladenosine (m6A) is a dynamic and reversible modifications that primarily affects RNA stability and alternative splicing. The dysregulation of m6A in MIBC can be potential target for clinical interventions, but there have been limited studies on m6A modifications in MIBC and their associations with post-transcriptional regulatory processes.Paired tumor and adjacent-normal tissues were obtained from three patients with MIBC following radical cystectomy. The additional paired tissues for validation were obtained from patients underwent transurethral resection. Utilizing Nanopore direct-RNA sequencing, we characterized the m6A RNA methylation landscape in MIBC, with a focus on identifying post-transcriptional events potentially affected by changes in m6A sites. This included an examination of differential transcript usage, polyadenylation signal sites, and variations in poly(A) tail length, providing insights into the broader impact of m6A alterations on RNA processing in MIBC.The prognostic-related m6A genes and m6A-risk model constructed by machine learning enables the stratification of high and low-risk patients with precision. A novel m6A modification site in the 3' untranslated region (3'UTR) of IGLL5 gene were identified, characterized by a lower m6A methylation ratio, elongated poly(A) tails, and a notable bias in transcript usage. Furthermore, we discovered two particular transcripts, VWA1-203 and CEBPB-201. VWA1-203 displayed diminished m6A methylation levels, a truncated 3'UTR, and an elongated poly(A) tail, whereas CEBPB-201 showed opposite trends, highlighting the complex interplay between m6A modifications and RNA processing. Source code was provided on GitHub ( https://github.com/lelelililele/Nanopore-m6A-analysis ).The state-of-the-art Nanopore direct-RNA sequencing and machine learning techniques enables comprehensive identification of m6A modification and provided insights into the potential post-transcriptional regulation mechanisms on the development and progression in MIBC.© 2024. The Author(s).","Journal Article; Research Support, Non-U.S. Gov't",Zhang L; Chen Z; Sun G; Li C; Wu P; Xu W; Zhu H; Zhang Z; Tang Y; Li Y,not_signature_like_title,not_signature_like_title
38968515,10.1097/MD.0000000000038750,2024,Medicine,Construction and validation of a prognostic model for bladder cancer based on disulfidptosis-related lncRNAs.,"Bladder cancer (BLCA) is a prevalent and aggressive cancer associated with high mortality and poor prognosis. Currently, studies on the role of disulfidptosis-related long non-coding RNAs (DRLs) in BLCA are limited. This study aims to construct a prognostic model based on DRLs to improve the accuracy of survival predictions for patients and identify novel targets for therapeutic intervention in BLCA management.Transcriptomic and clinical datasets for patients with BLCA were obtained from The Cancer Genome Atlas. Using multivariate Cox regression and least absolute shrinkage and selection operator techniques, a risk prognostic signature defined by DRLs was developed. The model's accuracy and prognostic relevance were assessed through Kaplan-Meier survival plots, receiver operating characteristic curves, concordance index, and principal component analysis. Functional and pathway enrichment analyses, including Gene Ontology, Kyoto Encyclopedia of Genes and Genomes, and Gene Set Enrichment Analysis, were conducted to elucidate the underlying biological processes. Immune cell infiltration was quantified using the CIBERSORT algorithm. Differences and functions of immune cells in different risk groups were evaluated through single-sample Gene Set Enrichment Analysis. The Tumor Immune Dysfunction and Exclusion predictor and tumor mutational burden (TMB) assessments were utilized to gauge the likelihood of response to immunotherapy. Drug sensitivity predictions were made using the Genomics of Drug Sensitivity in Cancer database.A robust 8-DRL risk prognostic model, comprising LINC00513, SMARCA5-AS1, MIR4435-2HG, MIR4713HG, AL122035.1, AL359762.3, AC006160.1, and AL590428.1, was identified as an independent prognostic indicator. This model demonstrated strong predictive power for overall survival in patients with BLCA, revealing significant disparities between high- and low-risk groups regarding tumor microenvironment, immune infiltration, immune functions, TMB, Tumor Immune Dysfunction and Exclusion scores, and drug susceptibility.This study introduces an innovative prognostic signature of 8 DRLs, offering a valuable prognostic tool and potential therapeutic targets for bladder carcinoma. The findings have significant implications for TMB, the immune landscape, and patient responsiveness to immunotherapy and targeted treatments.Copyright © 2024 the Author(s). Published by Wolters Kluwer Health, Inc.",Journal Article; Validation Study,Yang X; Zhang Y; Liu J; Feng Y,non_mrna_title,non_mrna_title
38907134,10.1007/s12672-024-01108-8,2024,Discover oncology,"A novel mitochondrial-related lncRNA signature mediated prediction of overall survival, immune landscape, and the chemotherapeutic outcomes for bladder cancer patients.","To develop a prognostic risk model for Bladder Cancer (BLCA) based on mitochondrial-related long non-coding RNAs (lncRNAs).Transcriptome and clinical data of BLCA patients were retrieved from the TCGA database. Mitochondrial-related lncRNAs with independent prognostic significance were screened to develop a prognostic risk model. Patients were categorized into high- and low-risk groups using the model. Various methods including Kaplan-Meier (KM) analysis, ROC curve analysis, Gene Set Enrichment Analysis (GSEA), immune analysis, and chemotherapy drug analysis were used to verify and evaluate the model.A mitochondrial-associated lncRNA prognostic risk model with independent prognostic significance was developed. High-risk group (HRG) patients exhibited significantly shorter survival periods compared to low-risk group (LRG) patients (P < 0.01). The risk score from the model was an independent predictor of BLCA prognosis, correlating with tumor grade, pathological stage, and lymph node metastasis (P < 0.05). The HRG showed significant positive correlations with high expressions of immune checkpoints (CTLA4, LAG3, PD-1, TIGIT, PD-L1, PD-L2, and TIM-3) and lower IC50 for chemotherapy drugs (cisplatin, docetaxel, paclitaxel, methotrexate, and vinblastine) (P < 0.001).The mitochondrial-related lncRNA-based prognostic risk model effectively predicts BLCA prognosis and can guide individualized treatment for BLCA patients.© 2024. The Author(s).",Journal Article,Xiong H; Lin C; Huang X; Wang H,non_mrna_title,non_mrna_title
38493947,10.1016/j.tox.2024.153782,2024,Toxicology,Single-cell and multi-omics analyses highlight cancer-associated fibroblasts-induced immune evasion and epithelial mesenchymal transition for smoking bladder cancer.,"Tobacco carcinogens are recognized as critical hazard factors for bladder tumorigenesis, affecting the prognosis of patients through aromatic amines components. However, the specific function of tobacco carcinogens and systematic assessment models in the prognosis of bladder cancer remains poorly elucidated. We retrieved bladder cancer specific tobacco carcinogens-related genes from Comparative Toxicogenomic Database, our Nanjing Bladder Cancer cohort and TCGA database. Gene×Gene interaction method was utilized to establish a prognostic signature. Integrative assessment of immunogenomics, tumor microenvironments and single-cell RNA-sequencing were performed to illustrate the internal relations of key events from different levels. Finally, we comprehensively identified 33 essential tobacco carcinogens-related genes to construct a novel prognostic signature, and found that high-risk patients were characterized by significantly worse overall survival (HR=2.25; Plog-rank < 0.01). Single-cell RNA-sequencing and multi-omics analysis demonstrated that cancer-associated fibroblasts mediated the crosstalk between epithelial-mesenchymal transition progression and immune evasion. Moreover, an adverse outcome pathway framework was established to facilitate our understanding to the tobacco carcinogens-triggered bladder tumorigenesis. Our study systematically provided immune microenvironmental alternations for smoking-induced adverse survival outcomes in bladder cancer. These findings facilitated the integrative multi-omics insights into risk assessment and toxic mechanisms of tobacco carcinogens.Copyright © 2024. Published by Elsevier B.V.","Journal Article; Research Support, Non-U.S. Gov't",Wu J; Gao F; Meng R; Li H; Mao Z; Xiao Y; Pu Q; Du M; Zhang Z; Shao Q,not_signature_like_title,not_signature_like_title
38715622,10.1155/2024/4285171,2024,Genetics research,"Analysis of Bladder Cancer Staging Prediction Using Deep Residual Neural Network, Radiomics, and RNA-Seq from High-Definition CT Images.","Bladder cancer has recently seen an alarming increase in global diagnoses, ascending as a predominant cause of cancer-related mortalities. Given this pressing scenario, there is a burgeoning need to identify effective biomarkers for both the diagnosis and therapeutic guidance of bladder cancer. This study focuses on evaluating the potential of high-definition computed tomography (CT) imagery coupled with RNA-sequencing analysis to accurately predict bladder tumor stages, utilizing deep residual networks. Data for this study, including CT images and RNA-Seq datasets for 82 high-grade bladder cancer patients, were sourced from the TCIA and TCGA databases. We employed Cox and lasso regression analyses to determine radiomics and gene signatures, leading to the identification of a three-factor radiomics signature and a four-gene signature in our bladder cancer cohort. ROC curve analyses underscored the strong predictive capacities of both these signatures. Furthermore, we formulated a nomogram integrating clinical features, radiomics, and gene signatures. This nomogram's AUC scores stood at 0.870, 0.873, and 0.971 for 1-year, 3-year, and 5-year predictions, respectively. Our model, leveraging radiomics and gene signatures, presents significant promise for enhancing diagnostic precision in bladder cancer prognosis, advocating for its clinical adoption.Copyright © 2024 Yao Zhou et al.","Journal Article; Research Support, Non-U.S. Gov't; Research Support, N.I.H., Extramural",Zhou Y; Zheng X; Sun Z; Wang B,not_signature_like_title; imaging_or_pathology,not_signature_like_title; imaging_or_pathology
38579085,10.1097/MD.0000000000037590,2024,Medicine,ALYREF m5C RNA methylation reader predicts bladder cancer prognosis by regulating the tumor immune microenvironment.,"5-Methylcytidine (m5C) methylation is a recently emerging epigenetic modification that is closely related to tumor proliferation, occurrence, and metastasis. This study aimed to investigate the clinicopathological characteristics and prognostic value of m5C regulators in bladder cancer (BLCA), and their correlation with the tumor immune microenvironment.Thirteen m5C RNA methylation regulators were analyzed using RNA-sequencing and corresponding clinical information obtained from the TCGA database. The Cluster Profiler package was used to analyze the gene ontology function of potential targets and enriched the Kyoto Encyclopedia of Genes and Genomes pathway. Kaplan-Meier survival analysis was used to compare survival differences using the log-rank test and univariate Cox proportional hazards regression. The correlation between signature prognostic m5C regulators and various immune cells was analyzed. Univariate and multivariate Cox regression analyses identified independence of the ALYREF gene signature.Nine out of the 13 m5C RNA methylation regulators were differentially expressed in BLCA and normal samples and were co-expressed. These 9 regulators were associated with clinicopathological tumor characteristics, particularly high or low tumor risk, pT or pTNM stage, and migration. Consensus clustering analysis divides the BLCA samples into 4 clusters. Kyoto Encyclopedia of Genes and Genomes (KEGG) pathway enrichment annotation and gene ontology function analysis identified 273 upregulated and 594 downregulated genes in BLCA. Notably, only ALYREF was significantly correlated with OS (P < .05). ALYREF exhibited significant infiltration levels in macrophage cells. Therefore, we constructed a nomogram for ALYREF as an independent prognostic factor. Additionally, we observed that both the mRNA and protein levels of ALYREF were upregulated, and immunofluorescence showed that ALYREF was mainly distributed in nuclear speckles. ALYREF overexpression was significantly associated with poor OS.Our findings demonstrated the potential of ALYREF to predict clinical prognostic risks in BLCA patients and regulate the tumor immune microenvironment. As such, ALYREF may serve as a novel prognostic indicator in BLCA patients.Copyright © 2024 the Author(s). Published by Wolters Kluwer Health, Inc.",Journal Article,Pan W; Liu X; Liu S,non_mrna_title,non_mrna_title
38570787,10.1186/s12935-024-03258-9,2024,Cancer cell international,Deciphering the prognostic features of bladder cancer through gemcitabine resistance and immune-related gene analysis and identifying potential small molecular drug PIK-75.,"Bladder cancer (BCa) stands out as a prevalent and highly lethal malignancy worldwide. Chemoresistance significantly contributes to cancer recurrence and progression. Traditional Tumor Node Metastasis (TNM) stage and molecular subtypes often fail to promptly identify treatment preferences based on sensitivity.In this study, we developed a prognostic signature for BCa with uni-Cox + LASSO + multi-Cox survival analysis in multiple independent cohorts. Six machine learning algorithms were adopted to screen out the hub gene, RAC3. IHC staining was used to validate the expression of RAC3 in BCa tumor tissue. RT-qPCR and Western blot were performed to detect and quantify the mRNA and protein levels of RAC3. CCK8, colony formation, wound healing, and flow cytometry analysis of apoptosis were employed to determine cell proliferation, migration, and apoptosis. Molecular docking was used to find small target drugs, PIK-75. 3D cell viability assay was applied to evaluate the ATP viability of bladder cancer organoids before and after PIK-75 treated.The established clinical prognostic model, GIRS, comprises 13 genes associated with gemcitabine resistance and immunology. This model has demonstrated robust predictive capabilities for survival outcomes across various independent public cohorts. Additionally, the GIRS signature shows significant correlations with responses to both immunotherapy and chemotherapy. Leveraging machine learning algorithms, the hub gene, RAC3, was identified, and potential upstream transcription factors were screened through database analysis. IHC results showed that RAC3 was higher expressed in GEM-resistant BCa patients. Employing molecular docking, the small molecule drug PIK-75, as binding to RAC3, was identified. Experiments on cell lines, organoids and animals validated the biological effects of PIK-75 in bladder cancer.The GIRS signature offers a valuable complement to the conventional anatomic TNM staging system and molecular subtype stratification in bladder cancer. The hub gene, RAC3, plays a crucial role in BCa and is significantly associated with resistance to gemcitabine. The small molecular drug, PIK-75 having the potential as a therapeutic agent in the context of gemcitabine-resistant and immune-related pathways.© 2024. The Author(s).",Journal Article,Cai T; Feng T; Li G; Wang J; Jin S; Ye D; Zhu Y,not_signature_like_title,not_signature_like_title
38387404,10.1016/j.ebiom.2024.105032,2024,EBioMedicine,A hypoxia biomarker does not predict benefit from giving chemotherapy with radiotherapy in the BC2001 randomised controlled trial.,"BC2001 showed combining chemotherapy (5-FU + mitomycin-C) with radiotherapy improves loco-regional disease-free survival in patients with muscle-invasive bladder cancer (MIBC). We previously showed a 24-gene hypoxia-associated signature predicted benefit from hypoxia-modifying radiosensitisation in BCON and hypothesised that only patients with low hypoxia scores (HSs) would benefit from chemotherapy in BC2001. BC2001 allowed conventional (64Gy/32 fractions) or hypofractionated (55Gy/20 fractions) radiotherapy. An exploratory analysis tested an additional hypothesis that hypofractionation reduces reoxygenation and would be detrimental for patients with hypoxic tumours.RNA was extracted from pre-treatment biopsies (298 BC2001 patients), transcriptomic data generated (Affymetrix Clariom-S arrays), HSs calculated (median expression of 24-signature genes) and patients stratified as hypoxia-high or -low (cut-off: cohort median).invasive loco-regional control (ILRC); secondary overall survival.Hypoxia affected overall survival (HR = 1.30; 95% CI 0.99-1.70; p = 0.062): more uncertainty for ILRC (HR = 1.29; 95% CI 0.82-2.03; p = 0.264). Benefit from chemotherapy was similar for patients with high or low HSs, with no interaction between HS and treatment arm. High HS associated with poor ILRC following hypofractionated (n = 90, HR 1.69; 95% CI 0.99-2.89 p = 0.057) but not conventional (n = 207, HR 0.70; 95% CI 0.28-1.80, p = 0.461) radiotherapy. The finding was confirmed in an independent cohort (BCON) where hypoxia associated with a poor prognosis for patients receiving hypofractionated (n = 51; HR 14.2; 95% CI 1.7-119; p = 0.015) but not conventional (n = 24, HR 1.04; 95% CI 0.07-15.5, p = 0.978) radiotherapy.Tumour hypoxia status does not affect benefit from BC2001 chemotherapy. Hypoxia appears to affect fractionation sensitivity. Use of HSs to personalise treatment needs testing in a biomarker-stratified trial.Cancer Research UK, NIHR, MRC.Copyright © 2024 The Author(s). Published by Elsevier B.V. All rights reserved.",Randomized Controlled Trial; Journal Article,Smith TAD; West CML; Joseph N; Lane B; Irlam-Jones J; More E; Mistry H; Reeves KJ; Song YP; Reardon M,not_signature_like_title,not_signature_like_title
38333832,10.1016/j.heliyon.2024.e24858,2024,Heliyon,The prognostic significance and clinical relevance of stem cell characteristic in bladder cancer.,"Bladder cancer (BLCA) is a common malignant tumor of urinary system and prognostic biomarkers are needed for better clinical decision-making and patient management. Cancer stem cells (CSCs) are involved in carcinogenesis, development, metastasis and recurrence of BLCA. This study explored the prognostic and predictive value of CSCs-related genes and laid the groundwork for precision treatment development in BLCA.The mRNA data and corresponding clinical information obtained from TCGA-BLCA cohort was used to discover biomarkers and develop CSCs-related prognostic model, which was further validated in GSE32548 and GSE32894 datasets. In addition, the association between CSCs-related risk score and therapeutic efficacy was analyzed to explore the potential predictive value of the prognostic model.We identified four CSCs-related subtypes and 900 differentially expressed genes (DEGs) among subtypes. Then the CSCs-related prognostic model was built based on 16 CSCs-related DEGs with the most significant prognostic value. Patients in the low-risk group had better overall survival than those in high-risk group (P < 0.001; HR, 0.42; 95 %CI, 0.31-0.57). Multivariable Cox analysis in training and test sets confirmed the independence of CSCs-related risk score as a prognostic factor (P < 0.05). The difference of survival between two risk groups were probably due to the significantly varied immune microenvironment based on the analysis of infiltrated immune cells. Additionally, the risk score was significantly associated with chemotherapy sensitivity and the response to anti-PD-L1 therapy (P < 0.05) which suggested a potential predictive value of CSCs-related risk model.We established a risk classifier based on 16 CSCs-related genes for predicting survival in patients with BLCA. The CSCs-related risk model has both prognostic value and potential predictive value for therapeutic efficacy, which brings us closer to understanding the important role of CSCs in BLCA and may provide guidance for clinical treatment decision-making and patient management. The clinical utility of the CSCs-related risk classifier warrants further studies.© 2024 The Authors. Published by Elsevier Ltd.",Journal Article,Chen X; Yin Y; He Y; Meng F; Zhao J; Liu F; Xu Y; Wang G; Zhu X; Ma S,not_signature_like_title,not_signature_like_title
38355560,10.1038/s41467-024-45132-2,2024,Nature communications,The IL6/JAK/STAT3 signaling axis is a therapeutic vulnerability in SMARCB1-deficient bladder cancer.,"SMARCB1 loss has long been observed in many solid tumors. However, there is a need to elucidate targetable pathways driving growth and metastasis in SMARCB1-deficient tumors. Here, we demonstrate that SMARCB1 deficiency, defined as genomic SMARCB1 copy number loss associated with reduced mRNA, drives disease progression in patients with bladder cancer by engaging STAT3. SMARCB1 loss increases the chromatin accessibility of the STAT3 locus in vitro. Orthotopically implanted SMARCB1 knockout (KO) cell lines exhibit increased tumor growth and metastasis. SMARCB1-deficient tumors show an increased IL6/JAK/STAT3 signaling axis in in vivo models and patients. Furthermore, a pSTAT3 selective inhibitor, TTI-101, reduces tumor growth in SMARCB1 KO orthotopic cell line-derived xenografts and a SMARCB1-deficient patient derived xenograft model. We have identified a gene signature generated from SMARCB1 KO tumors that predicts SMARCB1 deficiency in patients. Overall, these findings support the clinical evaluation of STAT3 inhibitors for the treatment of SMARCB1-deficient bladder cancer.© 2024. The Author(s).","Journal Article; Research Support, N.I.H., Extramural; Research Support, U.S. Gov't, Non-P.H.S.; Research Support, Non-U.S. Gov't",Amara CS; Kami Reddy KR; Yuntao Y; Chan YS; Piyarathna DWB; Dobrolecki LE; Shih DJH; Shi Z; Xu J; Huang S,not_signature_like_title,not_signature_like_title
38217031,10.1186/s40001-024-01642-9,2024,European journal of medical research,Deciphering the significance of anoikis in bladder cancer and systematic analysis of S100A7 as a potential therapeutic target.,"Bladder cancer is an epidemic and life-threating urologic carcinoma. Anoikis is a unusual type of programmed cell death which plays a vital role in tumor survival, invasion and metastasis. Nevertheless, the relationship between anoikis and bladder cancer has not been understood thoroughly.We downloaded the transcriptome and clinical information of BLCA patients from TCGA and GEO databases. Then, we analyzed different expression of anoikis-related genes and established a prognostic model based on TCGA database by univariate Cox regression, lasso regression, and multivariate Cox regression. Then the Kaplan-Meier survival analysis and receiver operating characteristic (ROC) curves were performed. GEO database was used for external validation. BLCA patients in TCGA database were divided into two subgroups by non-negative matrix factorization (NMF) classification. Survival analysis, different gene expression, immune cell infiltration and drug sensitivity were calculated. Finally, we verified the function of S100A7 in two BLCA cell lines.We developed a prognostic risk model based on three anoikis-related genes including TPM1, RAC3 and S100A7. The overall survival of BLCA patients in low-risk groups was significantly better than high-risk groups in training sets, test sets and external validation sets. Subsequently, the checkpoint and immune cell infiltration had significant difference between two groups. Then we identified two subtypes (CA and CB) through NMF analysis and found CA had better OS and PFS than CB. Besides, the accuracy of risk model was verified by ROC analysis. Finally, we identified that knocking down S100A7 gene expression restrained the proliferation and invasion of bladder cancer cells.We established and validated a bladder cancer prognostic model consisting of three genes, which can effectively evaluate the prognosis of bladder cancer patients. Additionally, through cellular experiments, we demonstrated the significant role of S100A7 in the metastasis and invasion of bladder cancer, suggesting its potential as a novel target for future treatments.© 2024. The Author(s).",Journal Article,Wang H; Liu J; Tang R; Hu J; Liu M; Wang J; Zhang J; Hou H,not_signature_like_title,not_signature_like_title
38183115,10.1186/s12967-023-04815-y,2024,Journal of translational medicine,Transcriptomic insights into UTUC: role of inflammatory fibrosis and potential for personalized treatment.,"Upper tract urothelial carcinoma (UTUC) is a rare disease, belonging to the same category of urothelial cancers as bladder cancer (BC). Despite sharing similar non-surgical treatment modalities, UTUC demonstrates a higher metastasis propensity than BC. Furthermore, although both cancers exhibit similar molecular disease emergence mechanisms, sequencing data reveals some differences. Our study investigates the transcriptomic distinctions between UTUC and BC, explores the causes behind UTUC's heightened metastatic tendency, constructs a model for UTUC metastasis and prognosis, and propose personalized treatment strategies for UTUC.In our research, we utilized differential gene expression analysis, interaction networks, and Cox regression to explore the enhanced metastatic propensity of UTUC. We formulated and validated a prognostic risk model using diverse techniques, including cell co-culture, reverse transcription quantitative polymerase chain reaction (rt-qPCR), western blotting, and transwell experiments. Our methodological approach also involved survival analysis, risk model construction, and drug screening leveraging the databases of CTRPv2, PRISM and CMap. We used the Masson staining technique for histological assessments. All statistical evaluations were conducted using R software and GraphPad Prism 9, reinforcing the rigorous and comprehensive nature of our research approach.Screening through inflammatory fibrosis revealed a reduction of extracellular matrix and cell adhesion molecules regulated by proteoglycans in UTUC compared with BC, making UTUC more metastasis-prone. We demonstrated that SDC1, LUM, VEGFA, WNT7B, and TIMP3, are critical in promoting UTUC metastasis. A risk model based on these five molecules can effectively predict the risk of UTUC metastasis and disease-free survival time. Given UTUC's unique molecular mechanisms distinct from BC, we discovered that UTUC patients could better mitigate the issue of poor prognosis associated with UTUC's easy metastasis through tyrosine kinase inhibitors (TKIs) alongside the conventional gemcitabine and cisplatin chemotherapy regimen.The poor prognosis of UTUC because of its high metastatic propensity is intimately tied to inflammatory fibrosis induced by the accumulation of reactive oxygen species. The biological model constructed using the five molecules SDC1, LUM, VEGFA, WNT7B, and TIMP3 can effectively predict patient prognosis. UTUC patients require specialized treatments in addition to conventional regimens, with TKIs exhibiting significant potential.© 2023. The Author(s).","Journal Article; Research Support, Non-U.S. Gov't",Li K; Huang Z; Xie G; Huang B; Song L; Zhang Y; Yang J,not_signature_like_title,not_signature_like_title
37802365,10.1016/j.mvr.2023.104614,2024,Microvascular research,PDGFRA exhibits potential as an indicator of angiogenesis within the tumor microenvironment and is up-regulated in BLCA.,"Bladder cancer (BLCA) is a common type of urogenital malignancy worldwide. The recurrence and metastasis of bladder cancer are closely related to angiogenesis, but the underlying mechanisms are unclear. In this study, we developed a method to predict survival outcomes among BLCA patients, which could be used to guide immunotherapy and chemotherapy. We obtained patient data from The Cancer Genome Atlas (TCGA) and identified angiogenesis-related genes from the GeneCards database. First, we used differential expression analysis and univariate Cox analysis to identify angiogenesis-related genes and used correlation analysis to generate molecular subtypes based on M2 macrophages. Next, we constructed a prognostic signature consisting of four genes (ECM1, EFEMP1, SLIT2, and PDGFRΑ), which was found to be an independent prognostic factor. Higher risk scores were associated with worse overall survival and higher expression of immune checkpoints. We also evaluated immune cell infiltration using the CIBERSORT and ssGSEA algorithms. Additionally, we performed stratification analyses, constructed a nomogram, and predicted chemotherapeutic responses based on the risk signature. Finally, we validated our findings by using qRT-PCR as well as IHC data to detect the expression levels of the four genes at mRNA and protein levels in BLCA patients and obtained results that were consistent with our predictions. Our study demonstrates the utility of a four-gene prognostic signature for prognostication in bladder cancer patients and designing personalized treatments, which could provide new avenues for personalized management of these patients.Copyright © 2023 Elsevier Inc. All rights reserved.",Journal Article,Hou Y; Du W; Wu Q; Chai X; Wang Y; Mi Y; Tian Y; Tang M; Li J; Yan D,not_signature_like_title,not_signature_like_title
37625558,10.1016/j.gene.2023.147735,2023,Gene,Comprehensive analysis of N1-methylandenosine regulators and m1A-related mRNAs and lncRNAs as prognostic factors in bladder cancer.,"Bladder cancer (BC) is a lethal malignancy and recurs frequently. m1A plays a vital role in maintaining the biological functions of non-coding RNAs. The Cancer Genome Atlas (TCGA) is a free website from where transcriptome data of BC were obtained. We chose m1A methylation regulators for this study. Six m1A methylation regulator genes have a higher expression in BC tissue compared to normal tissue. The aberrant expression of those m1A regulator genes was remarkably related to BC prognosis and clinicopathological features. First, m1A-related mRNAs and long noncoding RNAs (lncRNAs) were identified. Next, univariate Cox regression, least absolute shrinkage and selection operator (LASSO) Cox regression and multivariate Cox regression were performed to get the optimum RNAs for the development of prognostic signatures. Also, a nomogram with T status, lncRNA risk scores and mRNA risk scores was constructed. It revealed an adequate capacity to predict the overall survival of BC cases in the training set as well as in the testing set and in the total TCGA cohort. In conclusion, m1A methylation regulator genes played an important role in predicting the overall survival of BC patients. In addition, m1A-related lncRNAs and mRNAs illustrated underlying mechanisms of tumorigenesis and development of BC.Copyright © 2023. Published by Elsevier B.V.",Journal Article,Luo Q; Huang C; Chen M,not_signature_like_title,not_signature_like_title
38071230,10.1038/s41598-023-49167-1,2023,Scientific reports,Identification and validation of telomerase related lncRNAs signature to predict prognosis and tumor immunotherapy response in bladder cancer.,"Telomerase allows eukaryotic cells to proliferate indefinitely, an important characteristic of tumor cells. Telomerase-related long no coding RNAs (TERLs) are involved in prognosis and drug sensitivity prediction; however, their association with bladder cancer (BLCA) is still unreported. The objective of this research is to determine a predictive prognostic TERL signature for OS and to provide an efficient treatment option for BLCA. The RNA sequence, clinical information, and mutational data of BLCA patients were acquired from The Cancer Genome Atlas (TCGA) database. With the help of the data from least absolute shrinkage and selection operator (LASSO) regression and Cox regression, a prognostic signature was established including 14 TERLs, which could divide BLCA patients into low-risk (L-R) and high-risk (H-R) cohorts. The time-dependent receiver operating characteristic (ROC) curve demonstrated the greater predictive power of the model. By combing the TERLs-based signature and clinical risk factors (age, sex, grade, and stage), a prognostic nomogram was constructed to forecast the survival rates of patients with BLCA at 1-, 3-, and 5-years, which was well matched by calibration plots C-index and Decision curve analysis (DCA). Furthermore, the L-R cohort showed higher tumor mutation burden (TMB) and lower tumor immune dysfunction and exclusion (TIDE) than the H-R cohort, as well as substantial variability in immune cell infiltration and immune function between the two cohorts was elucidated. As for external validation, LINC01711 and RAP2C-AS1 were identified as poor prognostic factors by survival analysis from the Kaplan-Meier Plotter database, which were validated in BLCA cell lines (EJ, 253J, T24, and 5637) and SV-HUC-1 cells as the control group using qRT-PCR. In addition, interference with the expression of RAP2C-AS1 suppresses the proliferation and migration of BLCA cells, and RAP2C-AS1 could affect the expression of CD274 and CTLA4, which could serve as prognostic markers and characterize the tumor microenvironment in BLCA. Overall, the model based on the 14-TERLs signature can efficiently predict the prognosis and drug treatment response in individuals with bladder cancer.© 2023. The Author(s).",Journal Article,Chen X; Qin Z; Zhu X; Wang L; Li C; Wang H,non_mrna_title,non_mrna_title
38094043,10.1016/j.heliyon.2023.e21153,2023,Heliyon,Cuproptosis-related long noncoding RNAs predicts overall survival and reveal immune microenvironment of bladder cancer.,"Recently, a newly programmed cell death has been discovered, namely cuproptosis. It is considered a novel copper-dependent cell death model. Long non-coding RNA (lncRNA) influence the prognosis of bladder cancer. In this study, we established a scoring system based on 7 cuproptosis-related lncRNA to predict the prognosis and immune landscape of bladder cancer (BCa).Gene expression and clinical data of 431 tissues were downloaded from The Cancer Genome Atlas (TCGA), including 19 normal samples and 419 cancer samples. All samples were randomly categorized into train and test cohorts. Cuproptosis-related lncRNA were distinguished. Then we conduct univariate COX and multivariate COX regression, paralleled with LASSO regression to cultivate a cuproptosis-related lncRNA risk model. Kaplan-Meier curves, scatter diagram, C-index, ROC curves, nomogram, PCA analysis and univariate and multivariate Cox regression were used to test the accuracy of risk model and to predict patient survival. Additional, gene mutation status between high- and low-risk groups was calculated.GO and KEGG were used to access the DEGs (different expression genes)-related pathway.The ssGSEA and ESTIMATE algorithms were used to assess the immune function in different tumor samples. Besides, patient's response to immunotherapy and drug susceptibility were also been estimated.7 cuproptosis-related lncRNA (LINC01184, LINC00513, LINC02443, SMARCA5-AS1, BDNF-AS, SOD2-OT1, HYI-AS1) were selected to construct the risk model in the train cohort. This model can well predict the overall survival (OS) in test group and entire cohort with different stage. Despite no significant different is observed in gene mutation between high- and low-risk group, different immune infiltration, different survival and sensitivity to drugs are discovered.We established a novel cuproptosis-related lncRNA risk model which can predict the outcome and immunotherapy response with satisfactory predictive effects. This risk model can provide a new insight into prognostic evaluation and may have potential to guide comprehensive treatment in bladder cancer.© 2023 The Author(s).",Journal Article,Wang H; Lv Z; Xia H; Tang R; Liu M; Wang J; Wang J,not_signature_like_title,not_signature_like_title
37740761,10.1007/s00432-023-05266-0,2023,Journal of cancer research and clinical oncology,Identifying possible hub genes and biological mechanisms shared between bladder cancer and inflammatory bowel disease using machine learning and integrated bioinformatics.,"Recent studies have shown that inflammatory bowel disease (IBD) is associated with bladder cancer (BC) incidence. But there is still a lack of understanding regarding its pathogenesis. Thus, this study aimed to identify potential hub genes and their important pathways and pathological mechanisms of interactions between IBD and BC using bioinformatics methods.The data from Gene Expression Omnibus (GEO) and the cancer genome atlas (TCGA) were analyzed to screen common differentially expressed genes (DEGs) between IBD and BC. The ""clusterProfiler"" package was used to analyze GO term and Kyoto Encyclopedia of Genes and Genomes (KEGG) pathway enrichment in DEGs. After that, we conducted a weighted gene co-expression network analysis (WGCNA) on these DEGs to determine the vital modules and genes significantly related to BC. Protein-protein interaction (PPI) networks was used to identify hub genes. Further, the hub genes were used to develop a prognostic signature by Cox analysis. The validity of the ten hub DEGs was tested using three classification algorithms. Finally, we analyzed the microRNAs (miRNA)-mRNA, transcription factors (TFs)-mRNA regulatory network.Positive regulation of organelle fission, chromosomal region, tubulin binding, and cell cycle signaling pathway were the major enriched pathways for the common DEGs. PPI networks identified three hub proteins (AURKB, CDK1, and CCNA2) with high connectivity. Three machine-learning classification algorithms based on ten hub genes performed well for IBD and BC (accuracy > 0.80). The robust predictive model based on the ten hub genes could accurately classify BC cases with various clinical outcomes. Based on the gene-TFs and gene-miRNAs network construction, 9 TFs and 6 miRNAs were identified as potential critical TFs and miRNAs. There are 13 drugs that interact with the hub gene based on gene-drug interaction analysis.This study explored common gene signatures and the potential pathogenesis of IBD and BC. We revealed that an unbalanced immune response, cell cycle pathway, and neutrophil infiltration might be the common pathogenesis of IBD and BC. Molecular mechanisms for the treatment of IBD and CC still require further investigation.© 2023. The Author(s), under exclusive licence to Springer-Verlag GmbH Germany, part of Springer Nature.",Journal Article,Liu J; Wu P; Lai S; Wang J; Wang J; Zhang Y,not_signature_like_title,not_signature_like_title
38017469,10.1186/s12935-023-03160-w,2023,Cancer cell international,Identifying prognostic characteristics of m6A-related glycolysis gene and predicting the immune infiltration landscape in bladder cancer.,"Glucose metabolism is associated with the development of cancers, and m6A RNA methylation regulator-related genes play vital roles in bladder urothelial carcinoma (BLCA). However, the role of m6A-related glucose metabolism genes in BLCA occurrence and development has not yet been reported. Our study aims to integrate m6A- and glycolysis-related genes and find potential gene targets for clinical diagnosis and prognosis of BLCA patients.Sequencing data and clinical information on BLCA were extracted from common databases. Univariate Cox analysis was used to screen prognosis-related m6A glucose metabolism genes; BLCA subtypes were distinguished using consensus clustering analysis. Subsequently, genes associated with BLCA occurrence and development were identified using the ""limma"" R package. The risk score was then calculated, and a nomogram was constructed to predict survival rate of BLCA patients. Functional and immune microenvironment analyses were performed to explore potential functions and mechanisms of the different risk groups.Based on 70 prognosis-related m6A glucose metabolism genes, BLCA was classified into two subtypes, and 34 genes associated with its occurrence and development were identified. Enrichment analysis revealed an association of genes in high-risk groups with tricarboxylic acid cycle function and glycolysis. Moreover, significantly higher levels of seven immune checkpoints, 14 immune checkpoint inhibitors, and 32 immune factors were found in high-risk score groups.This study identified two biomarkers associated with BLCA prognosis; these findings may deepen our understanding of the role of m6A-related glucose metabolism genes in BLCA development. We constructed a m6A-related glucose metabolism- and immune-related gene risk model, which could effectively predict patient prognosis and immunotherapy response and guide individualized immunotherapy.© 2023. The Author(s).",Journal Article,Zhou G; Li Y; Ren X; Qin G; Zhang Z; Zhao H; Gao L; Jiang X,not_signature_like_title,not_signature_like_title
37271571,10.1002/jgm.3549,2023,The journal of gene medicine,Construction and validation of risk model of EMT-related prognostic genes for kidney renal clear cell carcinoma.,"Kidney renal clear cell carcinoma (KIRC) is a prevalent type of urological malignancy. The present study aimed to predict biomarkers for KIRC.We collected transcriptomic and clinical information for KIRC from The Cancer Genome Atlas and GSE22541 cohorts.Unsupervised clustering of 35 epithelial-mesenchymal transformation (EMT)-related differentially expressed gene profiles divided samples into two clusters with distinct immune characteristics. Six genes (IL20RB, DDC, ANKRD36BP2, F2RL1, TEK, and AMN) were found to construct a prognostic risk model using multivariate Cox regression analysis. Kaplan-Meier analysis suggested the better prognosis of the KIRC patients in the low-risk group than that in the high-risk group. Immune infiltration analyses was conducted using xCell and single-sample gene set enrichment analysis, indicating that the risk score was associated with the immune microenvironment of the KIRC. Prognostic marker gene-targeted medications with high drug sensitivity were predicted in KIRC patients.In summary, the present study identified IL20RB, DDC, ANKRD36BP2, F2RL1, TEK, and AMN as prognostic biomarkers, providing insight into immunotherapy and gene-targeted drugs of KIRC.© 2023 John Wiley & Sons Ltd.",Journal Article,Wu LL; Yuan SF; Lin QY; Chen GM; Zhang W; Zheng WE; Lin HL,not_bladder,not_bladder
37505479,10.1158/1078-0432.CCR-23-0653,2023,Clinical cancer research : an official journal of the American Association for Cancer Research,A Population of Tumor-Infiltrating CD4+ T Cells Co-Expressing CD38 and CD39 Is Associated with Checkpoint Inhibitor Resistance.,"We previously showed that elevated frequencies of peripheral blood CD3+CD4+CD127-GARP-CD38+CD39+ T cells were associated with checkpoint immunotherapy resistance in patients with metastatic melanoma. In the present study, we sought to further investigate this population of ectoenzyme-expressing T cells (Teee).Teee derived from the peripheral blood of patients with metastatic melanoma were evaluated by bulk RNA-sequencing (RNA-seq) and flow cytometry. The presence of Teee in the tumor microenvironment was assessed using publically available single-cell RNA-seq datasets of melanoma, lung, and bladder cancers along with multispectral immunofluorescent imaging of melanoma patient formalin-fixed, paraffin-embedded specimens. Suppressive function of Teee was determined by an in vitro autologous suppression assay.Teee had phenotypes associated with proliferation, apoptosis, exhaustion, and high expression of inhibitory molecules. Cells with a Teee gene signature were present in tumors of patients with melanoma, lung, and bladder cancers. CD4+ T cells co-expressing CD38 and CD39 in the tumor microenvironment were preferentially associated with Ki67- CD8+ T cells. Co-culture of patient Teee with autologous T cells resulted in decreased proliferation of target T cells. High baseline intratumoral frequencies of Teee were associated with checkpoint immunotherapy resistance and poor overall survival in patients with metastatic melanoma.These results demonstrate that a novel population of CD4+ T cells co-expressing CD38 and CD39 is found both in the peripheral blood and tumor of patients with melanoma and is associated with checkpoint immunotherapy resistance.©2023 American Association for Cancer Research.","Journal Article; Research Support, N.I.H., Extramural",Mitra A; Thompson B; Strange A; Amato CM; Vassallo M; Dolgalev I; Hester-McCullough J; Muramatsu T; Kimono D; Puranik AS,not_signature_like_title,not_signature_like_title
37869074,10.3389/fonc.2023.1260114,2023,Frontiers in oncology,Integrative analysis of triphenyl phosphate: contextual interpretation of bladder cancer cohort.,"In recent years, organophosphate ester flame retardants (OPFRs) have emerged as preferred alternatives to brominated flame retardants (BFRs) in materials such as building supplies, textiles, and furnishings. Simultaneously, a notable surge in bladder cancer incidences has been observed globally, particularly in developed nations, placing it as the 10th most prevalent cancer type. Among the extensive OPFRs, the linkage between triphenyl phosphate (TPP) and bladder cancer remains inadequately investigated. Hence, our study endeavors to elucidate this potential association. We sourced transcriptome profiles and TPP-related data from The Cancer Genome Atlas and Comparative Toxicogenomics databases. Using the ssGSEA algorithm, we established TPP-correlated scores within the bladder cancer cohort. Differentially expressed analysis enabled us to identify key genes in bladder cancer patients. We utilized the LASSO regression analysis, along with univariate and multivariate COX regression analyses to construct a prognostic prediction model. To uncover critical pathways involving key genes, we employed GSEA and GSVA enrichment analyses. Molecular docking analysis was performed to determine the binding capability between TPP and proteins. Our findings reveal that the TPP-centric risk model offers valuable prediction for bladder cancer cohorts. Furthermore, the reliability of this TPP-influenced risk model was verified through ROC curve analysis and survival studies. Intriguingly, TPP exposure appears to bolster the proliferation and invasiveness of bladder cancer cells. This study furnishes new insights into the possible benefits of minimizing TPP exposure for hindering bladder cancer progression.Copyright © 2023 Zhang, Huang, Huang, Zhang, Xu, Cheng, Qin, Lu and Wang.",Journal Article,Zhang X; Huang W; Huang T; Zhang J; Xu A; Cheng Y; Qin C; Lu Q; Wang Z,not_signature_like_title,not_signature_like_title
37393523,10.1002/jbt.23441,2023,Journal of biochemical and molecular toxicology,Identification of novel lncRNA prognostic biomarkers and their associated ceRNAs in bladder urothelial carcinoma.,"Bladder urothelial carcinoma (BUCA) is a common malignant tumor with a high rate of metastasis and recurrence. The lack of specific and sensitive biomarkers for the prognostic assessment makes it important to seek alternatives. Recent studies have demonstrated that long noncoding RNAs (lncRNAs) function as competitive endogenous RNAs (ceRNAs) and play an important role in BUCA prognosis. Therefore, this study aimed to establish a prognosis-related lncRNAs-microRNAs (miRNAs)-messenger RNA (mRNA) (pceRNA) network and identify novel prognostic biomarkers. Integrated weighted coexpression analysis, functional clustering, and ceRNA network were used for the prognostic assessment of BUCA. The transcriptome sequencing datasets of lncRNA, miRNA, and mRNA from The Cancer Genome Atlas database were used for the identification of key lncRNAs and construction of the lncRNAs expression signature for prognostic prediction of BUCA patients. Then, 14 differentially expressed lncRNAs (DE-lncRNAs) were identified as candidate prognostic RNAs based on the ceRNAs network and functional clustering. In the Cox regression analysis, two (AC008676.1 and ADAMTS9-AS1) of all DE-lncRNAs were significantly associated with overall survival (OS) of BUCA patients. This two DE-lncRNA signature was significantly correlated with OS and was an independent prognostic factor, which was confirmed in an independent dataset of GSE216037. Moreover, we constructed the pceRNA network that includes 2 DE-lncRNAs, 9 DE-miRNAs, and 10 DE-mRNAs. Pathway enrichment analysis showed that AC008676.1 and ADAMTS9-AS1 are involved in several cancer-related pathways such as proteoglycans in cancer and TGF-beta signaling pathway. The novel-identified DE-lncRNA prognostic signature and the pceRNA network in this study will be valuable risk predictors and diagnostic markers for BUCA.© 2023 Wiley Periodicals LLC.",Journal Article,Lu S; Zhang X; Cai Z; Xi Z; Wang F; Wang X; Li W; Dai P,not_signature_like_title; non_mrna_title,not_signature_like_title; non_mrna_title
37780567,10.3389/fmed.2023.1193133,2023,Frontiers in medicine,Development and validation of prognostic index based on purine metabolism genes in patients with bladder cancer.,"Bladder cancer (BLCA) is a prevalent malignancy affecting the urinary system and is associated with significant morbidity and mortality worldwide. Dysregulation of tumor metabolic pathways is closely linked to the initiation and proliferation of BLCA. Tumor cells exhibit distinct metabolic activities compared to normal cells, and the purine metabolism pathway, responsible for providing essential components for DNA and RNA synthesis, is believed to play a crucial role. However, the precise involvement of Purine Metabolism Genes (PMGs) in the defense mechanism against BLCA remains elusive.The integration of BLCA samples from the TCGA and GEO datasets facilitated the quantitative evaluation of PMGs, offering potential insights into their predictive capabilities. Leveraging the wealth of information encompassing mRNAsi, gene mutations, CNV, TMB, and clinical features within these datasets further enriched the analysis, augmenting its robustness and reliability. Through the utilization of Lasso regression, a prediction model was developed, enabling accurate prognostic assessments within the context of BLCA. Additionally, co-expression analysis shed light on the complex relationship between gene expression patterns and PMGs, unraveling their functional relevance and potential implications in BLCA.PMGs exhibited increased expression levels in the high-risk cohort of BLCA patients, even in the absence of other clinical indicators, suggesting their potential as prognostic markers. GSEA revealed enrichment of immunological and tumor-related pathways specifically in the high-risk group. Furthermore, notable differences were observed in immune function and m6a gene expression between the low- and high-risk groups. Several genes, including CLDN6, CES1, SOST, SPRR2A, MYBPH, CGB5, and KRT1, were found to potentially participate in the oncogenic processes underlying BLCA. Additionally, CRTAC1 was identified as potential tumor suppressor genes. Significant discrepancies in immunological function and m6a gene expression were observed between the two risk groups, further highlighting the distinct molecular characteristics associated with different prognostic outcomes. Notably, strong correlations were observed among the prognostic model, CNVs, SNPs, and drug sensitivity profiles.PMGs have been implicated in the etiology and progression of bladder cancer (BLCA). Prognostic models corresponding to this malignancy aid in the accurate prediction of patient outcomes. Notably, exploring the potential therapeutic targets within the tumor microenvironment (TME) such as PMGs and immune cell infiltration holds promise for effective BLCA management, albeit necessitating further research. Moreover, the identification of a gene signature associated with purine Metabolism presents a credible and alternative approach for predicting BLCA, signifying a burgeoning avenue for targeted therapeutic investigations in the field of BLCA.Copyright © 2023 Wu, Feng, Wei, Lin and Chen.",Journal Article,Wu Z; Feng Z; Wei H; Lin C; Chen K,not_signature_like_title,not_signature_like_title
38639590,,2023,Zhonghua nan ke xue = National journal of andrology,[Identification of lncrnas associated with aniline toxicity in male bladder cancer and construction of tumor risk prediction models].,"Aniline poisoning is considered to be an important factor mediating the development and progression of male bladder cancer,and long non-coding RNA(lncRNA)has also been shown to affect the prognosis of male bladder cancer.Therefore,this study intended to screen and identify lncrnas associated with highly sensitive aniline poisoning of male bladder cancer,and to construct a tumor risk prediction model accordingly.Gene expression and clinical data from 410 tissues were downloaded from the Cancer Genome Atlas(TCGA),and all samples were randomly divided into training and testing groups.Lncrnas associated with aniline poisoning were distinguished.We then performed univariate COX and multivariate COX regressions,in parallel with LASSO regression,to establish a lncRNA risk model associated with aniline poisoning.Kaplan-Meier curve,scatterplot,C-index,ROCcurve,nomogram,PCAanalysis,and univariate and multivariate Cox regression were used to test the accuracy of the risk model and predict patient survival.Seven lncrnas associated with aniline poisoning(LINC01184, LINC00513,LINC02443,SMARCA5-AS1,BDNF-AS,SOD2-OT1,HYI-AS1)were screened and identified,and based on this,a risk prediction model with high sensitivity to the malignant progression of bladder cancer was constructed.It is also verified that the model can effectively predict the overall survival(OS)of the test group and the whole cohort at different stages.We identified 7 lncrnas associated with aniline poisoning and established a novel risk model of lncrnas associated with aniline poisoning,which provides new insights for prognosis assessment and may guide the comprehensive treatment of male bladder cancer.",English Abstract; Journal Article,Jiang Q; Wei ZF; Xiong Y; Jiang B; Yao AB,not_signature_like_title; non_mrna_title,not_signature_like_title; non_mrna_title
37269345,10.1007/s00432-023-04886-w,2023,Journal of cancer research and clinical oncology,Identification of necroptosis-related long non-coding RNAs prognostic signature and the crucial lncRNA in bladder cancer.,"Research on the relationships between long non-coding RNAs (lncRNAs) and cancer is attractive and has progressed very rapidly. Necroptosis-related biomarkers can potentially be used for predicting the prognosis of cancer patients. This study aimed to establish a necroptosis-related lncRNA (NPlncRNA) signature to predict the prognosis of patients with bladder cancer (BCa).First, NPlncRNAs were identified using Pearson correlation analysis and machine learning algorithms, including SVM-RFE, least absolute shrinkage and selection operator (LASSO) regression, and random forest. The prognostic NPlncRNA signature was constructed using univariate and multivariate Cox regression analyses and the diagnostic efficacy and clinically predictive efficiency were evaluated and validated. The biological functions of the signature were analysed using gene set enrichment analysis (GSEA) and functional enrichment analysis. We further integrated the RNA-seq dataset (GSE133624) with our outcomes to reveal the crucial NPlncRNA that was functionally verified by assessing cell viability, proliferation, and apoptosis in BCa cells.The prognostic NPlncRNAs signature was composed of PTOV1-AS2, AC083862.2, MAFG-DT, AC074117.1, AL049840.3, and AC078778.1, and a risk score based on this signature was proven to be an independent prognostic factor for the BCa patients, indicated by poor overall survival (OS) of patients in the high-risk group. Additionally, the NPlncRNAs signature had a higher diagnostic validity than that of other clinicopathological variables, with a greater area under the receptor operating characteristic and concordance index curves. A nomogram established by integrating clinical variables and risk score confirmed that the signature can accurately predict the OS of patients and has high clinical practicability. Functional enrichment analysis and GSEA revealed that some cancer-related and necroptosis-related pathways were enriched in high-risk groups. The crucial NPlncRNA MAFG-DT was associated with poor prognosis and was highly expressed in BCa cells. MAFG-DT silencing notably inhibited proliferation and enhanced apoptosis of BCa cells.A novel prognostic NPlncRNAs signature was identified in BCa in this study, which provides potential therapeutic targets among which MAFG-DT plays critical roles in the tumorigenesis of BCa.© 2023. The Author(s), under exclusive licence to Springer-Verlag GmbH Germany, part of Springer Nature.",Journal Article,Sun YF; Chen L; Xia QJ; Wang TH,non_mrna_title,non_mrna_title
37701108,10.21037/tcr-23-98,2023,Translational cancer research,Novel potential urinary biomarkers for effective diagnosis and prognostic evaluation of high-grade bladder cancer.,"High-grade bladder cancer (HGBC) has a higher malignant potential, recurrence and progression rate compared to low-grade phenotype. Its early symptoms are often vague, making non-invasive diagnosis using urinary biomarkers a promising approach.The gene expression data from urine samples of patients with HGBC was extracted from the GSE68020 dataset. The clinical information and gene expression data in tumor tissues of HGBC patients were obtained from The Cancer Genome Atlas (TCGA) database. Multivariate Cox analysis was used to predict the optimal risk model. The protein-protein interaction (PPI) analysis was performed via the Search Tool for the Retrieval of Interacting Genes (STRING) database and visualized using Cytoscape. Overall survival (OS) was evaluated in the Gene Expression Profiling Interactive Analysis (GEPIA) online platform. Competing endogenous RNA (ceRNA) network was also visualized using Cytoscape. The expression levels of specific genes were assessed through quantitative real-time reverse transcription-polymerase chain reaction (qRT-PCR). Moreover, co-expressed genes and potential biological functions related to specific genes were explored based on the Cancer Cell Line Encyclopedia (CCLE) database.A total of 560 differentially expressed genes (DEGs) were identified when comparing the urine sediment samples from HGBC patients with the benign ones. Using these urinary DEGs and the clinical information of HGBC patients, we developed an optimal risk model consisting of eight genes to predict the patient outcome. By integrating the node degree values in the PPI network with the expression changes in both urine and tissue samples, eighteen hub genes were selected out. Among them, DKC1 and SNRPG had the most prominent comprehensive values, and EFTUD2, LOR and EBNA1BP2 were relevant to a worse OS in bladder cancer patients. The ceRNA network of hub genes indicated that DKC1 may be directly regulated by miR-150 in HGBC. The upregulation of both SNRPG and DKC1 were detected in HGBC cells, which were also observed in various tumor tissues and malignant cell lines, displaying high correlations with other hub genes.Our study may provide theoretical basis for the development of effective non-invasive detection and treatment strategies, and further research is necessary to explore the clinical applications of these findings.2023 Translational Cancer Research. All rights reserved.",Journal Article,Zhang ZG; Shi ZD; Dong JJ; Chen YA; Cao MY; Li YT; Ma WM; Hao L; Pang K; Zhou JH,not_signature_like_title,not_signature_like_title
37632832,10.18632/aging.204975,2023,Aging,Prognosis analysis and validation of lipid metabolism-associated lncRNAs and tumor immune microenvironment in bladder cancer.,"Numerous types of research revealed that long noncoding RNAs (lncRNAs) played a significant role in immune response and the tumor microenvironment of bladder cancer (BLCA). Dysregulated lipid metabolism is considered to be one of the major risk factors for BLCA, the study aimed to detect the lipid metabolism-related lncRNAs (LMRLs) along with their potential prognostic values and immune correlations in BLCA.We collected lipid metabolism-related genes, expression profiles, and clinical information on BLCA from the Molecular Signature Database (MSigDB) and the TCGA database, respectively. Differentially expressed lipid metabolism genes (DE-LMRGs) and differentially expressed long non-coding RNAs (DE-lncRNAs) were selected using the limma package. Spearman correlation analysis was employed to explore the correlations between DE-lncRNAs and DE-LMRGs and to further develop protein-protein interaction (PPI) networks and perform mutational analysis. The least absolute shrinkage and selection operator (LASSO) and univariate Cox analysis were then employed to construct a prognostic risk model. The performance of the model was evaluated using Kaplan-Meier survival analysis, receiver operating characteristic (ROC) curves, and consistency indices. In addition, we downloaded the GSE31684 dataset for external validation of the prognostic signature. Moreover, we explored the association of the risk model with immune cell infiltration and chemotherapy response analysis to reveal the tumor immune microenvironment of BLCA. Finally, RT-qPCR was utilized to validate the expression of prognostic genes.A total of 48 DE-LncRNAs and 33 DE-LMRGs were found to be robustly correlated, and were used to construct a lncRNA-mRNA co-expression network, in which ACACB, ACOX2, and BCHE showed high mutation rates. Then, a risk model based on three LMRLs (RP11-465B22.8, MIR100HG, and LINC00865) was constructed. The risk model effectively distinguished between the clinical outcomes of BLCA patients, with high-risk scores indicating a worse prognosis and with substantial prognostic prediction accuracy. The model's results were consistent in the GSE31684 dataset. In addition, a nomogram was constructed based on the risk score, age, pathological T-stage, and pathological N-stage, which showed robust predictive power. Immune landscape analysis indicated that the risk model was significantly associated with T-cell CD4 memory activation, M1 macrophage, M2 macrophage, dendritic cell activation, and T-cell regulatory. We predicted that 49 drugs would perform satisfactorily in the high-risk group. Additionally, we found five m6A regulators associated with the high- and low-risk groups, suggesting that upstream regulation of LncRNA could be a novel target for BLCA treatment. Finally, RT-qPCR showed that RP11-465B22.8 was highly expressed in BLCA, while MIR100HG and LINC00865 were downregulated in BLCA.Our findings suggest that the three LMRLs may serve as potential prognostic and immunotherapeutic biomarkers in BLCA. In addition, our study provides new ideas for understanding the pathogenic mechanisms and developing therapeutic strategies for BLCA patients.","Journal Article; Research Support, Non-U.S. Gov't",Tan Z; Fu S; Zuo J; Wang J; Wang H,non_mrna_title,non_mrna_title
37455996,10.1016/j.heliyon.2023.e17690,2023,Heliyon,Prediction of immune and targeted drug efficacy in pain-related risk subtypes for bladder cancer patients.,"Bladder cancer is a complex disease with high morbidity and mortality rates. At least 430,000 cases are diagnosed annually worldwide. Cancer pain is the most common and distressing symptom in cancer patients. Studies have reported depression, anxiety, and decreased quality of life in survivors of various cancers. The study of pain-related genes in cancer patients may provide a basis for developing targeted drugs for cancer therapy, which could reduce pain and improve quality of life of cancer patients. In this study, the mRNA expression and clinical data of bladder cancer patients were downloaded from public databases. A total of 103 pain-related genes were also downloaded from the public databases. Univariate Cox regression analysis identified 17 pain-related genes that were significantly associated with overall survival. We calculated a pain-related risk score for each patient, constructed a bladder cancer pain risk model, and categorized bladder cancer patients into two risk subtypes. Differences in prognosis, differential gene expression, immune cell signatures, hallmarks, metabolic pathways, and somatic mutations between the different risk subtypes were systematically investigated. Eight drugs associated with bladder cancer risk subtypes were identified. Their differences in the high- and low-risk subtypes of bladder cancer were examined. In addition, the response to immunotherapy was analyzed in patients with different pain-related subtypes. Results revealed significant differences in these characteristics. Finally, a predictive model for pain-related risk subtypes in patients with bladder cancer was established. The study findings provide a reference for prognostication and personalized medical treatment of bladder cancer patients.© 2023 The Authors.",Journal Article,Wang Y; Kong Q; Li M; Gu J; Chen J; Yang L; Chi M,not_signature_like_title,not_signature_like_title
37138324,10.1186/s12967-023-04151-1,2023,Journal of translational medicine,The potential crosstalk between tumor and plasma cells and its association with clinical outcome and immunotherapy response in bladder cancer.,"Although immunotherapy is effective in improving the clinical outcomes of patients with bladder cancer (BC), it is only effective in a small percentage of patients. Intercellular crosstalk in the tumor microenvironment strongly influences patient response to immunotherapy, while the crosstalk patterns of plasma cells (PCs) as endogenous antibody-producing cells remain unknown. Here, we aimed to explore the heterogeneity of PCs and their potential crosstalk patterns with BC tumor cells.Crosstalk patterns between PCs and tumor cells were revealed by performing integrated bulk and single-cell RNA sequencing (RNA-seq) and spatial transcriptome data analysis. A risk model was constructed based on ligand/receptor to quantify crosstalk patterns by stepwise regression Cox analysis.Based on cell infiltration scores inferred from bulk RNA-seq data (n = 728), we found that high infiltration of PCs was associated with better overall survival (OS) and response to immunotherapy in BC. Further single-cell transcriptome analysis (n = 8; 41,894 filtered cells) identified two dominant types of PCs, IgG1 and IgA1 PCs. Signal transduction from tumor cells of specific states (stress-like and hypoxia-like tumor cells) to PCs, for example, via the LAMB3/CD44 and ANGPTL4/SDC1 ligand/receptor pairs, was validated by spatial transcriptome analysis and associated with poorer OS as well as nonresponse to immunotherapy. More importantly, a ligand/receptor pair-based risk model was constructed and showed excellent performance in predicting patient survival and immunotherapy response.PCs are an important component of the tumor microenvironment, and their crosstalk with tumor cells influences clinical outcomes and response to immunotherapies in BC patients.© 2023. The Author(s).","Journal Article; Research Support, Non-U.S. Gov't",Long F; Wang W; Li S; Wang B; Hu X; Wang J; Xu Y; Liu M; Zhou J; Si H,not_signature_like_title,not_signature_like_title
37072750,10.1186/s12885-023-10828-z,2023,BMC cancer,"Identification of immunotherapy-related lncRNA signature for predicting prognosis, immunotherapy responses and drug candidates in bladder cancer.","Bladder cancer (BC) is one of the most common malignant diseases and the most common causes of cancer death worldwide. Immunotherapy has opened new avenues for precision treatment of bladder tumours, and immune checkpoint inhibitors (ICIs) have revolutionized the clinical treatment strategy of bladder tumours. In addition, long non-coding RNA (lncRNA) plays an important role in regulating tumour development and immunotherapy efficacy.We obtained genes with significant differences between anti-PD-L1 response and non-response from the Imvogor210 data set and combined with the bladder cancer expression data in the TCGA cohort to obtain immunotherapy-related lncRNA. Based on these lncRNAs, the prognostic risk model of bladder cancer was constructed and verified by GEO external data set. The characterization of immune cell infiltration and immunotherapy effects between high-risk and low-risk groups were then analysed. We predicted the ceRNA network and performed molecular docking of key target proteins. The functional experiments verified the function of SBF2-AS1.Three immunotherapy-related lncRNAs were identified as independent prognostic biomarkers for bladder cancer and a prognostic model of immunotherapy-related prognosis was constructed. Prognosis, immune cell infiltration, and immunotherapy efficacy were significantly different between high- and low-risk groups based on risk scores. Additionally, we established a ceRNA network of lncRNA(SBF2-AS1)-miRNA(has-miR-582-5p)-mRNA (HNRNPA2B1). Targeting the protein HNRNPA2B1 identified the top eight small molecule drugs with the highest affinity.We developed a prognostic risk score model based on immune-therapy-related lncRNA, which was subsequently determined to be significantly associated with immune cell infiltration and immunotherapy response. This study not only helps to promote our understanding of immunotherapy-related lncRNA in the prognosis of BC, but also provides new ideas for clinical immunotherapy and the development of novel therapeutic drugs for patients.© 2023. The Author(s).",Journal Article,Hui P; Ni F; Zheng L; Jia L; Wang Z,non_mrna_title,non_mrna_title
36978709,10.3390/bioengineering10030318,2023,"Bioengineering (Basel, Switzerland)",Development of a Molecular-Subtype-Associated Immune Prognostic Signature That Can Be Recognized by MRI Radiomics Features in Bladder Cancer.,"Background: Bladder cancer (BLCA) is highly heterogeneous with distinct molecular subtypes. This research aimed to investigate the heterogeneity of different molecular subtypes from a tumor microenvironment perspective and develop a molecular-subtype-associated immune prognostic signature that can be recognized by MRI radiomics features. Methods: Individuals with BLCA in The Cancer Genome Atlas (TCGA) and IMvigor210 were classified into luminal and basal subtypes according to the UNC classification. The proportions of tumor-infiltrating immune cells (TIICs) were examined using The Cell Type Identification by Estimating Relative Subsets of RNA Transcripts algorithm. Immune-linked genes that were expressed differentially between luminal and basal subtypes and associated with prognosis were selected to develop the immune prognostic signature (IPS) and utilized for the classification of the selected individuals into low- and high-risk groups. Functional enrichment analysis (GSEA) was performed on the IPS. The data from RNA-sequencing and MRI images of 111 BLCA samples in our center were utilized to construct a least absolute shrinkage and selection operator (LASSO) model for the prediction of patients' IPSs. Results: Half of the TIICs showed differential distributions between the luminal and basal subtypes. IPS was highly associated with molecular subtypes, critical immune checkpoint gene expression, prognoses, and immunotherapy response. The prognostic value of the IPS was further verified through several validation data sets (GSE32894, GSE31684, GSE13507, and GSE48277) and meta-analysis. GSEA revealed that some oncogenic pathways were co-enriched in the group at high risk. A novel performance of a LASSO model developed as per ten radiomics features was achieved in terms of IPS prediction in both the validation (area under the curve (AUC): 0.810) and the training (AUC: 0.839) sets. Conclusions: Dysregulation of TIICs contributed to the heterogeneity between the luminal and basal subtypes. The IPS can facilitate molecular subtyping, prognostic evaluation, and personalized immunotherapy. A LASSO model developed as per the MRI radiomics features can predict the IPSs of affected individuals.",Journal Article,Liu S; Chen H; Zheng Z; He Y; Yao X,imaging_or_pathology,imaging_or_pathology
36237132,10.1002/cam4.5344,2023,Cancer medicine,A pyroptosis-related lncRNA signature in bladder cancer.,"Pyroptosis, a type of programmed cell death, is implicated in the tumorigenesis, development and migration of cancer, which can be regulated by long non-coding RNAs (lncRNAs). Our research aimed to investigate the prognostic role of pyroptosis-related lncRNAs and the relationship to the tumor immune microenvironment through bioinformatics analysis.The clinical and RNA-sequencing data of bladder cancer patients were downloaded from The Cancer Genome Atlas (TCGA). And 412 bladder cancer subjects with clinical information were divided into training and testing cohort. And 52 reported pyroptosis-related genes were used to screen pyroptosis-related lncRNAs. A pyroptosis-related lncRNA signature was constructed based on Cox regression analyses.A 9-pyroptosis-related-lncRNA signature was identified to separate patients with bladder cancer into two groups. The prognosis of bladder cancer patients in the high-risk group was significantly inferior compared with those in the low-risk group. Risk scores were validated to develop an independent prognostic indicator based on multivariate Cox regression analysis. Receiver operating characteristic curve (ROC) analysis examined the signature on overall survival. The area under time-dependent ROC curve (AUC) at 1-, 3, and 5-years measured 0.747, 0.783, and 0.768, respectively. Analysis of the immune landscape and PD-L1 expression showed that PD-L1 is upregulated in the high-risk group. The immunocyte subtypes of the two groups were different.A novel pyroptosis-related lncRNA signature was identified with prognostic value for bladder cancer patients. Pyroptosis-related lncRNAs have a potential role in cancer immunology and may serve as prognostic or therapeutic targets.© 2022 The Authors. Cancer Medicine published by John Wiley & Sons Ltd.","Journal Article; Research Support, Non-U.S. Gov't",Wang P; Wang Z; Zhu L; Sun Y; Castellano L; Stebbing J; Yu Z; Peng L,non_mrna_title,non_mrna_title
36685947,10.3389/fgene.2022.1082691,2022,Frontiers in genetics,A novel cuproptosis-related lncRNA signature predicts prognosis and therapeutic response in bladder cancer.,"Bladder cancer (BC) ranks the tenth in the incidence of global tumor epidemiology. LncRNAs and cuproptosis were discovered to regulate the cell death. Herein, we downloaded transcriptome profiling, mutational data, and clinical data on patients from The Cancer Genome Atlas (TCGA). High- and low-risk BC patients were categorized. Three CRLs (AL590428.1, AL138756.1 and GUSBP11) were taken into prognostic signature through least absolute shrinkage and selection operator (LASSO) Cox regression. Worse OS and PFS were shown in high-risk group (p < 0.05). ROC, independent prognostic analyses, nomogram and C-index were predicted via CRLs. Gene Ontology (GO) and Kyoto Encyclopedia of Genes and Genomes (KEGG) analysis indicated IncRNAs play a biological role in BC progression. Immune-related functions showed the high-risk group received more benefit from immunotherapy and had stronger immune responses, and the overall survival was better (p < 0.05). Finally, a more effective outcome (p < 0.05) was found from clinical immunotherapy via the TIDE algorithm and many potential anti-tumor drugs were identified. In our study, the cuproptosis-related signature provided a novel tool to predict the prognosis in BC patients accurately and provided a novel strategy for clinical immunotherapy and clinical applications.Copyright © 2023 Cai, Xie, Yan, Huang, Tang, Cao, Wang, Yang, Wen, Tan, Zhang and Shen.",Journal Article,Cai J; Xie H; Yan Y; Huang Z; Tang P; Cao X; Wang Z; Yang C; Wen J; Tan M,non_mrna_title,non_mrna_title
36595859,10.1097/MD.0000000000032558,2022,Medicine,A prognostic risk prediction model based on ferroptosis-related long non-coding RNAs in bladder cancer: A bulk RNA-seq research and scRNA-seq validation.,"To construct a prognostic risk model of bladder cancer (BC) from the perspective of long non-coding RNAs (lncRNAs) and ferroptosis, in order to guide clinical prognosis and identify potential therapeutic targets.In-hours BC samples were collected from 4 patients diagnosed with BC, who underwent radical cystectomy. Single cell transcriptome sequencing was performed and Seurat package were used for quality control and secondary analysis. LncRNAs expression profiles of BC samples were extracted from The Cancer Genome Atlas database. And sex, age, tumor, node, metastasis stage and other clinical data was downloaded at the same time. Ferroptosis-related lncRNAs were identified by co-expression analysis. We constructed a risk model by Cox regression and least absolute shrinkage and selection operator regression analyses. The predictive strength of the risk model for overall survival (OS) of patients with BC was evaluated by the log-rank test and Kaplan-Meier method. Finally, the enrichment analysis was performed and visualized.We identified and included 15 prognostic ferroptosis-related lncRNAs (AL356740.1, FOXC2AS1, ZNF528AS1, LINC02535, PSMB8AS1, AL590428.1, AP000347.2, OCIAD1-AS1, AP001347.1, AC104986.2, AC018926.2, LINC00867, AC099518.4, USP30-AS1, and ARHGAP5-AS1), to build our ferroptosis-related lncRNAs risk model. Using this risk model, BC patients were divided into high and low-risk groups, and their respective survival lengths were calculated. The results showed that the OS of the low-risk group was significantly longer than that of the high-risk group. A nomogram was utilized to predict the survival rate of BC patients. As indicated in the nomogram, risk score was the most important indicator of OS in patients with BC. The ferroptosis-related lncRNAs risk model is an independent tool for prognostic risk assessment in patients with BC. Single cell transcriptome sequencing suggests that ferroptosis-related lncRNAs express specifically in BC tumor microenvironment. AL356740.1, LINC02535 and LINC00867 were mainly expressed in tumor cells.The risk model based on the ferroptosis-related lncRNAs and the genomic clinico-pathological nomogram could be used to accurately predict the prognosis of patients with BC. The lncRNAs used to build this model might become potential therapeutic targets in the future.Copyright © 2022 the Author(s). Published by Wolters Kluwer Health, Inc.",Journal Article,Xiang X; Guo Y; Chen Z; Zhang F; Huang J; Qin Y,not_signature_like_title,not_signature_like_title
36505486,10.3389/fimmu.2022.1055304,2022,Frontiers in immunology,Comprehensive analysis of anoikis-related long non-coding RNA immune infiltration in patients with bladder cancer and immunotherapy.,"Anoikis is a form of programmed cell death or programmed cell death(PCD) for short. Studies suggest that anoikis involves in the decisive steps of tumor progression and cancer cell metastasis and spread, but what part it plays in bladder cancer remains unclear. We sought to screen for anoikis-correlated long non-coding RNA (lncRNA) so that we can build a risk model to understand its ability to predict bladder cancer prognosis and the immune landscape.We screened seven anoikis-related lncRNAs (arlncRNAs) from The Cancer Genome Atlas (TCGA) and designed a risk model. It was validated through ROC curves and clinicopathological correlation analysis, and demonstrated to be an independent factor of prognosis prediction by uni- and multi-COX regression. In the meantime, Kyoto Encyclopedia of Genes and Genomes (KEGG) enrichment analysis, immune infiltration, and half-maximal inhibitory concentration prediction (IC50) were implemented with the model. Moreover, we divided bladder cancer patients into three subtypes by consensus clustering analysis to further study the differences in prognosis, immune infiltration level, immune checkpoints, and drug susceptibility.We designed a risk model of seven arlncRNAs, and proved its accuracy using ROC curves. COX regression indicated that the model might be an independent prediction factor of bladder cancer prognosis. KEGG enrichment analysis showed it was enriched in tumors and immune-related pathways among the people at high risk. Immune correlation analysis and drug susceptibility results indicated that it had higher immune infiltration and might have a better immunotherapy efficacy for high-risk groups. Of the three subtypes classified by consensus clustering analysis, cluster 3 revealed a positive prognosis, and cluster 2 showed the highest level of immune infiltration and was sensitive to most chemistries. This is helpful for us to discover more precise immunotherapy for bladder cancer patients.In a nutshell, we found seven arlncRNAs and built a risk model that can identify different bladder cancer subtypes and predict the prognosis of bladder cancer patients. Immune-related and drug sensitivity researches demonstrate it can provide individual therapeutic schedule with greater precision for bladder cancer patients.Copyright © 2022 Zhang, Li, Li, Zhou, Chen, Liu, Wang, Jiang, Wang, Liu, Zhao and Li.",Journal Article,Zhang YY; Li XW; Li XD; Zhou TT; Chen C; Liu JW; Wang L; Jiang X; Wang L; Liu M,not_signature_like_title,not_signature_like_title
36468020,10.3389/fgene.2022.1047004,2022,Frontiers in genetics,Clinical value of M1 macrophage-related genes identification in bladder urothelial carcinoma and in vitro validation.,"Background: Tumor microenvironment (TME) takes a non-negligible role in the progression and metastasis of bladder urothelial carcinoma (BLCA) and tumor development could be inhibited by macrophage M1 in TME. The role of macrophage M1-related genes in BLCA adjuvant therapy has not been studied well. Methods: CIBERSOR algorithm was applied for identification tumor-infiltrating immune cells (TICs) subtypes of subjects from The Cancer Genome Atlas (TCGA) and Gene Expression Omnibus (GEO) data sets. We identified potential modules of M1 macrophages by weighted gene co-expression network analysis (WGCNA). Nomogram was determined by one-way Cox regression and lasso regression analysis for M1 macrophage genes. The data from GEO are taken to verify the models externally. Kaplan-Meier and receiver operating characteristic (ROC) curves validated prognostic value of M1 macrophage genes. Finally, we divided patients into the low-risk group (LRG) and the high-risk group (HRG) based on the median risk score (RS), and the predictive value of RS in patients with BLCA immunotherapy and chemotherapy was investigated. Bladder cancer (T24, 5637, and BIU-87) and bladder uroepithelial cell line (SV-HUC-1) were used for in vitro validation. Reverse transcription-quantitative polymerase chain reaction (RT-qPCR) was employed to validate the associated genes mRNA level. Results: 111 macrophage M1-related genes were identified using WGCNA. RS model containing three prognostically significant M1 macrophage-associated genes (FBXO6, OAS1, and TMEM229B) was formed by multiple Cox analysis, and a polygenic risk model and a comprehensive prognostic line plot was developed. The calibration curve clarified RS was a good predictor of prognosis. Patients in the LRG were more suitable for programmed cell death protein 1 (PD1) and cytotoxic T lymphocyte associate protein-4 (CTLA4) combination immunotherapy. Finally, chemotherapeutic drug models showed patients in the LRG were more sensitive to gemcitabine and mitomycin. RT-qPCR result elucidated the upregulation of FBXO6, TMEM229B, and downregulation of OAS1 in BLCA cell lines. Conclusion: A predictive model based on M1 macrophage-related genes can help guide us in the treatment of BLCA.Copyright © 2022 Yu, Huang, Li, Ou, Xu and Kang.",Journal Article,Yu Y; Huang Y; Li C; Ou S; Xu C; Kang Z,not_signature_like_title,not_signature_like_title
36425941,10.1155/2022/5643496,2022,Journal of oncology,A New Prognostic Signature Constructed with Necroptosis-Related lncRNA in Bladder Cancer.,"Bladder cancer (BC) accounts for the most common urologic malignancy, leading to a heavy social burden over the world. We aim to search for a novel prognostic biomarker with necroptosis-related lncRNAs of bladder cancer in this study.We download the RNA-sequencing data and corresponding clinical information of BC patients from TCGA. We performed Pearson correlation analysis to identify necroptosis-related lncRNAs (NRlncRNAs). Then, we used univariate Cox regression, Lasso Cox analysis, and multivariate Cox regression to construct the optimal prognostic model. Next, we used Kaplan-Meier curves, Cox regression, receiver operating characteristic (ROC) curves, nomogram, and stratified survival analysis to evaluate the capacity of the prognostic signature. Furthermore, gene set enrichments in the signature and the correlation between prognostic signature and necroptosis genes, tumor microenvironment, immune infiltration, and immune checkpoints of BC were also explored.A 7-NRlncRNAs signature comprising FKBP14-AS1, AL731567.1, LINC02178, AC011503.2, LINC02195, AC068196.1, and AL136084.2 was constructed to predict the prognosis of BC in this research. Cox regression analysis showed that the signature could be an independent prognostic factor for BC patients (P < 0.001). Compared to other clinicopathological characteristics, this signature displayed a better capacity of prediction with the area under the curve (AUC) of 0.745. Stratified analysis using various clinical variables demonstrated that the prognostic signature has good clinical fitness. GSEA showed that focal adhesion and the WNT signaling pathway were enriched in the high-risk group. Immune infiltration analysis indicated that the signature was significantly inversely correlated with infiltration of CD8+ T cells and CD4+ T cells while positively correlated with macrophages and cancer associated fibroblasts. Immune checkpoint analysis revealed that the expressions of protective factors were significantly lower in the high-risk group, while expressions of cancer promotors were significantly higher in this group. The gene expression analysis displayed that necroptosis genes such as FADD, FAS, MYC, STAT3, PLK1, LEF1, EGFR, RIPK3, CASP8, BRAF, ID1, GATA3, MYCN, CD40, and TNFRSF21 were significantly different between the two groups.The 7-NRlncRNAs signature can predict the overall survival of BC and may provide help for the individualized treatment of BC patients.Copyright © 2022 Zuhu Yu et al.",Journal Article,Yu Z; Lu B; Gao H; Liang R,non_mrna_title,non_mrna_title
36451815,10.3389/fimmu.2022.1027449,2022,Frontiers in immunology,A novel cuproptosis-related lncRNA signature predicts the prognosis and immune landscape in bladder cancer.,"Bladder cancer (BLCA) is one of the deadliest diseases, with over 550,000 new cases and 170,000 deaths globally every year. Cuproptosis is a copper-triggered programmed cell death and is associated with the prognosis and immune response of various cancers. Long non-coding RNA (lncRNA) could serve as a prognostic biomarker and is involved in the progression of BLCA.The gene expression profile of cuproptosis-related lncRNAs was analyzed by using data from The Cancer Genome Atlas. Cox regression analysis and least absolute shrinkage and selection operator analysis were performed to construct a cuproptosis-related lncRNA prognostic signature. The predictive performance of this signature was verified by ROC curves and a nomogram. We also explored the difference in immune-related activity, tumor mutation burden (TMB), tumor immune dysfunction and exclusion (TIDE), and drug sensitivity between the high- and low-risk groups.We successfully constructed a cuproptosis-related lncRNA prognostic signature for BLCA including eight lncRNAs (RNF139-AS1, LINC00996, NR2F2-AS1, AL590428.1, SEC24B-AS1, AC006566.1, UBE2Q1-AS1, and AL021978.1). Multivariate Cox analysis suggested that age, clinical stage, and risk score were the independent risk factors for predicting prognosis of BLCA. Further analysis revealed that this signature not only had higher diagnostic efficiency compared to other clinical features but also had a good performance in predicting the 1-year, 3-year, and 5-year overall survival rate in BLCA. Notably, BLCA patients with a low risk score seemed to be associated with an inflamed tumor immune microenvironment and had a higher TMB level than those with a high risk score. In addition, patients with a high risk score had a higher TIDE score and a higher half maximal inhibitory concentration value of many therapeutic drugs than those with a low risk score.We identified a novel cuproptosis-related lncRNA signature that could predict the prognosis and immune landscape of BLCA.Copyright © 2022 Bai, Zhang, Liu and Quan.","Journal Article; Research Support, Non-U.S. Gov't",Bai Y; Zhang Q; Liu F; Quan J,non_mrna_title,non_mrna_title
36428492,10.3390/biomedicines10112925,2022,Biomedicines,Oncogenic Roles of Polycomb Repressive Complex 2 in Bladder Cancer and Upper Tract Urothelial Carcinoma.,"Cancers of the urinary tract are one of the most common malignancies worldwide, causing high morbidity and mortality, and representing a social burden. Upper tract urothelial carcinoma (UTUC) accounts for 5−10% of urinary tract cancers, and its oncogenic mechanisms remain elusive. We postulated that cancers of the lower and the upper urinary tract may share some important oncogenic mechanisms. Therefore, the oncogenic mechanisms discovered in the lower urinary tract may guide the investigation of molecular mechanisms in the upper urinary tract. Based on this strategy, we revisited a high-quality transcriptome dataset of 510 patients with non-muscle invasive bladder cancer (NMIBC), and performed an innovative gene set enrichment analysis of the transcriptome. We discovered that the epigenetic regulation of polycomb repressive complex 2 (PRC2) is responsible for the recurrence and progression of lower-track urinary cancers. Additionally, a PRC2-related gene signature model was discovered to be effective in classifying bladder cancer patients with distinct susceptibility of subsequent recurrence and progression (log-rank p < 0.001 and = 0.001, respectively). We continued to discover that the same model can differentiate stage T3 UTUC patients from stage Ta/T1 patients (p = 0.026). Immunohistochemical staining revealed the presence of PRC2 components (EZH2, EED, and SUZ12) and methylated PRC2 substrates (H3K27me3) in the archived UTUC tissues. The H3K27me3 exhibited higher intensity and area intensity product in stage T3 UTUC tissues than in stage Ta/T1 tissues (p = 0.006 and 0.015, respectively), implicating stronger PRC2 activity in advanced UTUC. The relationship between H3K27 methylation and gene expression is examined using correlations. The H3K27me3 abundance is positively correlated with the expression levels of CDC26, RP11-2B6, MAPK1IP1L, SFR1, RP11-196B3, CDK5RAP2, ANXA5, STX11, PSMD5, and FGFRL1. It is also negatively correlated with CNPY2, KB-1208A12, RP11-175B9, ZNF692, RANP8, RP11-245C17, TMEM266, FBXW9, SUGT1P2, and PRH1. In conclusion, PRC2 and its epigenetic effects are major oncogenic mechanisms underlying both bladder cancer and UTUC. The epigenetically regulated genes of PRC2 in urothelial carcinoma were also elucidated using correlation statistics.",Journal Article,Huang EY; Chen YK; Ou CP; Chen YT; Chen SF; Huang WJ; Liang KH,not_signature_like_title,not_signature_like_title
36309694,10.1186/s12967-022-03711-1,2022,Journal of translational medicine,m6A-immune-related lncRNA prognostic signature for predicting immune landscape and prognosis of bladder cancer.,"N6-methyladenosine (m6A) related long noncoding RNAs (lncRNAs) may have prognostic value in bladder cancer for their key role in tumorigenesis and innate immunity.Bladder cancer transcriptome data and the corresponding clinical data were acquired from the Cancer Genome Atlas (TCGA) database. The m6A-immune-related lncRNAs were identified using univariate Cox regression analysis and Pearson correlation analysis. A risk model was established using least absolute shrinkage and selection operator (LASSO) Cox regression analyses, and analyzed using nomogram, time-dependent receiver operating characteristics (ROC) and Kaplan-Meier survival analysis. The differences in infiltration scores, clinical features, and sensitivity to Talazoparib of various immune cells between low- and high-risk groups were investigated.Totally 618 m6A-immune-related lncRNAs and 490 immune-related lncRNAs were identified from TCGA, and 47 lncRNAs of their intersection demonstrated prognostic values. A risk model with 11 lncRNAs was established by Lasso Cox regression, and can predict the prognosis of bladder cancer patients as demonstrated by time-dependent ROC and Kaplan-Meier analysis. Significant correlations were determined between risk score and tumor malignancy or immune cell infiltration. Meanwhile, significant differences were observed in tumor mutation burden and stemness-score between the low-risk group and high-risk group. Moreover, high-risk group patients were more responsive to Talazoparib.An m6A-immune-related lncRNA risk model was established in this study, which can be applied to predict prognosis, immune landscape and chemotherapeutic response in bladder cancer.© 2022. The Author(s).","Journal Article; Research Support, Non-U.S. Gov't",Feng ZH; Liang YP; Cen JJ; Yao HH; Lin HS; Li JY; Liang H; Wang Z; Deng Q; Cao JZ,non_mrna_title,non_mrna_title
36268283,10.1155/2022/8408328,2022,Journal of oncology,A Novel Risk Model for lncRNAs Associated with Oxidative Stress Predicts Prognosis of Bladder Cancer.,"Oxidative stress (OS) reactions are closely related to the development and progression of bladder cancer (BCa). This project aimed to identify new potential biomarkers to predict the prognosis of BCa and improve immunotherapy.We downloaded transcriptomic information and clinical data on BCa from The Cancer Genome Atlas (TCGA). Screening for OS genes was statistically different between tumor and adjacent normal tissue. A coexpression analysis between lncRNAs and differentially expressed OS genes was performed to identify OS-related lncRNAs. Then, differentially expressed oxidative stress lncRNAs (DEOSlncRNAs) between tumors and normal tissues were identified. Univariate/multivariate Cox regression analysis was performed to select the lncRNAs for risk assessment. LASSO analysis was conducted to establish a prognostic model. The prognostic risk model could accurately predict BCa patient prognosis and reveal a close correlation with clinicopathological features. We analyzed the principal component analysis (PCA), immune microenvironment, and half-maximal inhibitory concentration (IC50) in the risk groups.We constructed a model containing eight DEOSlncRNAs (AC021321.1, AC068196.1, AC008750.1, SETBP1-DT, AL590617.2, THUMPD3-AS1, AC112721.1, and NR4A1AS). The prognostic risk model showed better results in predicting the prognosis of BCa patients and was strongly correlated with clinicopathological characteristics. We found great agreement between the calibration plots and prognostic predictions in this model. The areas under the receiver operating characteristic (ROC) curve (AUCs) at 1, 3, and 5 years were 0.792, 0.804, and 0.843, respectively. This model also showed good predictive ability regarding the tumor microenvironment and tumor mutation burden. In addition, the high-risk group was more sensitive to eight therapeutic agents, and the low-risk group was more responsive to five therapeutic agents. Sixteen immune checkpoints were significantly different between the two risk groups.Our eight DEOSlncRNA risk models provide new insights into predicting prognosis and clinical progression in BCa patients.Copyright © 2022 Lixiang Feng et al.",Journal Article,Feng L; Yang K; Kuang Q; Peng M; Li L; Luo P,non_mrna_title,non_mrna_title
35731212,10.1158/1541-7786.MCR-20-1029,2022,Molecular cancer research : MCR,TRAF4 Inhibits Bladder Cancer Progression by Promoting BMP/SMAD Signaling.,"Patients with bladder cancer often have a poor prognosis due to the highly invasive and metastatic characteristics of bladder cancer cells. Epithelial-to-mesenchymal transition (EMT) has been causally linked to bladder cancer invasion. The E3 ubiquitin ligase, tumor necrosis factor receptor-associated factor 4 (TRAF4) has been implicated as a tumor promoter in a wide range of cancers. In contrast, here we show that low TRAF4 expression is associated with poor overall survival in patients with bladder cancer. We show that the TRAF4 gene is epigenetically silenced and that ERK mediates TRAF4 phosphorylation, resulting in lower TRAF4 protein levels in bladder cancer cells. In addition, we demonstrate that TRAF4 is inversely correlated with an EMT gene signature/protein marker expression. Functionally, by manipulating TRAF4 expression, we show that TRAF4 regulates EMT genes and epithelial and invasive properties in bladder cancer cells. Transcriptomic analysis of dysregulated TRAF4 expression in bladder cancer cell lines revealed that high TRAF4 expression enhances the bone morphogenetic protein (BMP)/SMAD and inhibits the NF-κB signaling pathway. Mechanistically, we show that TRAF4 targets the E3 ubiquitin ligase SMURF1, a negative regulator of BMP/SMAD signaling, for proteasomal degradation in bladder cancer cells. This was corroborated in patient samples where TRAF4 positively correlates with phospho-SMAD1/5, and negatively correlates with phospho-NFκb-p65. Lastly, we show that genetic and pharmacologic inhibition of SMURF1 inhibits the migration of aggressive mesenchymal bladder cancer cells.Our findings identify E3 ubiquitin ligase TRAF4 as a potential therapeutic target or biomarker for bladder cancer progression.©2022 The Authors; Published by the American Association for Cancer Research.","Journal Article; Research Support, Non-U.S. Gov't",Iyengar PV; Marvin DL; Lama D; Tan TZ; Suriyamurthy S; Xie F; van Dinther M; Mei H; Verma CS; Zhang L,not_signature_like_title,not_signature_like_title
36061188,10.3389/fgene.2022.906880,2022,Frontiers in genetics,Integrated risk scores from N6-methyladenosine-related lncRNAs are potential biomarkers for predicting the overall survival of bladder cancer patients.,"Background: N6-methyladenosine (m6A) is the most common form of mRNA- and long noncoding RNA (lncRNA)-specific internal modification encountered in eukaryotes, with important effects on mRNA stability, translation, and splicing. The role of m6A-modified lncRNAs (m6A-lncRNAs) in bladder cancer (BLCA) is rarely reported. This study aimed to evaluate an efficient prognostic model of BLCA in patients, based on m6A-lncRNAs, and to discover potential biological targets. Methods: Differentially expressed lncRNAs were investigated in 433 BLCA samples derived from The Cancer Genome Atlas (TCGA) database. Kaplan-Meier and univariate Cox regression analyses were performed to screen for m6A-lncRNAs with prognostic roles in BLCA. We implemented Pearson correlation analysis to analyze 18 potentially prognostic lncRNAs and 20 known m6A-associated genes. Next, the data were imputed using least absolute shrinkage and selection operator (LASSO) Cox regression to establish an m6A-lncRNA prognostic signature. Results: We established an integrated risk score (RS) containing five m6A-lncRNAs and constructed a nomogram that had the ability to forecast the overall survival (OS) of patients with BLCA. We showed that the predictive accuracy of the RS for BLCA prognosis was high, which was confirmed by the area under the receiver operating characteristic (ROC) curve. We analyzed the correlation between tumor immune infiltrating cells and RS in high- and low-risk patients with BLCA and used tumor immune dysfunction and exclusion to predict the effect of immunotherapy. We screened out the most relevant modules of RS through the weighted gene co-expression network analysis network and explored their potential biological functions using GO and KEGG analyses. Conclusion: Our findings demonstrate that, compared with nomograms constructed using a single prognostic factor, the integrated RS represents a superior model for predicting survival in patients with BLCA, which may improve the clinical management of BLCA.Copyright © 2022 Huang, Wang and Huang.",Journal Article,Huang X; Wang HF; Huang S,non_mrna_title,non_mrna_title
35964079,10.1186/s41065-022-00245-w,2022,Hereditas,A novel molecular subtypes and risk model based on inflammatory response-related lncrnas for bladder cancer.,"Inflammation and long noncoding RNAs (lncRNAs) are gradually becoming important in the development of bladder cancer (BC). Nevertheless, the potential of inflammatory response-related lncRNAs (IRRlncRNAs) as a prognostic signature remains unexplored in BC.The Cancer Genome Atlas (TCGA) provided RNA expression profiles and clinical information of BC samples, and GSEA Molecular Signatures database provided 1171 inflammation-related genes. IRRlncRNAs were identified using Pearson correlation analysis. After that, consensus clustering was performed to form molecular subtypes. After performing least absolute shrinkage and selection operator (LASSO) and multivariate Cox regression analyses, a risk model constructed based on the prognostic IRRlncRNAs was validated in an independent cohort. Kaplan-Meier (KM) analysis, univariate and multivariate Cox regression, clinical stratification analysis, and time-dependent receiver operating characteristic (ROC) curves were utilized to assess clinical effectiveness and accuracy of the risk model. In clusters and risk model, functional enrichment was investigated using GSEA and GSVA, and immune cell infiltration analysis was demonstrated by ESTIMATE and CIBERSORT analysis.A total of 174 prognostic IRRlncRNAs were confirmed, and 406 samples were divided into 2 clusters, with cluster 2 having a significantly inferior prognosis. Moreover, cluster 2 exhibited a higher ESTIMATE score, immune infiltration, and PD-L1 expression, with close relationships with the inflammatory response. Further, 12 IRRlncRNAs were identified and applied to construct the risk model and divide BC samples into low-risk and high-risk groups successfully. KM, ROC, and clinical stratification analysis demonstrated that the risk model performed well in predicting prognosis. The risk score was identified as an independently significant indicator, enriched in immune, cell cycle, and apoptosis-related pathways, and correlated with 9 immune cells.We developed an inflammatory response-related subtypes and steady prognostic risk model based on 12 IRRlncRNAs, which was valuable for individual prognostic prediction and stratification and outfitted new insight into inflammatory response in BC.© 2022. The Author(s).",Journal Article,Tang F; Zhang J; Lu Z; Liao H; Hu C; Mai Y; Lai Y; Lu Z; Tang Z; Li Z,non_mrna_title,non_mrna_title
35593896,10.1007/s11033-022-07563-2,2022,Molecular biology reports,Epithelial-to-mesenchymal transition based diagnostic and prognostic signature markers in non-muscle invasive and muscle invasive bladder cancer patients.,"Diagnostic and prognostic significance of epithelial-to-mesenchymal transition (EMT) associated biomarkers are evaluated in a cohort of NMIBC (non-muscle invasive bladder cancer) and MIBC (muscle invasive bladder cancer) patients.Real-time quantitative polymerase chain reaction (RT-qPCR) and immunohistochemical (IHC) staining were carried out in 100 tumor specimens (59 NMIBC and 41 MIBC). The expressions of the epithelial marker, mesenchymal markers and EMT-activating transcription factors (EMT-ATFs) were determined at transcriptome and protein level followed by their statistical associations with clinicohistopathological variables of the patients. Transcriptomic expression analysis showed statistical relevance of tumor stage with increased Twist and Zeb-1; tumor type with reduced E-cadherin and increased Snail; and smoking/tobacco chewing status (S/TC) of patients with increased N-cadherin and Snail in NMIBC patients. Tumor grade with reduced message E-cadherin, gain of N-cadherin, Snail, Twist and Zeb-1; patients' age with reduced E-cadherin and Twist gain; and tumor type with increased message N-cadherin exhibited associations in MIBC patients. Protein expression analysis identified statistical relevance of tumor grade with nuclear gain of Snail and Twist; and nuclear gain of Slug with S/TC status of NMIBC patients. Novel gain of membranous Vimentin deduced association with patients' age in MIBC patients. Survival analysis identified novel Vimentin as the positive predictor of short progression free survival (PFS) and short overall survival (OS) in MIBC patients. Study established altered EMT profile as the independent negative predictor of short recurrence free survival (RFS) in NMIBC patients and positive predictor of short PFS and OS in MIBC patients.EMT associated biomarkers could provide diagnostic and prognostic risk stratification and hence could be of importance in the clinical management of bladder cancer patients.© 2022. The Author(s), under exclusive licence to Springer Nature B.V.",Journal Article; Retracted Publication,Singh R; Singh UP; Agrawal V; Garg M,publication_type,publication_type
35860239,10.3389/fimmu.2022.916800,2022,Frontiers in immunology,Predicting Prognosis and Distinguishing Cold and Hot Tumors in Bladder Urothelial Carcinoma Based on Necroptosis-Associated lncRNAs.,"In reference to previous studies, necroptosis played an important role in cancer development. Our team decided to explore the potential prognostic values of long non-coding RNAs (lncRNAs) associated with necroptosis in bladder urothelial carcinoma (BLCA) and their relationship with the tumor microenvironment (TME) and the immunotherapeutic response for accurate dose.To obtain the required data, bladder urothelial carcinoma transcriptome data were searched from Cancer Genome Atlas (TCGA) (https://portal.gdc.cancer.gov/). We used co-expression analysis, differential expression analysis, and univariate Cox regression to screen out prognostic lncRNAs associated with necroptosis in BLCA. Then the least absolute shrinkage and selection operator (LASSO) was conducted to construct the necroptosis-associated lncRNAs model. Based on this model, we also performed the Kaplan-Meier analysis and time-dependent receiver operating characteristics (ROC) to estimate the prognostic power of risk score. Multivariate and univariate Cox regression analysis were performed to build up a nomogram. Calibration curves, and time-dependent ROC were also conducted to evaluate nomogram. Principal component analysis (PCA) revealed a difference between high- and low-risk groups. In addition, we explored immune analysis, gene set enrichment analyses (GSEA), and evaluation of the half-maximal inhibitory concentration (IC50) in constructed model. Finally, the entire samples were divided into three clusters based on model of necroptosis-associated lncRNAs to further compare immunotherapy in cold and hot tumors.A model was built up based on necroptosis-associated lncRNAs. The model revealed good consistence between calibration plots and prognostic prediction. The area of 1-, 3-, and 5-year OS under the ROC curve (AUC) were 0.707, 0.679, and 0.675. Risk groups could be helpful for systemic therapy due to the markedly diverse IC50 between risk groups. To our delight, clusters could effectively identify cold and hot tumors, which would be beneficial to accurate mediation. Clusters 2 and 3 were considered the hot tumor, which was more sensitive to immunotherapeutic drugs.The outcomes of our study suggested that necroptosis-associated lncRNAs could effectively predict patients with BLCA prognosis, which may be helpful for distinguishing the cold and hot tumors and improving individual treatment of BLCA.Copyright © 2022 Liu, Xu, Chang, Ma, Wang, Sun, Chen, Xu and Zhang.","Journal Article; Research Support, Non-U.S. Gov't",Liu D; Xu S; Chang T; Ma S; Wang K; Sun G; Chen S; Xu Y; Zhang H,non_mrna_title,non_mrna_title
35804889,10.3390/cancers14133118,2022,Cancers,The Prognostic Value of the Circulating Tumor Cell-Based Four mRNA Scoring System: A New Non-Invasive Setting for the Management of Bladder Cancer.,"Bladder cancer (BC) is one of the most expensive lifetime cancers to treat because of the high recurrence rate, repeated surgeries, and long-term cystoscopy monitoring and treatment. The lack of an accurate classification system predicting the risk of recurrence or progression leads to the search for new biomarkers and strategies. Our pilot study aimed to identify a prognostic gene signature in circulating tumor cells (CTCs) isolated by ScreenCell devices from muscle invasive and non-muscle invasive BC patients. Through the PubMed database and Cancer Genome Atlas dataset, a panel of 15 genes modulated in BC with respect to normal tissues was selected. Their expression was evaluated in CTCs and thanks to the univariate and multivariate Cox regression analysis, EGFR, TRPM4, TWIST1, and ZEB1 were recognized as prognostic biomarkers. Thereafter, by using the risk score model, we demonstrated that this 4-gene signature significantly grouped patients into high- and low-risk in terms of recurrence free survival (HR = 2.704, 95% CI = 1.010−7.313, Log-rank p < 0.050). Overall, we identified a new prognostic signature that directly impacted the prediction of recurrence, improving the choice of the best treatment for BC patients.",Journal Article,Amantini C; Maggi F; Rossi de Vermandois JA; Gubbiotti M; Giannantoni A; Mearini E; Nabissi M; Tomassoni D; Santoni G; Morelli MB,not_signature_like_title,not_signature_like_title
35814472,10.3389/fonc.2022.928204,2022,Frontiers in oncology,"A Necroptosis-Related lncRNA to Develop a Signature to Predict the Outcome, Immune Landscape, and Chemotherapeutic Responses in Bladder Urothelial Carcinoma.","Many studies have drawn their attention to the immunotherapy of bladder urothelial carcinoma in terms of immunologic mechanisms of human body. These include immunogenicity of the tumor cells and involvement of long non-coding RNA (lncRNA). We constructed a necroptosis-related long noncoding RNA (nrlncRNA) risk factor model to predict BLCA outcomes and calculate correlations with chemosensitivity and immune infiltration.Transcriptomic data from BLCA specimens were accessed from The Cancer Genome Atlas, and nrlncRNAs were identified by performing co-expression analysis. Univariate analysis was performed to identify differentially expressed nrlncRNA pairs. We constructed least absolute contraction and selector operation regression models and drew receiver operating characteristic curves for 1-, 3-, and 5-year survival rates. Akaike information criterion (AIC) values for survival over 1 year were determined as cutoff values in high- and low-risk subgroups. We reassessed the differences between subgroups in terms of survival, clinicopathological characteristics, chemotherapy efficacy, tumor-infiltrating immune cells, and markers of immunosuppression.We identified a total of 260 necroptosis-related lncRNA pairs, of which we incorporated 13 into the prognostic model. Areas under the curve of 1-, 3-, and 5- year survival time were 0.763, 0.836, and 0.842, respectively. We confirmed the excellent predictive performance of the risk model. Based on AIC values, we confirmed that the high-risk group was susceptible to unfavorable outcomes. The risk scores correlated with survival were age, clinical stage, grade, and tumor node metastases. The risk model was an independent predictor and demonstrated higher predictive power. The risk model can also be utilized to determine immune cell infiltration status, expression levels of immune checkpoint genes, and the sensitivity to cisplatin, doxorubicin, and methotrexate.We constructed a novel necroptosis-related signature that predicts BLCA outcomes and performs satisfactorily in the immune landscape and chemotherapeutic responses.Copyright © 2022 Hou, Lu, Dong, Wu, Nie, Yang, Tang, Qu and Xu.",Journal Article,Hou J; Lu Z; Dong R; Wu G; Nie H; Yang G; Tang C; Qu G; Xu Y,non_mrna_title,non_mrna_title
35669725,10.1155/2022/2449449,2022,BioMed research international,A Multiomics Profiling Based on Online Database Revealed Prognostic Biomarkers of BLCA.,"Bladder cancer (BLCA) is one of the most common urological malignancies globally, posing a severe threat to public health. In combination with protein-protein interaction (PPI) network analysis of proteomics, Gene Set Variation Analysis (GSVA) and ""CancerSubtypes"" package of R software for transcriptomics can help identify biomarkers related to BLCA prognosis. This will have significant implications for prevention and treatment.BLCA data were downloaded from The Cancer Genome Atlas (TCGA) database and GEO database (GSE13507). GSVA analysis converted the gene expression matrix to the gene set expression matrix. ""CancerSubtypes"" classified patients into three subtypes and established a prognostic model based on differentially expressed gene sets (DEGSs) among the three subtypes. For genes from prognosis-related DEGSs, functional and pathway enrichment analyses and PPI network analysis were carried out. The Human Protein Atlas (HPA) database was used for validation. Finally, the proportion of tumor-infiltrating immune cells (TIICs) was determined using the CIBERSORT algorithm.In total, 414 tumor samples and 19 adjacent-tumor samples were obtained from TCGA, with 145 samples belonging to subtype A, 126 samples belonging to subtype B, and 136 samples belonging to subtype C. Then, we identified 83 DEGSs and constituted a prognostic signature with two of them: ""GSE1460_CD4_THYMOCYTE_VS_THYMIC_STROMAL_CELL_DN"" and ""MODULE_253."" Finally, five subnets of two PPI networks were established, and nine core proteins were obtained: CDH2, COL1A1, EIF2S2, PSMA3, NAA10, DNM1L, TUBA4A, KIF11, and KIF23. The HPA database confirmed the expression of the nine core proteins in BLCA tissues. Furthermore, EIF2S2, PSMA3, DNM1L, and TUBA4A could be novel BLCA prognostic biomarkers.In this study, we discovered two gene sets linked to BLCA prognosis. PPI analysis confirmed the network's core proteins, and several newly discovered biomarkers of BLCA prognosis were identified.Copyright © 2022 Hanwen Li et al.",Journal Article,Li H; Chen S; Mi H,not_signature_like_title,not_signature_like_title
35371346,10.1155/2022/3117359,2022,Disease markers,5-Methylcytosine-Related Long Noncoding RNAs Are Potential Biomarkers to Predict Overall Survival and Regulate Tumor-Immune Environment in Patients with Bladder Cancer.,"The role of 5-methylcytosine-related long noncoding RNAs (m5C-lncRNAs) in bladder cancer (BLCA) remains unclear. Here, we aim to study the prognostic value, gene expression characteristics, and correlation between the m5C-lncRNA risk model and the tumor microenvironment, immune infiltration, and tumor mutations in BLCA. After collecting BLCA patient RNA sequence transcriptome data, clinical information and mutation data from the Cancer Genome Atlas (TCGA) database, 17 m5C-related lncRNAs independently correlated with OS were obtained by Lasso and multivariate Cox regression analysis, and a risk model was constructed. Univariate Cox, multivariate Cox regression analysis, and the C-index curve proved that the risk model was a significant independent prognostic indicator for patients with BLCA. ESTIMATE and CIBERSORT indicated that the higher the number of immune cells and stromal cells in TME, the higher the prognostic risk. We found that in the low-risk group, the expression levels of immune cells that predicted a good prognosis were higher, including plasma cells, regulatory T cells, and CD 8 T cells. There is a negative correlation between TMB and risk score. The TMB of the low-risk group is significantly higher than that of the high-risk group. In conclusion, the m5C-related risk model is crucial to predict the prognosis of patients with BLCA.Copyright © 2022 Zhuoyuan Li et al.",Journal Article,Li Z; Wang S; Chen Y; Huang Y; Li T,not_signature_like_title,not_signature_like_title
35217715,10.1038/s41598-022-07334-w,2022,Scientific reports,"An immune-related lncRNA model for predicting prognosis, immune landscape and chemotherapeutic response in bladder cancer.","Long noncoding RNAs (lncRNAs) participate in cancer immunity. We characterized the clinical significance of an immune-related lncRNA model and evaluated its association with immune infiltrations and chemosensitivity in bladder cancer. Transcriptome data of bladder cancer specimens were employed from The Cancer Genome Atlas. Dysregulated immune-related lncRNAs were screened via Pearson correlation and differential expression analyses, followed by recognition of lncRNA pairs. Then, a LASSO regression model was constructed, and receiver operator characteristic curves of one-, three- and five-year survival were established. Akaike information criterion (AIC) value of one-year survival was determined as the cutoff of high- and low-risk subgroups. The differences in survival, clinical features, immune cell infiltrations and chemosensitivity were compared between subgroups. Totally, 90 immune-related lncRNA pairs were identified, 15 of which were screened for constructing the prognostic model. The area under the curves of one-, three- and five-year survival were 0.806, 0.825 and 0.828, confirming the favorable predictive performance of this model. According to the AIC value, we clustered patients into high- and low-risk subgroups. High-risk score indicated unfavorable outcomes. The risk model was related to survival status, age, stage and TNM. Compared with conventional clinicopathological characteristics, the risk model displayed higher predictive efficacy and served as an independent predictor. Also, it could well characterize immune cell infiltration landscape and predict immune checkpoint expression and sensitivity to cisplatin and methotrexate. Collectively, the model conducted by paring immune-related lncRNAs regardless of expressions exhibits a favorable efficacy in predicting prognosis, immune landscape and chemotherapeutic response in bladder cancer.© 2022. The Author(s).","Journal Article; Research Support, Non-U.S. Gov't",Hou J; Liang S; Xie Z; Qu G; Xu Y; Yang G; Tang C,non_mrna_title,non_mrna_title
35154513,10.1155/2022/7931393,2022,Disease markers,Prognosis Risk Model Based on Pyroptosis-Related lncRNAs for Bladder Cancer.,"Bladder cancer (BC) is the most common malignancy in the urinary system and is prone to recurrence and metastasis. Pyroptosis is a kind of cell necrosis that is triggered by the gasdermin protein family. lncRNAs are noncoding RNAs that are more than 200 nucleotides long. Both pyroptosis and lncRNAs are associated with tumor development and progression. This study is aimed at exploring and establishing a prognostic signature of BC based on pyroptosis-related lncRNAs.In this study, The Cancer Genome Atlas (TCGA) database provided us with the RNA sequencing transcriptome data of bladder cancer patients, and we identified differentially expressed pyroptosis-related lncRNAs in bladder cancer. Then, the prognostic significance of these lncRNAs was assessed using univariate Cox regression analysis and LASSO regression analysis. Subsequently, 4 pyroptosis-related lncRNAs, namely, AL121652.1, AL161729.4, AC007128.1, and AC124312.3, were identified by multivariate Cox regression analysis, thus constructing the prognostic risk model. Then, we compared the levels of immune infiltration, differences in cell function, immune checkpoints, and m6A-related gene expression levels between the high- and low-risk groups.Patients were divided into low-risk or high-risk groups based on the median risk score. Kaplan-Meier survival analysis indicated that the overall survival of bladder cancer patients in the low-risk group was substantially superior to that in the high-risk group (p < 0.001). The receiver operating characteristic (ROC) curve further confirmed the credibility of our model. Moreover, gene set enrichment analysis (GSEA) indicated that these were different signal pathways significantly enriched between the two groups. Immune infiltration, immune checkpoint, and N6-methyladenosine-related gene analysis also reflected that there were notable differences between the two groups.Therefore, this prognostic risk model is based on the level of pyroptotic lncRNAs, which is conducive to individualized assessment of the risk of patients and provides a reference for clinical treatment. This will also help provide insights into the prognosis and treatment of bladder cancer.Copyright © 2022 Zechao Lu et al.",Journal Article,Lu Z; Tang F; Li Z; Lai Y; Lu Z; Zhang J; Tang Z; Cai W; He Z,non_mrna_title,non_mrna_title
34816620,10.1002/cam4.4443,2022,Cancer medicine,Long noncoding RNAs to predict postoperative recurrence in bladder cancer and to develop a new molecular classification system.,"Reliable molecular markers are much needed for early prediction of recurrence in muscle-invasive bladder cancer (MIBC) patients. We aimed to build a long-noncoding RNA (lncRNA) signature to improve recurrence prediction and lncRNA-based molecular classification of MIBC.LncRNAs of 320 MIBC patients from the Cancer Genome Atlas (TCGA) database were analyzed, and a nomogram was established. A molecular classification system was created, and immunotherapy and chemotherapy response predictions, immune score analysis, immune infiltration analysis, and mutational data analysis were conducted. Survival analysis validation was also performed.An eight-lncRNA signature classifed the patients into high- and low-risk subgroups, and these groups had significantly different (disease-free survival) DFS. The ability of the eight-lncRNA signature to make an accurate prognosis was tested using a validation dataset from our samples. The nomogram achieved a C-index of 0.719 (95% CI, 0.674-0.764). Time-dependent receiver operating characteristic curve (ROC) analysis indicated the superior prognostic accuracy of nomograms for DFS prediction (0.76, 95% CI, 0.697-0.807). Further, the four clusters (median DFS = 11.8, 15.3, 17.9, and 18.9 months, respectively) showed a high frequency of TTN (cluster 1), fibroblast growth factor receptor-3 (cluster 2), TP53 (cluster 3), and TP53 mutations (cluster 4), respectively. They were enriched with M2 macrophages (cluster 1), CD8+ T cells (cluster 2), M0 macrophages (cluster 3), and M0 macrophages (cluster 4), respectively. Clusters 2 and 3 demonstrated potential sensitivity to immunotherapy and insensitivity to chemotherapy, whereas cluster 4 showed potential insensitivity to immunotherapy and sensitivity to chemotherapy.The eight-lncRNA signature risk model may be a reliable prognostic signature for MIBC, which provides new insights into prediction of recurrence of MIBC. The model may help clinical decision and eventually benefit patients.© 2021 The Authors. Cancer Medicine published by John Wiley & Sons Ltd.","Journal Article; Research Support, Non-U.S. Gov't",Li Z; Jiang L; Zhang Z; Deng M; Wei W; Tang H; Guo S; Ye Y; Yao K; Liu Z,not_signature_like_title,not_signature_like_title
34738881,10.1080/21655979.2021.2000122,2021,Bioengineered,Multi-Omics analysis identifies a lncRNA-related prognostic signature to predict bladder cancer recurrence.,"Bladder cancer (BLCA) is one of the most common cancers worldwide with high recurrence rate. Hence, we intended to establish a recurrence-related long non-coding RNA (lncRNA) model of BLCA as a potential biomarker based on multi-omics analysis. Multi-omics data including copy number variation (CNV) data, mutation annotation files, RNA expression profiles and clinical data of The Cancer Genome Atlas (TCGA) BLCA cohort (303 cases) and GSE31684 (93 cases) were downloaded from public database. With multi-omics analysis, twenty lncRNAs were identified as the candidates related with BLCA recurrence, CNVs and mutations in training set. Ten-lncRNA signature were established using least absolute shrinkage and selection operation (LASSO) and Cox regression. Then, various survival analysis was used to assess the power of lncRNA model in predicting BLCA recurrence. The results showed that the recurrence-free survival time of high-risk group was significantly shorter than that of low-risk group in training and testing sets, and the predictive value of ten-lncRNA signature was robust and independent of other clinical variables. Gene Set Enrichment Analysis (GSEA) showed this signature were associated with immune disorders, indicating this signature may be involved in tumor immunology. After compared with the other reported lncRNA signatures, ten-lncRNA signature was validated as a superior prognostic model in predicting the recurrence of BLCA. The effectiveness of the model was also evaluated in bladder cancer samples via qRT-PCR. Thus, the novel ten-lncRNA signature, constructed based on multi-omics data, had robust prognostic power in predicting the recurrence of BLCA and potential clinical implications as biomarkers.","Journal Article; Research Support, Non-U.S. Gov't",Xu Z; Chen H; Sun J; Mao W; Chen S; Chen M,non_mrna_title,non_mrna_title
34901008,10.3389/fcell.2021.762478,2021,Frontiers in cell and developmental biology,Hypoxic Characteristic Genes Predict Response to Immunotherapy for Urothelial Carcinoma.,"Objective: Resistance to immune checkpoint inhibitors (ICIs) has been a massive obstacle to ICI treatment in metastatic urothelial carcinoma (MUC). Recently, increasing evidence indicates the clinical importance of the association between hypoxia and immune status in tumor patients. Therefore, it is necessary to investigate the relationship between hypoxia and prognosis in metastatic urothelial carcinoma. Methods: Transcriptomic and clinical data from 348 MUC patients who underwent ICI treatment from a large phase 2 trial (IMvigor210) were investigated in this study. The cohort was randomly divided into two datasets, a training set (n = 213) and a testing set (n = 135). Data of hypoxia-related genes were downloaded from the molecular signatures database (MSigDB), and screened by univariate and multivariate Cox regression analysis to construct a prognosis-predictive model. The robustness of the model was evaluated in two melanoma cohorts. Furthermore, an external validation cohort, the bladder cancer cohort, from the Cancer Genome Atlas (TCGA) database, was t used to explore the mechanism of gene mutation, immune cell infiltration, signaling pathway enrichment, and drug sensitivity. Results: We categorized patients as the high- or low- risk group using a four-gene hypoxia risk model which we constructed. It was found that patients with high-risk scores had significantly worse overall survival (OS) compared with those with low-risk scores. The prognostic model covers 0.71 of the area under the ROC curve in the training set and 0.59 in the testing set, which is better than the survival prediction of MUC patients using the clinical characteristics. Mutation analysis results showed that deletion mutations in RB1, TP53, TSC1 and KDM6A were correlated with hypoxic status. Immune cell infiltration analysis illustrated that the infiltration T cells, B cells, Treg cells, and macrophages was correlated with hypoxia. Functional enrichment analysis revealed that a hypoxic microenvironment activated inflammatory pathways, glucose metabolism pathways, and immune-related pathways. Conclusion: In this investigation, a four-gene hypoxia risk model was developed to evaluate the degree of hypoxia and prognosis of ICI treatment, which showed a promising clinical prediction value in MUC. Furthermore, the hypoxia risk model revealed a close relationship between hypoxia and the tumor immune microenvironment.Copyright © 2021 Hong, Zhang, Cao, Lin, Yang, Zhang, Luo and Guo.",Journal Article,Hong S; Zhang Y; Cao M; Lin A; Yang Q; Zhang J; Luo P; Guo L,not_signature_like_title,not_signature_like_title
34663340,10.1186/s12957-021-02419-8,2021,World journal of surgical oncology,Prognostic value of immune-related lncRNA pairs in patients with bladder cancer.,"The characteristics of immune-related long non-coding ribonucleic acids (ir-lncRNAs), regardless of their specific levels, have important implications for the prognosis of patients with bladder cancer.Based on The Cancer Genome Atlas database, original transcript data were analyzed. The ir-lncRNAs were obtained using a coexpression method, and their differentially expressed pairs (DE-ir-lncRNAs) were identified by univariate analysis. The lncRNA pairs were verified using a Lasso regression test. Thereafter, receiver operating characteristic curves were generated, and an optimal risk model was established. The clinical value of the model was verified through the analysis of patient survival rates, clinicopathological characteristics, presence of tumor-infiltrating immune cells, and chemotherapy efficacy evaluation.In total, 49 pairs of DE-ir-lncRNAs were identified, of which 21 were included in the Cox regression model. A risk regression model was established on the premise of not involving the specific expression value of the transcripts.The method and model used in this study have important clinical predictive value for bladder cancer and other malignant tumors.© 2021. The Author(s).",Journal Article,Gao Z; Wu D; Zheng W; Zhu T; Sun T; Yuan L; Fei F; Fu P,not_signature_like_title; non_mrna_title,not_signature_like_title; non_mrna_title
34521394,10.1186/s12894-021-00880-x,2021,BMC urology,Cross-talk and clinical value of m[superscript 6]A regulatory gene in bladder cancer.,"RNA modification is a regulation at the post-transcriptional level. RNA methylation modification accounts for more than 60% of all RNA modifications, and m[superscript 6]A(6-methyladenine) is the most common type of RNA methylation modification on mRNA of higher organisms. The modification level of transcription m[superscript 6]A is dynamically regulated by methyltransferase (reader), binding protein (writer) and demethylase (eraser). Furthermore, m[superscript 6]A methylation has been found to have an impact on tumor initiation and progression through various mechanisms.13 genes related m[superscript 6]A from all the gene expressions in The Cancer Genome Atlas (TCGA) were screened. Gene Ontology (GO) and KEGG analysis were applied to explore the functions of genes identified in study. We clustered the related regulators of m[superscript 6]A into three subgroups with ""ConsensusClusterPlus"". 13 genes were used for univariate Cox analysis to find genes associated with prognosis, and the risk model was constructed based on lasso regression. According to the median risk score of each patient, the patients were divided into high and low risk groups for survival analysis. The ROC curve evaluates the model. Then the risk group and clinical characteristics were analyzed.The three subgroups had different clinical characteristics. Our tumor clusters were related to grade, survival status. Moreover, we observed a significantly longer overall survival (OS) in the cluster 1 than the cluster 2 and cluster 3. Three m[superscript 6]A-related genes related to prognosis were used to construct a prognostic risk model. We found age are independent prognostic marker. What's more, risk score can also be an independent prognostic factor.Revealing the regulation and functional mechanism of cross-talk among m[superscript 6]A writers, erasers, and readers, and determine its role in bladder cancer may help in developing novel and efficient strategies for the diagnosis, prognosis and treatment of bladder cancer.© 2021. The Author(s).",Journal Article,Zhou BZ; Luo Q; Zhang Y,not_signature_like_title,not_signature_like_title
34512654,10.3389/fimmu.2021.724541,2021,Frontiers in immunology,Scoring System Based on RNA Modification Writer-Related Genes to Predict Overall Survival and Therapeutic Response in Bladder Cancer.,"It's widely reported the ""writer"" enzymes mediated RNA adenosine modifications which is known as a crucial mechanism of epigenetic regulation in development of tumor and the immunologic response in many kinds of cancers. However, the potential roles of these writer genes in the progression of bladder cancer (BLCA) remain unclear.We comprehensively described the alterations of 26 RNA modification writer genes in BLCA from the genetic and transcriptional fields and identified writer-related genes from four independent datasets. Utilizing least absolute shrinkage and selection operator (LASSO) regression and multivariate Cox regression, we constructed a ten writer-related gene signature. After that, we confirmed the predictive and prognostic value of this signature on another six independent datasets and established a nomogram to forecast the overall survival (OS) and mortality odds of BLCA patients clinically.The writer-related genes signature showed good performance in predicting the OS for BLCA patients. Moreover, the writer-related gene signature was related to EMT-related pathways and immune characteristics. Furthermore, the immune cell infiltration levels of CD8 T cells, cytotoxic cells, M1/2 macrophage cells and tumor mutation burden might be able to predict which patients will benefit from immunotherapy. This could also be reflected by the writer-related gene signature.This signature might play an important role in precision individualized immunotherapy. The present work highlights the crucial clinical implications of RNA modifications and may help developing individualized therapeutic strategies for patients with BLCA.Copyright © 2021 Zhang, Liu, Wang, Li, Xing and Xiao.","Journal Article; Research Support, Non-U.S. Gov't",Zhang P; Liu Z; Wang D; Li Y; Xing Y; Xiao Y,not_signature_like_title,not_signature_like_title
33837006,10.1158/1078-0432.CCR-20-4574,2021,Clinical cancer research : an official journal of the American Association for Cancer Research,Myeloid Cell-associated Resistance to PD-1/PD-L1 Blockade in Urothelial Cancer Revealed Through Bulk and Single-cell RNA Sequencing.,"To define dominant molecular and cellular features associated with PD-1/PD-L1 blockade resistance in metastatic urothelial cancer.We pursued an unbiased approach using bulk RNA sequencing data from two clinical trials to discover (IMvigor 210) and validate (CheckMate 275) pretreatment molecular features associated with resistance to PD-1/PD-L1 blockade in metastatic urothelial cancer. We then generated single-cell RNA sequencing (scRNA-seq) data from muscle-invasive bladder cancer specimens to dissect the cellular composition underlying the identified gene signatures.We identified an adaptive immune response gene signature associated with response and a protumorigenic inflammation gene signature associated with resistance to PD-1/PD-L1 blockade. The adaptive immune response:protumorigenic inflammation signature expression ratio, coined the 2IR score, best correlated with clinical outcomes, and was externally validated. Mapping these bulk gene signatures onto scRNA-seq data uncovered their underlying cellular diversity, with prominent expression of the protumorigenic inflammation signature by myeloid phagocytic cells. However, heterogeneity in expression of adaptive immune and protumorigenic inflammation genes was observed among single myeloid phagocytic cells, quantified as the myeloid single cell immune:protumorigenic inflammation ratio (Msc2IR) score. Single myeloid phagocytic cells with low Msc2IR scores demonstrated upregulation of proinflammatory cytokines/chemokines and downregulation of antigen presentation genes, were unrelated to M1 versus M2 polarization, and were enriched in pretreatment blood samples from patients with PD-L1 blockade-resistant metastatic urothelial cancer.The balance of adaptive immunity and protumorigenic inflammation in individual tumor microenvironments is associated with PD-1/PD-L1 resistance in urothelial cancer with the latter linked to a proinflammatory cellular state of myeloid phagocytic cells detectable in tumor and blood.See related commentary by Drake, p. 4139.©2021 American Association for Cancer Research.","Journal Article; Research Support, N.I.H., Extramural",Wang L; Sfakianos JP; Beaumont KG; Akturk G; Horowitz A; Sebra RP; Farkas AM; Gnjatic S; Hake A; Izadmehr S,not_signature_like_title,not_signature_like_title
33482279,10.1016/j.gene.2021.145451,2021,Gene,Cancer-associated fibroblasts and the related Runt-related transcription factor 2 (RUNX2) promote bladder cancer progression.,"Bladder urothelial cancer (BLCA) has a high incidence worldwide. Cancer-associated fibroblasts (CAFs) in the tumor microenvironment are gradually recognized to play an important role in the occurrence and progression of cancer. However, the research on BLCA CAFs is still in its infancy, and the CAFs related genes are still unclear. We used the identified BLCA-specific CAFs gene signature in our previous work to calculate the CAFs infiltration score of the sample. Furthermore, we used data from multiple public databases to prove that CAFs high infiltration is associated with tumor progression and poor prognosis. In order to select the powerful genes in BLCA that are related to CAFs infiltration and affect prognosis, we chose transcription factors as the research object, and finally defined RUNX2 as the candidate gene for functional verification. In the immunohistochemical images, tissues with higher RUNX2 expression also had deeper staining of CAFs markers. We used public databases and collected specimens to prove that RUNX2 is overexpressed at the mRNA and protein levels in BLCA tissues. Through functional enrichment analysis, RUNX2 is mainly related to epithelialmesenchymal transition and extracellular matrix. Finally, we knocked down RUNX2 in vitro and observed a significant decrease in the metastasis and proliferation ability. In conclusion, high infiltration of CAFs is associated with tumor progression and poor prognosis in BLCA. RUNX2 is a transcription factor related to CAFs, which is overexpressed in bladder cancer and affects the prognosis. RUNX2 is a potential marker relating CAFs and therapy target in BLCA.Copyright © 2021 Elsevier B.V. All rights reserved.",Journal Article,Liu B; Pan S; Liu J; Kong C,not_signature_like_title,not_signature_like_title
33869042,10.3389/fonc.2021.647236,2021,Frontiers in oncology,Autophagy-Related Long Non-coding RNA Is a Prognostic Indicator for Bladder Cancer.,"Bladder cancer (BC) is one of the most common malignant urinary system tumors, and its prognosis is poor. In recent years, autophagy has been closely linked to the development of BC. Therefore, we investigated the potential prognostic role of autophagy-related long non-coding RNA (lncRNA) in patients with BC. We obtained the lncRNA information and autophagy genes, respectively, from The Cancer Genome Atlas (TCGA) data set and the human autophagy database (HADb) and performed a co-expression analysis to identify autophagy gene-associated lncRNAs. Then, we divided the data into training group and testing group. In the training group, 15 autophagy-related lncRNAs were found to have a prognostic value (AC026369.3, USP30-as1, AC007991.2, AC104785.1, AC010503.4, AC037198.1, AC010331.1, AF131215.6, AC084357.2, THUMPD3-AS1, U62317.4, MAN1B1-DTt, AC024060.1, AL662844.4, and AC005229.4). The patients were divided into low-risk group and high-risk group based on the prognostic lncRNAs. The overall survival (OS) time for the high-risk group was shorter than that for the low-risk group [risk ratio (hazard ratio, HR) = 1.08, 95% CI: 1.06-1.10; p < 0.0001]. Using our model, the defined risk value can predict the prognosis of a patient. Next, the model was assessed in the TCGA testing group to further validate these results. A total of 203 patients with BC were recruited to verify the lncRNA characteristics. We divided these patients into high-risk group and low-risk group. The results of testing data set show that the survival time of high-risk patients is shorter than that of low-risk patients. In the training group, the area under the curve (AUC) was more than 0.7, indicating a high level of accuracy. The AUC for a risk model was greater than that for each clinical feature alone, indicating that the risk value of a model was the best indicator for predicting the prognosis. Further training data analysis showed that the gene set was significantly enriched in cancer-related pathways, including actin cytoskeleton regulation and gap junctions. In conclusion, our 15 autophagy-related lncRNAs have a prognostic potential for BC, and may play key roles in the biology of BC.Copyright © 2021 Wan, Guo, Fang, Xu, Hu and Luo.",Journal Article,Wan J; Guo C; Fang H; Xu Z; Hu Y; Luo Y,not_signature_like_title,not_signature_like_title
33850758,10.21037/tau-20-1353,2021,Translational andrology and urology,Identification and validation of a prognostic immune-related lncRNA signature in bladder cancer.,"Recently, researches have implied that immune-related lncRNAs (IR-lncRNAs) have a vital role in tumor occurrence and development. However, the study in bladder cancer (Bca) is still unclear. New biomarkers and reliable prognostic models for Bca are still limited. Here, we investigated the potential application value of immune-related lncRNAs in the prognostic evaluation of Bca patients.We obtained clinical information and corresponding sequencing data from the The Cancer Genome Atlas (TCGA) database, and the cohort of Bca patients was divided into training and validation cohorts (ratio 7:3) randomly. An immune-related lncRNA co-expression network was constructed to identify immune-related lncRNAs. The candidate module intimately associated with overall survival (OS) was identified by using weighted gene co-expression network analysis (WGCNA). Univariate, multivariate Cox regression and LASSO analysis were performed to build the immune-related lncRNA signature. A prognostic model was further developed and its prognostic value was evaluated by Kaplan-Meier (KM) analysis. GSEA, KEGG analysis and GO annotation were used for functional annotation in this study.Totally, we identified 1,249 differentially expressed IR-lncRNAs were and six of which (AC005674.2, AC090948.1, TFAP2A-AS1, AL354919.2, AC011468.1 and AC018809.2) were finally selected in the gene signature. According to survival analysis, patients with high-risk scores were significantly related to poor survival outcomes. Furthermore, we established a novel gene signature demonstrated high prognostic value, and can be utilized as an independent risk factor (validation cohort: P<0.001, HR =3.832; training cohort: P<0.001, HR =2.843). Additionally, we built a nomogram on account of the clinicopathologic characteristics and gene signature to predict the survival probability of 1-, 3- and 5-year in Bca patients. The value of AUC curve of 1-, 3- and 5-year survival probability was 0.724, 0.777 and 0.77, severally. Furthermore, some enrichment pathways were identified by KEGG and GO analysis, and might be useful to display the potential mechanism for Bca.Our results indicated that the signature of six immune-related lncRNAs had an underlying value in the prognosis of Bca patients and might be helpful for the immunotherapy of Bca.2021 Translational Andrology and Urology. All rights reserved.",Journal Article,Zhao K; Zhang Q; Zeng T; Zhang J; Song N; Wang Z,non_mrna_title,non_mrna_title
33552945,10.3389/fonc.2020.542140,2020,Frontiers in oncology,Identification of Immune-Related lncRNA Signature to Predict Prognosis and Immunotherapeutic Efficiency in Bladder Cancer.,"Identify immune-related lncRNA (IRL) signature related to the prognosis and immunotherapeutic efficiency for bladder cancer (BLCA) patients.A total of 397 samples, which contained RNA-seq and clinical information from The Cancer Genome Atlas (TCGA) database, were used for the following study. Then the Lasso penalized Cox proportional hazards regression model was used to construct prognostic signature. According to the optimal cut-off value determined by time-dependent ROC curve, low and high-risk groups were set up. One immunotherapy microarray dataset as validation set was used to verify the ability of predicting immunotherapy efficacy. Furthermore, more evaluation between two risk groups related clinical factors were conducted. Finally, external validation of IRL-signature was conducted in Zhengzhou cohort.Four IRLs (HCP5, IPO5P1, LINC00942, and LINC01356) with significant prognostic value (P<0.05) were distinguished. This signature can accurately predict the overall survival of BLCA patients and was verified in the immunotherapy validation set. IRL-signatures can be used as independent prognostic risk factor in various clinical subgroups. According to the results of GSVA and MCP algorithm, we found that IRL-signature risk score is strikingly negative correlated with tumor microenvironment (TME) CD8+T cells and Cytotoxic lymphocytes infiltration, indicating that the better prognosis and immunotherapy might be caused partly by these. Then, the results from the TIDE analysis revealed that IRL could efficiently predict the response of immunotherapy in BLCA. External validation had similar results with TCGA-BLCA cohort.The novel IRL-signature has a significant prognostic value for BLCA patients might facilitate predicting the efficacy of immunotherapy.Copyright © 2021 Zhang, Li, Zhan, Wang, Zhu and Zhang.",Journal Article,Zhang L; Li L; Zhan Y; Wang J; Zhu Z; Zhang X,non_mrna_title,non_mrna_title
33896821,10.3233/CBM-200802,2021,Cancer biomarkers : section A of Disease markers,"Coiled-coil domain-containing protein-124 (Ccdc124) is a novel RNA binding factor up-regulated in endometrial, ovarian, and urinary bladder cancers.","Coiled-coil domain containing protein-124 (Ccdc124) is a putative mRNA-binding factor associated with cell division, and ribosome biology. Previous reports mentioned an up-regulation of CCDC124 gene in cancer, and listed its mRNA in a molecular prognostic signature in breast cancer.Establishing RNA-binding characteristics of Ccdc124 for a better molecular functional characterization, and carrying-out retrospective studies in order to evaluate its aberrant expression in human cancer samples from various tissue origins.Bioinformatics calculations followed by RIP and RNA-seq experiments were performed to investigate mRNA targets of Ccdc124. Quantitative studies on arrays of cDNAs from different cancers and IHC assays on tissue arrays were used to assess CCDC124 expression levels in cancers.Ccdc124 was characterized as an RNA-binding protein (RBP) interacting with various mRNAs. CCDC124 mRNA levels were high in tumors, with a particular up-regulation in cancers from esophagus, adrenal gland, endometrium, liver, ovary, thyroid, and urinary bladder. IHC assays indicated strong Ccdc124 positivity in endometrial (95.4%), urinary bladder (68.4%), and ovarian cancers (86.8%).Ccdc124 is a cytokinesis related RBP interacting with various mRNAs. CCDC124 mRNA over-expression and an accompanied increase in Ccdc124 protein accumulation was reported in cancers, indicating this RBP as a novel cancer cell marker.",Journal Article,Arslan Ö; Soylu NK; Akillilar PT; Tazebay UH,not_signature_like_title,not_signature_like_title
33270518,10.1089/dna.2020.6014,2021,DNA and cell biology,A Competing Endogenous RNA Network and an 8-lncRNA Prognostic Signature Identify MYO16-AS1 as an Oncogenic lncRNA in Bladder Cancer.,"Recently, growing evidence has shed light on the competitive endogenous RNAs (ceRNAs) activity of long noncoding RNAs (lncRNAs) in carcinogenesis and tumor progression. To better elucidate the regulatory mechanisms of lncRNA in muscle-invasive bladder cancer (MIBC), we identified aberrantly expressed mRNAs, lncRNAs, and miRNAs in tumor tissues by using RNA sequence profiles from The Cancer Genome Atlas. The MIBC-specific ceRNA network, including 58 lncRNAs, 22 miRNAs, and 52 mRNAs, was constructed and visualized in Cytoscape. Further, using the univariate and multivariate Cox regression model, we screened 8 lncRNAs (AC078778.1, LINC00525, AC008676.1, AP000553.1, SACS-AS1, AC009065.1, AC127496.3, and MYO16-AS1) to construct an lncRNA signature for predicting the overall survival of MIBC patients. Kaplan-Meier analysis and a receiver operating characteristic curve were applied to evaluate the performance of the signature. Real-time quantitative PCR analysis was carried out to test expression levels of the 8 lncRNAs in MIBC patient tissues. Transwell assays demonstrated that overexpressing MYO16-AS1 can enhance UMUC2 migration and invasion. Our study offers a novel lncRNA-correlated ceRNA model to better understand the molecular mechanisms involved in MIBC. In addition, we developed an independent 8-lncRNAs biomarker for prognostic prediction and identified MYO16-AS1 as an oncogenic lncRNA in bladder cancer.",Journal Article,Shen D; Zhang Y; Zheng Q; Yu S; Xia L; Cheng S; Li G,non_mrna_title,non_mrna_title
32471889,10.1136/jclinpath-2020-206631,2021,Journal of clinical pathology,Immune gene expression profiles in high-grade urothelial carcinoma of the bladder: a NanoString study.,"The advent of immune checkpoint inhibitor therapy has proven beneficial in a subset of high-grade urothelial carcinomas (HGUC) of the bladder. Although treatment selection is currently largely determined by programmed death-ligand 1 (PD-L1) status, multiple factors in the immune system may modulate the host immune response to HGUC and immunotherapy. In this pilot study, we used a transcriptomic approach to identify the immune milieu associated with PD-L1 expression to enhance our understanding of the HGUC immune evasion network.The immune transcriptome of 40 HGUC cystectomy cases was profiled using the NanoString nCounter Human V.1.1 PanCancer Panel. All cases were assessed for associated PD-L1 status (SP263) using whole tissue sections. PD-L1 status was determined as high or low using 25% tumour and/or immune cell staining.The most significantly differentially expressed gene was PD-L1 messenger RNA (CD274), which strongly correlated with protein expression (r=0.720, p<0.001). The sensitivity, specificity, positive and negative predictive values of CD274 for PD-L1 expression were 85%, 96%, 92% and 93%, respectively. The PD-L1 associated gene signature also included complement components C1QA and CD46 and NOD2 (innate immune system), proinflammatory cytokines CXCL14, CXCL16, CCL3, CCL3L1 and OSM along with the immune response mediator SMAD3, among others. Pathway analysis determined enrichment of these genes in interleukin-10 production, lymphocyte chemotaxis and aberrant IFNγ, NF-κB and ERK signalling networks.We report key genes and pathways in the immune transcriptome and their association with PD-L1 status, which may be involved in immune evasion of HGUC and warrants further investigation.© Author(s) (or their employer(s)) 2021. No commercial re-use. See rights and permissions. Published by BMJ.",Journal Article,Olkhov-Mitsel E; Hodgson A; Liu SK; Vesprini D; Bayani J; Bartlett J; Xu B; Downes MR,not_signature_like_title,not_signature_like_title
33392066,10.3389/fonc.2020.542492,2020,Frontiers in oncology,Dysregulation of the Immune Microenvironment Contributes to Malignant Progression and Has Prognostic Value in Bladder Cancer.,"The malignant progression from non-muscle-invasive bladder cancer (NMIBC) to muscle-invasive bladder cancer (MIBC) is common and has detrimental effect on patients. We aimed to elucidate the underlying mechanisms of the malignant progression from an immunological perspective and establish a reliable signature for prognostic prediction and immunotherapeutic strategies.The Cell Type Identification by Estimating Relative Subsets of RNA Transcripts algorithm was applied to the GSE32894 data set to identify the different tumor-infiltrating immune cells involved in NMIBC and MIBC. Using weighted gene correlation network analysis, survival analysis and least absolute shrinkage and selection operator Cox analysis, we established an immune prognostic signature (IPS) based on 14 overall survival-associated immune genes in The Cancer Genome Atlas (TCGA). Functional enrichment analyses and nomogram were performed to explore the potential effects and prognostic performance of the IPS. Furthermore, the RNA-sequence data from our center were used to validate the expression levels of the selected immune genes in BLCA samples.Diverse proportions of macrophage subtypes were observed between NMIBC and MIBC. Patients with high risk scores had a worse prognosis than patients with low risk scores in training (TCGA) and validation data sets (GSE32894, GSE13507, and GSE48277). The IPS was a useful prognostic factor for patients treated with immunotherapy in the IMvigor210 trial. Hallmarks of multiple oncogenic pathways were significantly enriched in the high risk group. A novel nomogram model was established for prognostic predictions. The dysregulated expression of the selected immune genes between NMIBC and MIBC was also validated in BLCA samples.Dysregulation of the immune microenvironment promoted the malignant progression from NMIBC to MIBC. The IPS can stratify patients into different risk groups with distinct prognoses and immunotherapeutic susceptibility, thus facilitating personalized immunotherapy.Copyright © 2020 Zheng, Mao, Zhang, Liu, Li, Wang and Yao.",Journal Article,Zheng Z; Mao S; Zhang W; Liu J; Li C; Wang R; Yao X,not_signature_like_title,not_signature_like_title
33324071,10.2147/OTT.S284167,2020,OncoTargets and therapy,Extracellular Matrix-Related Six-lncRNA Signature as a Novel Prognostic Biomarker for Bladder Cancer.,"Bladder cancer (BC) is the fourth-commones cancer and the sixth-leading cause of cancer-related death among men. However, a lack of reliable biomarkers remains a problem forprognosis and treatment of BC. lncRNAs have been shown to play important roles in various cancers, and have emerged as promising biomarkers for cancer prognosis and treatment.In this study, using univariate and multivariate Cox regression analysis, we examined the differential expression profiles of 1,651 lncRNAs in the TCGA BLCA cohort and created a prognostic gene signature composed of six lncRNAs (for SNHG12, MAFG- DT, ASMTL-AS1, LINC02321, LINC01322, and LINC00922), designed the SMALLL signature.The SMALLL signature displayed significant prognostic power for overall survival for BC patients in multiple cohorts. Gene Ontology analysis showed that genes coexpressed with the SMALLL signature were associated with the extracellular matrix network, and immune cell-infiltration analysis showed that activated naïve B cells, regulatory T cells, M0 macrophages, eosinophils, resting memory CD4 T cells and resting NK cells were significantly different in high- and low-risk groups. We also confirmed differential expression of the lncRNAs of the SMALLL signature in BC tissue and paracancer normal tissue by qRT-PCR analysis. Cell-invasion and -migration experiments showed that MAFG-AS1, ASMTL-AS1, LINC02321, and LINC00922 significantly affected cell invasion and migration.Our study revealed that the lncRNA signature is an important predictive factor of prognosis and provides a promising biomarker for BC.© 2020 Qing et al.",Journal Article,Qing L; Gu P; Liu M; Shen J; Liu X; Guang R; Ke K; Huang Z; Lee W; Zhao H,non_mrna_title,non_mrna_title
33208770,10.1038/s41598-020-76904-7,2020,Scientific reports,Transcriptomic analysis of micropapillary high grade T1 urothelial bladder cancer.,"No consensus currently exist on the optimal treatment of patients with high-risk nonmuscle invasive (HGT1) micropapillary variant of bladder cancer (MPBC). Transcripsome analysis may allow stratification of MPBC-HGT1 enabling prediction of recurrence and guide therapeutic management for individual patients. Whole transcriptome RNA-Sequencing of tumors from 23 patients with MPBC-HGT1 and 64 conventional urothelial carcinomas (cUC) (reference set) was performed. Differentially expressed genes between MPBC-HGT1 and cUC-HGT1 were explored. Cox proportional hazard models and Kapplan-Meier methods were used to assess the relation between time to progression (TTP) and individual gene expression adjusting for clinical covariates. Over 3000 genes were differentially expressed in MPBC-HGT1 as compared with cUC-HGT1 and a 26-gene signature is characteristic of MPBC within HGT1. A set of three genes; CD36, FAPB3 and RAETE1; were significantly associated with TTP. High expression of FABP3 and CD36 were associated with shorter TTP (p = 0.045 and p = 0.08) as was low expression of RAET1E (p = 0.01). Our study suggest that a 26-gene signature can define MPBC-HGT1 within conventional urothelial carcinomas. A prognostic risk index of three genes (FABP3, CD36 and RAET1E) was found to be associated with shorter TTP and may help classify a group of patients with MPBC-HGT1 with high-risk of early progression. These observations might have implications in terms of radical cystectomy recommendation in MPBC patients.","Journal Article; Multicenter Study; Research Support, Non-U.S. Gov't",Bowden M; Nadal R; Zhou CW; Werner L; Barletta J; Juanpere N; Lloreta J; Hernandez-Llodrà S; Morote J; de Torres I,not_signature_like_title,not_signature_like_title
32929335,10.7150/thno.48711,2020,Theranostics,Identification of glycogene-type and validation of ST3GAL6 as a biomarker predicts clinical outcome and cancer cell invasion in urinary bladder cancer.,"Background: Urinary bladder cancer (UBC) is one of the most common causes of morbidity and mortality worldwide characterized by a high risk of invasion and metastasis; however, the molecular classification biomarkers and underlying molecular mechanisms for UBC patient stratification on clinical outcome need to be investigated. Methods: A systematic transcriptomic analysis of 185 glycogenes in the public UBC datasets with survival information and clinicopathological parameters were performed using unsupervised hierarchical clustering. The gene signature for glycogene-type classification was identified using Limma package in R language, and correlated to 8 known molecular features by Gene Set Variation Analysis (GSVA). The clinical relevance and function of a glycogene was characterized by immunohistochemistry in UBC patient samples, and quantitative RT-PCR, Western blotting, promoter activity, MAL II blotting, immunofluorescence staining, wound healing, and transwell assays in UBC cells. Results: A 14-glycogene signature for glycogene-type classification was identified. Among them, ST3GAL6, a glycotransferase to transfer sialic acid to 3'-hydroxyl group of a galactose residue, showed a significant negative association with the subtype with luminal feature in UBC patients (n=2,130 in total). Increased ST3GAL6 was positively correlated to tumor stage, grade, and survival in UBCs from public datasets or our cohort (n=52). Transcription factor GATA3, a luminal-specific marker for UBC, was further identified as a direct upstream regulator of ST3GAL6 to negatively regulate its transactivation. ST3GAL6 depletion decreased MAL II level, cell invasion and migration in 5637 and J82 UBC cells. ST3GAL6 could reverse the effects of GATA3 on global sialylation and cell invasion in SW780 cells. Conclusions: Herein, we successfully identified a novel 14-gene signature for glycogene-type classification of UBC patients. ST3GAL6 gene, from this signature, was demonstrated as a potential biomarker for poor outcomes and cell invasion in UBCs.© The author(s).","Journal Article; Research Support, Non-U.S. Gov't",Dalangood S; Zhu Z; Ma Z; Li J; Zeng Q; Yan Y; Shen B; Yan J; Huang R,not_signature_like_title,not_signature_like_title
32695477,10.1038/s41420-020-00295-x,2020,Cell death discovery,The prognostic value of six survival-related genes in bladder cancer.,"This study was conducted to identify genes that are differentially expressed in paracancerous tissue and to determine the potential predictive value of selected gene panel. Gene transcriptome data of bladder tissue was downloaded from UCSC Xena browser and NCBI GEO repository, including GTEx (the Genotype-Tissue Expression project) data, TCGA (The Cancer Genome Atlas) data, and GEO (Gene Expression Omnibus) data. Differentially Expressed Genes (DEGs) analysis was performed to identify tumor-DEGs candidate genes, using the intersection of tumor-paracancerous DEGs genes and paracancerous-normal DEGs genes. The survival-related genes were screened by Kaplan-Meier (KM) survival analysis and univariable Cox regression with the cutoff criteria of KM < 0.05 and cox p-value < 0.05. The risk model was developed using Lasso regression. The clinical data were analyzed by univariate and multivariate Cox regression analysis. Gene Ontology (GO) and KEGG enrichment analysis were performed in the DEGs genes between the high-risk and low-risk subgroups. We identified six survival-related genes, EMP1, TPM1, NRP2, FGFR1, CAVIN1, and LATS2, found in the DEG analyses of both, tumor-paracancerous and paracancerous-normal differentially expressed data sets. Then, the patients were classified into two clusters, which can be distinguished by specific clinical characteristics. A three-gene risk prediction model (EMP1, FGFR1, and CAVIN1) was constructed in patients within cluster 1. The model was applied to categorize cluster 1 patients into high-risk and low-risk subgroups. The prognostic risk score was considered as an independent prognostic factor. The six identified survival-related genes can be used in molecular characterization of a specific subtype of bladder cancer. This subtype had distinct clinical features of T (topography), N (lymph node), stage, grade, and survival status, compared to the other subtype of bladder cancer. Among the six identified survival-related genes, three-genes, EMP1, FGFR1, and CAVIN1, were identified as potential independent prognostic markers for the specific bladder cancer subtype with clinical features described.© The Author(s) 2020.",Journal Article,Cheng S; Jiang Z; Xiao J; Guo H; Wang Z; Wang Y,not_signature_like_title,not_signature_like_title
32497499,10.1016/j.cell.2020.05.017,2020,Cell,Intratumoral CD4+ T Cells Mediate Anti-tumor Cytotoxicity in Human Bladder Cancer.,"Responses to anti-PD-1 immunotherapy occur but are infrequent in bladder cancer. The specific T cells that mediate tumor rejection are unknown. T cells from human bladder tumors and non-malignant tissue were assessed with single-cell RNA and paired T cell receptor (TCR) sequencing of 30,604 T cells from 7 patients. We find that the states and repertoires of CD8+ T cells are not distinct in tumors compared with non-malignant tissues. In contrast, single-cell analysis of CD4+ T cells demonstrates several tumor-specific states, including multiple distinct states of regulatory T cells. Surprisingly, we also find multiple cytotoxic CD4+ T cell states that are clonally expanded. These CD4+ T cells can kill autologous tumors in an MHC class II-dependent fashion and are suppressed by regulatory T cells. Further, a gene signature of cytotoxic CD4+ T cells in tumors predicts a clinical response in 244 metastatic bladder cancer patients treated with anti-PD-L1.Copyright © 2020 The Authors. Published by Elsevier Inc. All rights reserved.","Journal Article; Research Support, N.I.H., Extramural; Research Support, Non-U.S. Gov't",Oh DY; Kwek SS; Raju SS; Li T; McCarthy E; Chow E; Aran D; Ilano A; Pai CS; Rancan C,not_signature_like_title,not_signature_like_title
32165065,10.1016/j.eururo.2020.02.028,2020,European urology,Impact of Molecular Subtyping and Immune Infiltration on Pathological Response and Outcome Following Neoadjuvant Pembrolizumab in Muscle-invasive Bladder Cancer.,"The PURE-01 study (NCT02736266) evaluated the use of pembrolizumab before radical cystectomy (RC) in muscle-invasive bladder cancer (MIBC).To evaluate the ability of molecular signatures to predict the pathological complete response (CR: ypT0N0) and progression-free survival (PFS) after pembrolizumab and RC.We analyzed the expression data from patients with T2-4aN0M0 MIBC enrolled in the PURE-01 study (N=84) and from patients of a retrospective multicenter cohort treated with cisplatin-based neoadjuvant chemotherapy (NAC; N=140).Neoadjuvant pembrolizumab or NAC and RC.Immune signatures and molecular subtyping (The Cancer Genome Atlas, consensus model, and genomic subtyping classifier [GSC]) were evaluated in relation to CR and PFS. Multivariable logistic regression analyses for CR were used, adjusting for gender and clinical T stage.The Immune190 signature was significant for CR on multivariable logistic regression analyses (p= 0.02) in PURE-01, but not in the NAC cohort (p= 0.7). Hallmark signatures for interferon gamma (IFNγ; p= 0.004) and IFNα response (p= 0.006) were also associated with CR for PURE-01, but not for NAC (IFNγ: p= 0.9 and IFNα: p= 0.8). In PURE-01, 93% of patients with the highest Immune190 scores (>1st quartile) had 2-yr PFS versus 79% of those with lower scores; no difference was observed in NAC patients, as well as for the other hallmarks in both groups. The neuroendocrine-like subtype had the worst 2-yr PFS in all three subtyping models (33%) and the GSC claudin-low subtype had the best, with no recurrences in 2 yr. Basal subtypes (across classifications) with higher Immune190 scores showed 100% 2-yr PFS after pembrolizumab therapy (p = 0.04, compared with basal-Immune190 low). Statistical analyses are limited by the small number of events and short follow-up.Higher RNA-based immune signature scores were significantly associated with CR and numerically improved PFS outcomes after pembrolizumab, but not after NAC. These data emphasize that RNA profiling is a potential tool for personalizing neoadjuvant therapy selection.We used gene expression profiling to evaluate the association between immune gene expression and response to neoadjuvant immunotherapy, compared with standard chemotherapy, in patients with muscle-invasive bladder cancer (MIBC). We found a significant association between immune gene expression and response to pembrolizumab, but not chemotherapy. We conclude that gene expression profiling has the potential to guide personalized neoadjuvant therapy in MIBC.Copyright © 2020 European Association of Urology. Published by Elsevier B.V. All rights reserved.","Journal Article; Multicenter Study; Research Support, Non-U.S. Gov't",Necchi A; Raggi D; Gallina A; Ross JS; Farè E; Giannatempo P; Marandino L; Colecchia M; Lucianò R; Bianchi M,not_signature_like_title,not_signature_like_title
30998483,10.1109/JBHI.2019.2911528,2020,IEEE journal of biomedical and health informatics,Computational Identification of RNA-Seq Based miRNA-Mediated Prognostic Modules in Cancer.,"Systematic identification of miRNA prognostic signature can help decipher the effects of biomarkers in cancer treatment. A number of previous studies have only characterized a single miRNA as a promising prognostic biomarker. There is currently a trend toward combining several miRNAs as a panel of prognostic signatures, but few attempts to explain the mechanism of miRNA combination. Throughout this paper, we refer to ""miRNA-mediated prognostic modules"" and propose a novel computational approach called ProModule to analyze prognostic biomarkers from the module perspective. ProModule works in two main stages: it first uses univariate and multivariable Cox proportional hazard regressions to find individual miRNA biomarkers and then employs a clustering method to systematically detect miRNA-mediated modules with statistical prognostic significance. We applied ProModule to three data sets in bladder cancer, breast cancer, and liver cancer, and identified several miRNA prognostic modules for each data set. We found that miRNA prognostic modules have more powerful prognostic value than individuals while presenting coherent miRNA-miRNA expression as well as significant functional enrichment, and thus are likely to be biologically meaningful. Availability: ProModule is implemented in R and available at https://github.com/chupan1218/ProModule.","Journal Article; Research Support, Non-U.S. Gov't",Pan C; Luo J; Zhang J,not_signature_like_title; non_mrna_title,not_signature_like_title; non_mrna_title
31794632,10.1002/cam4.2665,2020,Cancer medicine,Genome-wide screening of abberant methylated drivers combined with relative risk loci in bladder cancer.,"To explore important methylation-driven genes (MDGs) and risk loci to construct risk model for prognosis of bladder cancer (BCa).We utilized TCGA-Assembler package to download 450K methylation data and corresponding transcriptome profiles. MethylMix package was used for identifying methylation-driven genes and functional analysis was mainly performed based on ConsensusPathDB database. Then, Cox regression method was utilized to find prognostic MDGs, and we selected 17 hub genes via stepwise regression and multivariate Cox models. Kruskal-Wallis test was implemented for comparisons between risk with other clinical variables. Moreover, we constructed the risk model and validated it in GSE13507. Gene set enrichment analysis was performed using the levels of risk score as the phenotype. Additionally, we further screened out the relative methylation sites associated with the 17 hub genes. Cox regression and Survival analysis were conducted to find the specifically prognostic sites.Two hundred and twenty-eight MDGs were chosen by ConsensusPathDB database. Results revealed that most conspicuous pathways were transcriptional mis-regulation pathways in cancer and EMT. After Cox regression analysis, 17 hub epigenetic MDGs were identified. We calculated the risk score and found satisfactory predictive efficiency by ROC curve (AUC = 0.762). In the validation group from GSE13507, 17 hub genes remained higher predictive value with AUC = 0.723 and patients in high-risk group. Meanwhile, Kruskal-Wallis test revealed that higher risk score correlated with a higher level of TNM stage, tumor grade, and advanced pathological stages. Then, identified 38 risk methylated loci that highly associated with prognosis. Last, gene set enrichment analysis revealed that high-risk level of MDGs may correlate with several important pathways, including MAPK signaling pathway and so on.Our study indicated several hub-MDGs, calculated novel risk score and explored the prognostic value in BCa, which provided a promising approach to BCA prognosis assessment.© 2019 The Authors. Cancer Medicine published by John Wiley & Sons Ltd.","Journal Article; Research Support, Non-U.S. Gov't",Zhang C; Shen K; Zheng Y; Qi F; Luo J,not_signature_like_title,not_signature_like_title
31610173,10.1016/j.ajpath.2019.09.007,2020,The American journal of pathology,RNA Expression Profiling of Lymphoepithelioma-Like Carcinoma of the Bladder Reveals a Basal-Like Molecular Subtype.,"Lymphoepithelioma-like carcinoma of the bladder (LELC-B) is a rare subtype of urothelial carcinoma consisting of undifferentiated epithelial cells within a dense inflammatory cell infiltrate. We set out to molecularly characterize LELC-B through RNA expression profiling as well as immunohistochemistry (IHC) to understand its underlying biology. Sixteen cases of LELC-B were identified at Johns Hopkins University. RNA sequencing was performed on 14 cases. IHC staining for programmed cell death ligand 1 (PD-L1) and mismatch repair proteins MutL homolog 1 (MLH1), MutS homolog 2 (MSH2), MSH6, and PMS1 homolog, mismatch repair system component 2 (PMS2) was performed. Transcriptomic profiling of LELC-B showed that they are enriched in a basal-like phenotype, with 12 of 14 LELC-B cases correlating to the basal centroid of the bladder cancer analysis of subtypes by gene expression 47 (BASE47) predictive analysis of microarrays (PAM) classifier. Gene signature analysis confirmed the lymphocyte infiltration profile consistent with the histomorphology. LELC-B lacked features to explain the robust lymphocytic infiltrate, such as loss of mismatch repair protein expression or expression of Epstein-Barr virus transcripts. Nonetheless, PD-L1 IHC was positive in 93% of LELC cases. Our study demonstrates that LELC-B tumors are enriched in a basal-like molecular subtype and share a high level of immune infiltration and PD-L1 expression, similar to basal tumors. The basal-like phenotype is consistent with the known sensitivity of LELC-B to chemotherapy and suggests that immune checkpoint therapy should be explored in this rare disease.Copyright © 2020 American Society for Investigative Pathology. Published by Elsevier Inc. All rights reserved.","Journal Article; Research Support, N.I.H., Extramural; Research Support, Non-U.S. Gov't",Manocha U; Kardos J; Selitsky S; Zhou M; Johnson SM; Breslauer C; Epstein JI; Kim WY; Wobker SE,not_signature_like_title,not_signature_like_title
30953370,10.1002/jcp.28515,2019,Journal of cellular physiology,Prognostic value of differentially methylated gene profiles in bladder cancer.,"DNA methylation can regulate gene expression and is pivotal in the occurrence and development of bladder cancer. In this study, we analyzed whole-genome DNA methylation on the basis of data from The Cancer Genome Atlas to select epigenetic biomarkers predictive of survival and further understand the molecular mechanisms underlying methylation patterns in bladder cancer. We identified 540 differentially methylated genes between tumor and normal tissues, including a number of independent prognostic factors based on univariate analysis. Genes (MIR6732, SOWAHC, SERPINI1, OR10W1, OR7G3, AIM1, and ZFAND5) were integrated to establish a risk model for prognostic assessment based on multivariate Cox analysis. The methylation of SOWAHC was negatively correlated with its messenger RNA expression, and together these were significantly correlated with prognosis. This study took advantage of high-throughput data mining to provide new bioinformatics evidence and ideas for further study into the pathogenesis and prognosis of bladder cancer.© 2019 Wiley Periodicals, Inc.","Journal Article; Research Support, Non-U.S. Gov't",Yang Z; Liu A; Xiong Q; Xue Y; Liu F; Zeng S; Zhang Z; Li Y; Sun Y; Xu C,not_signature_like_title,not_signature_like_title
30846479,10.1158/1078-0432.CCR-18-1515,2019,Clinical cancer research : an official journal of the American Association for Cancer Research,Multi-omics Integration Analysis Robustly Predicts High-Grade Patient Survival and Identifies CPT1B Effect on Fatty Acid Metabolism in Bladder Cancer.,"The perturbation of metabolic pathways in high-grade bladder cancer has not been investigated. We aimed to identify a metabolic signature in high-grade bladder cancer by integrating unbiased metabolomics, lipidomics, and transcriptomics to predict patient survival and to discover novel therapeutic targets.We performed high-resolution liquid chromatography mass spectrometry (LC-MS) and bioinformatic analysis to determine the global metabolome and lipidome in high-grade bladder cancer. We further investigated the effects of impaired metabolic pathways using in vitro and in vivo models.We identified 519 differential metabolites and 19 lipids that were differentially expressed between low-grade and high-grade bladder cancer using the NIST MS metabolomics compendium and lipidblast MS/MS libraries, respectively. Pathway analysis revealed a unique set of biochemical pathways that are highly deregulated in high-grade bladder cancer. Integromics analysis identified a molecular gene signature associated with poor patient survival in bladder cancer. Low expression of CPT1B in high-grade tumors was associated with low FAO and low acyl carnitine levels in high-grade bladder cancer, which were confirmed using tissue microarrays. Ectopic expression of the CPT1B in high-grade bladder cancer cells led to reduced EMT in in vitro, and reduced cell proliferation, EMT, and metastasis in vivo.Our study demonstrates a novel approach for the integration of metabolomics, lipidomics, and transcriptomics data, and identifies a common gene signature associated with poor survival in patients with bladder cancer. Our data also suggest that impairment of FAO due to downregulation of CPT1B plays an important role in the progression toward high-grade bladder cancer and provide potential targets for therapeutic intervention.©2019 American Association for Cancer Research.","Journal Article; Research Support, N.I.H., Extramural; Research Support, Non-U.S. Gov't; Research Support, U.S. Gov't, Non-P.H.S.",Vantaku V; Dong J; Ambati CR; Perera D; Donepudi SR; Amara CS; Putluri V; Ravi SS; Robertson MJ; Piyarathna DWB,not_signature_like_title,not_signature_like_title
30548659,10.1002/jcb.28278,2019,Journal of cellular biochemistry,Clinical and molecular characteristics of bladder urothelial carcinoma subtypes.,"Bladder urothelial carcinoma (BLCA) is a common malignancy with high heterogeneity. A reasonable molecular subtyping can facilitate biological study and personalized therapy of BLCA. In this study, unsupervised consensus clustering was used to acquire the molecular subtypes of BLCA based on messenger RNA (mRNA) and microRNA (miRNA) data. Gene signature markers and canonical signaling pathways were compared between different subtypes. The Database for Annotation, Visualization and Integrated Discovery (DAVID) was used for the functional annotation of overexpressed genes in different subtypes for Gene Ontology (GO) terms and Kyoto Encyclopedia of Genes and Genomes (KEGG) pathways. Three molecular subtypes were identified including C1 (luminal-P53 like), C2 (luminal-other), and C3 (basal-immune-squamous). C2 was different from C1 and C3 in clinical characteristics, including younger, better prognosis, and a higher proportion of papillary, Asian, low-grade, early-stage, lymph node negative, and complete remission patients (P < 0.05). Three molecular subtypes also showed distinct mRNA and miRNA expression patterns. luminal and P53-like markers were highly expressed in subtype C1, luminal markers were highly expressed in subtype C2, and basal, EMT/claudin-low, immune and squamous-differentiation markers were highly expressed in subtype C3. In addition, highly expressed genes in C1 were involved in extracellular signal transduction and cell-cell interaction, highly expressed genes in C2 were associated with oxygen transport, energy and steroid metabolism, and highly expressed genes in C3 were related with inflammatory, immune, cytokine, and signal transduction. BLCA in different molecular subtypes showed different clinical and molecular characteristics and personalized therapy needed to be adopted according to the molecular subtypes.© 2018 Wiley Periodicals, Inc.","Journal Article; Research Support, Non-U.S. Gov't",Li Y; Yang K; Li K; Liu H; Zhao S; Jiao M; Fu X,not_signature_like_title,not_signature_like_title
30403777,10.1093/carcin/bgy139,2019,Carcinogenesis,Elucidating the role of Agl in bladder carcinogenesis by generation and characterization of genetically engineered mice.,"Amylo-α-1,6-glucosidase,4-α-glucanotransferase (AGL) is an enzyme primarily responsible for glycogen debranching. Germline mutations lead to glycogen storage disease type III (GSDIII). We recently found AGL to be a tumor suppressor in xenograft models of human bladder cancer (BC) and low levels of AGL expression in BC are associated with poor patient prognosis. However, the impact of low AGL expression on the susceptibility of normal bladder to carcinogenesis is unknown. We address this gap by developing a germline Agl knockout (Agl-/-) mouse that recapitulates biochemical and histological features of GSDIII. Agl-/- mice exposed to N-butyl-N-(4-hydroxybutyl) nitrosamine (BBN) had a higher BC incidence compared with wild-type mice (Agl+/+). To determine if the increased BC incidence observed was due to decreased Agl expression in the urothelium specifically, we developed a urothelium-specific conditional Agl knockout (Aglcko) mouse using a Uroplakin II-Cre allele. BBN-induced carcinogenesis experiments repeated in Aglcko mice revealed that Aglcko mice had a higher BC incidence than control (Aglfl/fl) mice. RNA sequencing revealed that tumors from Agl-/- mice had 19 differentially expressed genes compared with control mice. An 'Agl Loss' gene signature was developed and found to successfully stratify normal and tumor samples in two BC patient datasets. These results support the role of AGL loss in promoting carcinogenesis and provide a rationale for evaluating Agl expression levels, or Agl Loss gene signature scores, in normal urothelium of populations at risk of BC development such as older male smokers.© The Author(s) 2018. Published by Oxford University Press. All rights reserved. For Permissions, please email: journals.permissions@oup.com.","Journal Article; Research Support, N.I.H., Extramural; Research Support, Non-U.S. Gov't",Sottnik JL; Mallaredy V; Chauca-Diaz A; Ritterson Lew C; Owens C; Dancik GM; Pagliarani S; Lucchiari S; Moggio M; Ripolone M,not_signature_like_title,not_signature_like_title
30784602,10.1016/j.celrep.2019.01.095,2019,Cell reports,Whole-Organ Genomic Characterization of Mucosal Field Effects Initiating Bladder Carcinogenesis.,"We used whole-organ mapping to study the locoregional molecular changes in a human bladder containing multifocal cancer. Widespread DNA methylation changes were identified in the entire mucosa, representing the initial field effect. The field effect was associated with subclonal low-allele frequency mutations and a small number of DNA copy alterations. A founder mutation in the RNA splicing gene, ACIN1, was identified in normal mucosa and expanded clonally with an additional 21 mutations in progression to carcinoma. The patterns of mutations and copy number changes in carcinoma in situ and foci of carcinoma were almost identical, confirming their clonal origins. The pathways affected by the DNA copy alterations and mutations, including the Kras pathway, were preceded by the field changes in DNA methylation, suggesting that they reinforced mechanisms that had already been initiated by methylation. The results demonstrate that DNA methylation can serve as the initiator of bladder carcinogenesis.Copyright © 2019 The Author(s). Published by Elsevier Inc. All rights reserved.","Journal Article; Research Support, N.I.H., Extramural",Majewski T; Yao H; Bondaruk J; Chung W; Lee S; Lee JG; Zhang S; Cogdell D; Yang G; Choi W,not_signature_like_title,not_signature_like_title
30719168,10.7150/jca.28494,2019,Journal of Cancer,Multi-omics Perspective on the Tumor Microenvironment based on PD-L1 and CD8 T-Cell Infiltration in Urothelial Cancer.,"Objectives: We carried out an integrated analysis based on multiple-dimensional types of data from cohorts of bladder cancer patients to identify multi-omics perspective (genomics and transcriptomics) on the tumor microenvironment on the bases of the programmed cell death 1 ligand (PD-L1) and CD8 T-cell infiltration in urothelial carcinoma. Methods: Multiple-dimensional types of data, including clinical, genomic and transcriptomic data of 408 bladder cancer patients were retrieved from the Cancer Genome Atlas database. Based on the median values of PD-L1 and CD8A, the tumor samples were grouped into four tumor microenvironment immune types (TMIT). The RNA sequencing profiles, somatic mutation and PD-L1 amplification data of bladder cancer were analyzed by different TMITs. Results: Our research demonstrated that 36.8% of the evaluated bladder cancer belonged to TMIT I (high PD-L1/high CD8A). TIMT subtypes were not significantly associated with overall survival or disease free survival in urothelial cancer. TMIT I facilitates CD8+ T-cell infiltration and activates T-effector and interferon gamma (IFN-γ) associated gene signature. The number of somatic mutations, cytolytic activity, IFN-γ mRNA expression and TIGIT mRNA expression in TMIT I was remarkably higher than those in other TMIT groups. Our results showed a high rate of C>T transversion and a high rate of transition/transversion (Ti/Tv) in TMIT I bladder tumors. The RB1 mutation was significantly associated with TMIT I bladder cancer and be significantly co-occurring with the TP53 mutation. However, FGFR3 mutation and TP53 mutation were mutually exclusive in TMIT II bladder tumors. More importantly, different amino acid changes by FGFR3/RB1 mutations were also found between TMIT I and TMIT II bladder cancer, such as amino acid changes in ""Immunoglobulin I-set domain (260-356)""and ""Protein tyrosine kinase (472-748)"". We also detected 9 genes as significantly cancer-associated genes in TMIT I bladder cancer, of which, RAD51C has been reported to play an important role in DNA damage responses. Further analysis concentrated on the potential molecular mechanism found that TMIT I was significantly associated with anti-tumor immune-related signaling pathway, and kataegis was present on chromosome 21 in TMIT I bladder tumors. Conclusions: The classification of bladder cancer into four TMITs on the bases of the PD-L1 expression and the CD8+ CTLs statuses is an appropriate approach for bladder tumor immunotherapy. TMIT I (high PD-L1/high CD8A) is significantly correlated with more somatic mutation burden, and facilitates CD8+ T-cell infiltration and activates T-effector and IFN-γ associated gene signature. Alteration landscape for somatic variants was different between TMIT I and TMIT II (low PD-L1/low CD8A).",Journal Article,Chen S; Zhang N; Shao J; Wang T; Wang X,not_signature_like_title,not_signature_like_title
29703843,10.1158/1535-7163.MCT-17-1049,2018,Molecular cancer therapeutics,MKAD-21 Suppresses the Oncogenic Activity of the miR-21/PPP2R2A/ERK Molecular Network in Bladder Cancer.,"Bladder cancer represents a disease associated with significant morbidity and mortality. MiR-21 has been found to have oncogenic activity in multiple cancers, including bladder cancer, whereas inhibition of its expression suppresses tumor growth. Here, we examine the molecular network regulated by miR-21 in bladder cancer and evaluate the effects of i.v. and i.p. administration of a novel miR-21 chemical inhibitor in vivo LNA miR-21 reduced the oncogenic potential of bladder cancer cells, whereas the MKAD-21 chemically modified antisense oligo against miR-21 dose-dependently blocked xenograft growth. I.v. administration of LNA miR-21 was more effective in suppressing tumor growth than was i.p. administration. Integration of computational and transcriptomic analyses in a panel of 28 bladder cancer lines revealed a 15-gene signature that correlates with miR-21 levels. Protein Phosphatase 2 Regulatory Subunit Balpha (PPP2R2A) was one of these 15 genes and was experimentally validated as a novel miR-21 direct target gene. Gene network and molecular analyses showed that PPP2R2A is a potent negative regulator of the ERK pathway activation and bladder cancer cell proliferation. Importantly, we show that PPP2R2A acts as a mediator of miR-21-induced oncogenic effects in bladder cancer. Integrative analysis of human bladder cancer tumors and a large panel of human bladder cancer cell lines revealed a novel 15-gene signature that correlates with miR-21 levels. Importantly, we provide evidence that PPP2R2A represents a new miR-21 direct target and regulator of the ERK pathway and bladder cancer cell growth. Furthermore, i.v. administration of the MKAD-21 inhibitor effectively suppressed tumor growth through regulation of the PPP2R2A-ERK network in mice. Mol Cancer Ther; 17(7); 1430-40. ©2018 AACR.©2018 American Association for Cancer Research.","Journal Article; Research Support, Non-U.S. Gov't",Koutsioumpa M; Chen HW; O'Brien N; Koinis F; Mahurkar-Joshi S; Vorvis C; Soroosh A; Luo T; Issakhanian S; Pantuck AJ,not_signature_like_title,not_signature_like_title
29150671,10.1038/s41598-017-15920-6,2017,Scientific reports,Urothelial cancer proteomics provides both prognostic and functional information.,"Traditionally, bladder cancer has been classified based on histology features. Recently, some works have proposed a molecular classification of invasive bladder tumors. To determine whether proteomics can define molecular subtypes of muscle invasive urothelial cancer (MIUC) and allow evaluating the status of biological processes and its clinical value. 58 MIUC patients who underwent curative surgical resection at our institution between 2006 and 2012 were included. Proteome was evaluated by high-throughput proteomics in routinely archive FFPE tumor tissue. New molecular subgroups were defined. Functional structure and individual proteins prognostic value were evaluated and correlated with clinicopathologic parameters. 1,453 proteins were quantified, leading to two MIUC molecular subgroups. A protein-based functional structure was defined, including several nodes with specific biological activity. The functional structure showed differences between subtypes in metabolism, focal adhesion, RNA and splicing nodes. Focal adhesion node has prognostic value in the whole population. A 6-protein prognostic signature, associated with higher risk of relapse (5 year DFS 70% versus 20%) was defined. Additionally, we identified two MIUC subtypes groups. Prognostic information provided by pathologic characteristics is not enough to understand MIUC behavior. Proteomics analysis may enhance our understanding of prognostic and classification. These findings can lead to improving diagnosis and treatment selection in these patients.",Journal Article,de Velasco G; Trilla-Fuertes L; Gamez-Pozo A; Urbanowicz M; Ruiz-Ares G; Sepúlveda JM; Prado-Vazquez G; Arevalillo JM; Zapater-Moros A; Navarro H,not_signature_like_title,not_signature_like_title
28493171,10.1007/s40265-017-0748-7,2017,Drugs,Immunotherapy in Urothelial Cancer: Recent Results and Future Perspectives.,"Cytotoxic chemotherapy has been the only systemic treatment of locally advanced and metastatic urothelial carcinoma for decades. Long-term survival remains stagnant around 12-14 months for patients with advanced disease who have progressed on or recurred after receiving first-line platinum-based chemotherapy. Improving clinical outcomes for patients with urothelial carcinoma in all disease settings requires the development of novel treatments, especially for patients who failed on first-line chemotherapy. Since the discovery of intravesical Bacillus-Calmette Guerin (BCG) in the 1970s for non-muscle invasive disease, there have not been any major breakthrough drugs that exploit the immune-sensitivity of bladder cancer until recently. Immune-checkpoint inhibitors targeting the programmed death 1/programmed death-ligand 1 (PD-1/PD-L1) and cytotoxic T-lymphocyte-associated protein 4 (CTLA-4) pathways have shown significant anti-tumor activity, tolerable safety profiles and durable, long-term responses in clinical trials. Atezolizumab, avelumab, durvalumab, nivolumab and pembrolizumab are promising PD-1/PD-L1 blockade drugs under investigation that will redefine the standard of care for bladder cancer. CTLA-4 inhibitors are also under investigation in this setting. Atezolizumab, approved in May 2016, and nivolumab, approved in February 2017, are the first Food and Drug Administration (FDA)-approved immune-checkpoint inhibitors in bladder cancer for platinum-pretreated patients based on phase II data. On March 16, 2017, results from the phase III trial KEYNOTE-045 demonstrated that survival was significantly longer in patients treated with pembrolizumab when compared with the standard second-line chemotherapy. Research into biomarkers such as PD-L1 expression, messenger RNA subtype, mutational and neoantigen load and gene signature expression will be crucial to determining why some patients respond to immunotherapy and others do not. This review article describes the advances in immunotherapy since the development of BCG, presents results from clinical trials investigating immune-checkpoint inhibitors and discusses biomarkers and prognostic factors associated with response to these new drugs.",Journal Article; Review,Farina MS; Lundgren KT; Bellmunt J,publication_type; not_signature_like_title,publication_type; not_signature_like_title
27189164,10.1158/1078-0432.CCR-15-2581,2016,Clinical cancer research : an official journal of the American Association for Cancer Research,Biased Expression of the FOXP3Δ3 Isoform in Aggressive Bladder Cancer Mediates Differentiation and Cisplatin Chemotherapy Resistance.,"The transcriptional regulation mediating cancer cell differentiation into distinct molecular subtypes and modulating sensitivity to existing treatments is an enticing therapeutic target. Our objective was to characterize the ability of the forkhead/winged transcription factor FOXP3 to modulate the differentiation of bladder cancer.Expression of FOXP3 was analyzed by immunohistochemistry in a tumor microarray of 587 samples and overall survival in a subset of 187 patients following radical cystectomy. Functional assays were performed in SW780 and HT1376 cell lines in vitro and in vivo and gene expression profiling performed by RNA-Seq. Validation was undertaken using gene expression profiles of 131 patients from The Cancer Genome Atlas (TCGA) consortium in bladder cancer.FOXP3 expression correlates with bladder cancer stage and inversely with overall survival, with biased expression of the FOXP3Δ3 isoform. Functional assays of FOXP3Δ3 demonstrated resistance to chemotherapy in vitro, whereas subcutaneous xenografts overexpressing FOXP3Δ3 developed larger and more poorly differentiated bladder cancers. RNA expression profiling revealed a unique FOXP3Δ3 gene signature supporting a role in chemotherapy resistance. Accordingly, knockdown of Foxp3 by siRNA in HT1376 cells conferred sensitivity to cisplatin- and gemcitabine-induced cytotoxicity. Validation in TCGA dataset demonstrated increased expression of FOXP3 in subtypes II to IV and skewing of molecular subtypes based on FOXP3Δ3-specific gene expression.(i) Biased expression of the FOXP3Δ3 isoform in bladder cancer inversely correlates with overall survival, (ii) FOXP3Δ3 induces a unique gene program that mediates cancer differentiation, and (iii) FOXP3Δ3 may augment chemotherapy resistance. Clin Cancer Res; 22(21); 5349-61. ©2016 AACR.©2016 American Association for Cancer Research.",Journal Article,Zhang H; Prado K; Zhang KX; Peek EM; Lee J; Wang X; Huang J; Li G; Pellegrini M; Chin AI,not_signature_like_title,not_signature_like_title
26171066,10.3892/ol.2015.3231,2015,Oncology letters,Bioinformatics analysis of the target gene of fibroblast growth factor receptor 3 in bladder cancer and associated molecular mechanisms.,"The aim of the present study was to elucidate the molecular mechanisms of fibroblast growth factor receptor 3 (FGFR3) activation via overexpression or mutation of the FGFR3 target gene in bladder cancer (BC). The transcription profile data GSE41035, which included 18 BC samples, containing 3 independent FGFR3 short hairpin (sh)RNA, and 6 control samples, containing enhanced green fluorescent protein (EGFP) shRNA, were obtained from the National Center of Biotechnology Information Gene Expression Omnibus database. The Limma package with multiple testing correction was used to identify differentially expressed genes (DEGs) between FGFR3 knockdown and control samples. Gene ontology (GO) and pathway enrichment analysis were conducted in order to investigate the DEGs at the functional level. In addition, differential co-expression analysis was employed to construct a gene co-expression network. A total of 196 DEGs were acquired, of which 101 were downregulated and 95 were upregulated. In addition, a gene signature was identified linking FGFR3 signaling with de novo sterol biosynthesis and metabolism using GO and pathway enrichment analysis. Furthermore, the present study demonstrated that the genes NME2, CCNB1 and H2AFZ were significantly associated with BC, as determined by the protein-protein interaction network of DEGs and co-expressed genes. In conclusion, the present study revealed the involvement of FGFR3 in the regulation of sterol biosynthesis and metabolism in the maintenance of BC; in addition, the present study provided a novel insight into the molecular mechanisms of FGFR3 in BC. These results may therefore contribute to the theoretical guidance into the detection and therapy of BC.",Journal Article,Ai X; Jia ZM; Wang J; DI GP; Zhang XU; Sun F; Zang T; Liao X,not_signature_like_title,not_signature_like_title
