pmid,pmcid,title,year,extraction_status,confidence,source,n_genes,genes,context,has_fulltext,consensus_decision
42030617,,A computational framework identifies a matrisome-related gene signature for bladder cancer prognosis and prioritizes candidate compounds.,2026,extracted,high,abstract,9,SERPINE2|RBP7|SPINK4|CD3D|CLDN5|TSPAN8|FADS1|CLIC3|KRT4,"Subsequently, a nine-gene prognostic signature (SERPINE2, RBP7, SPINK4, CD3D, CLDN5, TSPAN8, FADS1, CLIC3, and KRT4) was developed using univariate Cox, LASSO, and multivariate Cox regression analyses.",N,include
42493447,,[Development of a 36-gene signature for predicting recurrence in non-muscle-invasive bladder cancer and validation in a Chinese cohort].,2026,extracted,medium,fulltext_figure_ocr,36,ZNF41|ADAMTSL4|PLA2G2A|CP|SLC29A2|BNC2|PEG10|MUC3A|ASB7|MYO5B|PRR26|HSD17B14|FOSB|ZNF556|SERPINE2|XG|SH3RF1|GSTA1|GABRA3|PANX2|SMAGP|CALHM6|EMX2OS|STX16|PTGS2|SRRD|DSC3|CNGA1|TNFRSF10D|DSC2|DDX3Y|ADGRF1|RAB38|PACRG|CCL28|CDKN2B,"Gene names were read from the forest plot in the published full-text figure. LASSO coefficients were not provided in the public text, so equal-weight scoring was used in this audit.",Y,include
42576531,,Construction and Validation of a Ubiquitination-Related Gene Signature Based on WGCNA and Single-cell RNA Sequencing in Bladder Cancer.,2026,extracted,high,abstract,6,CAPG|EMP3|GMFG|HLA-B|ID1|TNFRSF12A,"The immune infiltration, immunotherapy response, and drug sensitivity were evaluated.A six-gene signature comprising CAPG, EMP3, GMFG, HLA-B, ID1, and TNFRSF12A stratified patients into high-risk and low-risk groups with significantly different overall survival.",N,include
42500328,,Epigenomics-Guided Multi-Omics Integration Uncovers a Lipid-Metabolic Signature with Translational Utility in Bladder Cancer.,2026,extracted,high,fulltext_window,4,FGFR2|TP53|NR1H2|NR1H3,"ersonalization rather than actionable treatment recommendations. A B Fig. 3. Stage- and gene-subtype-specific impact and clinical utility of the 25-gene signature. (A) Stage-stratified Kaplan–Meier curves showing the prognostic impact of the 25-gene risk score in stage 2 (hazard ratio [HR] = 2.24), stage 3 (HR = 2.83), and stage 4 (HR = 1.72) bladder cancer (BLCA). (B) Genotype-stratified survival analyses within key gene-defined subtypes, including fibroblast growth factor receptor 2/3 (FGFR2/3",Y,include
42482080,,A bladder cancer-associated gene signature for exploratory qPCR-based survival stratification in NAC-Treated muscle-invasive bladder cancer.,2026,extracted,high,abstract,3,CD274|HAVCR2|TIGIT,"High-signature tumors exhibited an immune-dysregulated microenvironment characterized by increased immune checkpoint expression (CD274, HAVCR2, TIGIT) and reduced antigen-presentation machinery.",N,include
42436798,,Prognostic and immunological implications of a mitophagy-associated gene signature in bladder cancer.,2026,extracted,high,abstract,5,NTN4|AKR1B1|FBXW7|MYH10|IGF2BP3,"Drug sensitivity and molecular alteration profiles were interrogated to identify potential personalized therapeutic avenues.A five-core-gene signature (NTN4, AKR1B1, FBXW7, MYH10, and IGF2BP3) was established.",N,include
42421957,,Liquid-liquid phase separation-associated gene networks link EMT and ferroptosis to define a PDGFRB-centered prognostic signature in bladder cancer.,2026,extracted,high,abstract,5,PDGFRB|FLNA|JUN|SNAI2|ITGB1,"Tissue validation was conducted in clinical specimens and a mouse orthotopic model.We identified a 5-gene signature (PDGFRB, FLNA, JUN, SNAI2, and ITGB1) that effectively stratifies BLCA patients into distinct risk groups.",N,include
42215586,,Ethnicity-specific molecular subtypes and a machine-learning risk model in Asian patients with non-muscle-invasive bladder cancer.,2026,extracted,low,abstract,3,RABL6|MYBL2|RAD54L,"Non-muscle-invasive bladder cancer (NMIBC) has high rates of recurrence and progression, yet its molecular landscape across different ethnicities remains poorly defined. We assembled a meta-cohort of 202 Asian NMIBC transcriptomes and identified three novel molecular subtypes (AC0, AC1, AC2) using non-negative matrix factorization clustering. These subtypes, each associated with distinct biological pathways and clinical outcomes, were externally validated across 22 datasets. Subtype-specific bio",N,include
42244509,PMC13231244,A five-gene mitochondria-associated prognostic signature for bladder cancer.,2026,extracted,high,abstract_window,5,COX7A1|MTHFD1L|MTG1|SCO2|ACP6,"adder cancer-related differentially expressed genes (BLCA-related DEGs) with the mitochondrial-related gene database (MitoCarta 3.0 genes) to find the mitochondria-related differentially expressed genes (Mitochondria-related DEGs). Construction of a prognosis model using univariate (uni), lasso, and multivariate Cox regression analyses, was used for verificaiotn in 2 gene expression profile public databases (GEO cohorts). Functional enrichment (func enrich), tumor microenvironment (tumor microen",N,include
42059994,PMC13272733,Development and validation of an interpretable prognostic model for bladder cancer based on lactylation associated genes using SHAP analysis.,2026,extracted,high,abstract,4,ATAD3A|MKI67|VWF|CCL2,"A 4-gene risk model comprising ATAD3A, MKI67, VWF, and CCL2 was ultimately established.",Y,include
41992284,PMC13214285,Integrative analysis of myeloid cell signatures identifies a prognostic risk model and potential mechanisms in bladder cancer.,2026,extracted,high,abstract_window,6,CD68|CD14|CD74|CD163|S100A12|FOXP3,"and therapeutic response; however, their prognostic significance in BLC remains incompletely understood. METHODS: The prognostic value of individual myeloid cell markers was evaluated using immunohistochemistry and survival analyses. A myeloid-based prognostic model was constructed using least absolute shrinkage and selection operator (LASSO) regression. The model was validated across multiple independent cohorts. Multiplex immunofluorescence staining and RNA sequencing were performed to investi",Y,include
41981124,PMC13269820,Spatial transcriptomics of en bloc transurethral resection of bladder tumor specimens defines an invasive-front gene expression signature.,2026,extracted,high,fulltext,15,TIMP2|INHBA|SPON1|SLURP2|HHIP|DES|POSTN|COMP|FBLN5|ACTG2|LUM|ISLR|CDH11|MYH11|SPARCL1,"Gene set enrichment analysis (GSEA) was performed using the fgsea package (v 1.28.0), ranking all genes by log2FC and employing the Molecular Signature Database (MSigDB).Calculation of the 15-gene signature scoreWe defined the 15-gene signature score comprising “TIMP2”, “INHBA”, “SPON1”, “SLURP2”, “HHIP”, “DES”, “POSTN”, “COMP”, “FBLN5”, “ACTG2”, “LUM”, “ISLR”, “CDH11”, “MYH11”, and “SPARCL1”.",Y,include
42052292,PMC13111456,Integrate single-cell and transcriptome analyses to explore the prognostic genes related to TRPM4 in bladder cancer.,2026,extracted,high,fulltext_window,6,FAM193B|UNC93B1|FBN1|MAP1B|POGLUT3|RUNX2,nalysis of the top five most significant drugs between HRGs and LRGs based on IC50 prediction. (B) Heatmap of the top 50 IC50 correlations between all key genes in the risk prediction model and therapeutic drugs. (C–F) Immunohistochemical results of risk model-related genes in bladder tumors and normal tissues from the HPA database. Immunohistochemical results of FAM193B in normal tissue (C). Immunohistochemical results of FAM193B in tumor tissue (D). Immunohistochemical results of UNC93B1 in no,Y,include
41870815,PMC13133299,Construction and evaluation of a bladder cancer prognosis model based on super-enhancer-associated genes.,2026,extracted,high,abstract,3,MXRA7|PLEKHG4B|ATP2B4,"A prognosis model based on MXRA7, PLEKHG4B and ATP2B4 was finally constructed.",Y,include
41971137,PMC13062870,Identification of RNA processing-related gene-based bladder cancer subtypes for prognosis and immune landscape assessment.,2026,extracted,high,fulltext_window,5,WBP1|TOX3|MYC|KRT5|GNLY," cohort identified 115 survival-associated candidate genes (P<0.05; Table S4). Subsequently, LASSO regression refined this list to 19 feature genes (Figure 3A,3B). Finally, multivariate Cox analysis selected 8 key genes from these to build the final prognostic model (Figure 3C):Figure 3Prognostic model development and validation. (A) LASSO coefficient profiles. (B) λ-selection cross-validation curve. (C) Forest plot of multivariate regression analysis. (D) Differences in expression levels of fea",Y,include
41809788,PMC12968909,Machine learning identifies a DNA repair-related risk model for bladder cancer and functionally characterizes ZWINT as a potential oncogenic factor.,2026,extracted,high,fulltext_window,3,ZWINT|ZW10|STAT3,"9. Ying H, Xu Z, Chen M, et al. Overexpression of Zwint predicts poor prognosis and promotes the proliferation of hepatocellular carcinoma by regulating cell-cycle-related proteins. Onco T argets Ther 2018;11:689-702. Liang et al. DNA repair-related risk model and ZWINT in BCaPage 18 of 18 © AME Publishing Company. Transl Androl Urol 2026;15(2):46 | https://dx.doi.org/10.21037/tau-2025-710 30. Wang H, Hu X, Ding X, et al. Human Zwint-1 specifies localization of Zeste White 10 to kinetochores and",Y,include
41836241,PMC12982074,A systematic characterization of amino acid metabolism-related genes reveals molecular subtypes and a prognostic signature in bladder cancer.,2026,extracted,high,fulltext,16,SLC7A11|SLC6A17|SLC1A6|SLC38A4|DARS2|BBOX1|PSMA2|PYCR1|SLC6A2|CGA|SLC7A9|GRM7|NAALAD2|PSPH|ACY1|IYD,"The final prognostic model included 16 key genes (Figure 4D), and the corresponding risk score formula was calculated as follows: Risk Score = (0.0570×SLC7A11) + (0.0421×SLC6A17) + (0.0380×SLC1A6) + (0.0282×SLC38A4) + (0.0258×DARS2) + (0.0226×BBOX1) + (0.0189×PSMA2) + (0.0187×PYCR1) + (0.0185×SLC6A2) + (0.0156×CGA) + (0.0147×SLC7A9) + (0.0120×GRM7) + (0.0090×NAALAD2) + (0.0085×PSPH) + (0.0052×ACY1) + (0.0019×IYD).",Y,include
41533176,PMC12891303,Single-cell and immune-context integration identifies basement-membrane/metastasis signatures that sharpen bladder-cancer diagnosis and prognosis.,2026,extracted,high,abstract,6,SERPINF1|DDR2|SLIT2|HSPG2|ECM1|RECK,"Single-cell and spatial transcriptomics localized key genes to cancer-associated fibroblasts(CAFs).Through analysis of metastasis and basement membrane-associated DEGs, 18 candidate MBRGs were identified and refined via univariate Cox and SHAP to a 6-gene signature (SERPINF1, DDR2, SLIT2, HSPG2, ECM1, RECK).",Y,include
41584451,PMC12824457,A novel prognostic model based on epithelial cell progression genes identifies OAS1 as a suppressor of bladder cancer aggressiveness.,2025,extracted,high,fulltext,4,OAS1|AOC2|HSH2D|HOXB5,"Using the DEGs identified in the BLCA subtype, we built a prognostic risk model comprising four genes (OAS1, AOC2, HSH2D, and HOXB5) and validated it using the E-MTAB-4321 arrayExpress dataset.",Y,include
42159275,PMC13191138,Development and verification of cell cycle-related gene markers for prognosis in bladder cancer.,2026,extracted,high,fulltext,10,COL11A1|COL1A1|COL1A2|COL3A1|COL5A1|COL5A2|COMP|TNN|THBS4|SPP1,"Based on their functional properties, the 33 core genes used to construct the prognostic model were categorized into six groups: (1) extracellular matrix and structural genes (COL11A1, COL1A1, COL1A2, COL3A1, COL5A1, COL5A2, COMP, TNN, THBS4, SPP1); 23 (2) calcium channel and signal transduction-related genes (CACNA2D1, CACNG6, GNG4, PTPRR, DUSP2); 24 (3) growth factors and receptor-associated genes (FGF1, FGF7, FGF14, FGFR1, HGF, IGF1, PDGFRB, TGFB3, GAS1); 25 (4) development and morphology-reg",Y,include
41505248,PMC12782153,Machine Learning Integration Framework Constructs a Lactylation-Associated Gene Signature to Improve Prognosis in Bladder Cancer.,2026,extracted,high,fulltext_window,7,AHNAK|CALR|G6PD|SATB1|VIM|CACYBP|XPO5,"ork and calculated the C‐index for each combination across all TCGA and GEO cohorts. We found that the combination of the CoxBoost and SuperPC methods resulted in the highest average C‐index across all cohorts. Ultimately, we constructed the optimal prognostic model using 8 genes (Figure 2A,B). Then we calculated the risk score for each BCa patient utilizing the following formula:Riskscore=AHNAK×0.219395117274817+CALM×0.0846915536656999+CALR×0.0299443742371303+G6PD×0.171443752349604+SATB1×−0.062",Y,include
41337795,,Natural killer cell-related gene signature predicts immune cell infiltration and improved survival in bladder cancer.,2026,extracted,high,fulltext,8,IFNB1|KLRK1|CLEC12B|IL21|WIPF1|RAC3|MAP2K1|NFATC2,The signature risk score was calculated as: risk score = ( ,Y,include
41357226,PMC12675356,Gene signature for response prediction to immunotherapy and prognostic markers in metastatic urothelial carcinoma.,2025,extracted,high,abstract,5,LYRM1|RFC4|CENPL|SPAG5|CACYBP,"From our signature, we identified key prognostic biomarkers, with the top five markers LYRM1, RFC4, CENPL, SPAG5, and CACYBP (Benjamini-Hochberg adjusted P < 0.0025) in the IMvigor210 dataset.",Y,include
41252049,PMC12627312,Utilizing a novel mitochondrial-related gene signature for predicting the prognosis and immunological impact in bladder cancer.,2025,extracted,high,abstract,6,MAP1B|PYCR1|HSD3B1|KLK6|AKR1B15|TAT,"Our mitochondrial-related risk model incorporating six core genes (MAP1B, PYCR1, HSD3B1, KLK6, AKR1B15, and TAT) - exhibited robust prognostic capability (3-years AUC = 0.695 in TCGA-BLCA, 0.798 in GEO-GSE32894, 0.703 in GSE13507).",Y,include
41216727,,Construction and mechanistic exploration of a ferroptosis related gene based prognostic model for cisplatin resistance in bladder cancer.,2025,extracted,high,abstract_window,3,SLC1A4|TXNIP|PLIN4,"zed transcriptomic data from 44 cisplatin-treated bladder cancer patients to identify cisplatin-ferroptosis-related genes (CFRGs). Using machine learning and Cox regression, we developed a model and profiled the tumor microenvironment.The three gene signature stratified patients into high-risk and low-risk groups. SLC1A4 was markedly upregulated in tumors.Our data suggest SLC1A4, TXNIP, and PLIN4 are involved in ferroptosis mediated cisplatin resistance in BLCA, findings which merit further stud",N,include
41198839,PMC12592699,Integration of Single-cell and bulk RNA sequencing data uncovers lymphatic metastasis-related prognostic genes and a predictive model in bladder cancer.,2025,extracted,high,abstract,9,APOL1|CAST|DSTN|SPINK1|JUN|S100A10|SPTBN1|HES1|CD2AP,"The prognostic model, derived from nine key genes (APOL1, CAST, DSTN, SPINK1, JUN, S100A10, SPTBN1, HES1, and CD2AP), demonstrated robust predictive performance.",Y,include
40779729,PMC12360192,Risk Score Model of Aging-Related Genes for Bladder Cancer and Its Application in Clinical Prognosis.,2025,extracted,high,fulltext_window,12,GAPDH|MAPK3|NUDT1|PDGFRA|GCLM|ADH1B|PAPPA|SERPINB2|STAT5A|ZAP70|PTK2B|XIAP,"ognostic genes were detected (Fig 1A). Subsequently, 12 genes with high correlations were screened via LASSO regression (Data Supplement, Fig S1A), and the 12 genes were further included in multivariate Cox regression analysis (Fig 1B). Finally, the risk model obtained in this study is as follows: Risk score=GAPDH Exp×(0.305)+MAPK3 Exp×(0.293)+NUDT1 Exp×(0.281)+PDGFRA Exp×(0.199)+GCLM Exp×(0.194)+ADH1B Exp×(0.121)+PAPPA Exp×(0.116)+SERPINB2 Exp×(–0.063)+STAT5A Exp×(–0.184)+ZAP70 Exp×(–0.212)+PTK",Y,include
40735323,PMC12303948,Lactylation prognostic signature identifies DHCR7 as a modulator of chemoresistance and immunotherapy efficacy in bladder cancer.,2025,extracted,high,fulltext_window,9,DHCR7|P4HB|CD109|FADS1|HOXC8|CLDN5|TMC7|KRT4|ADIRF,"rent cluster numbers. E) Kaplan-Meier survival curves comparing two gene clusters with a significant p-value. F) Box plots showing gene expression levels for multiple genes across two clusters.Development and validation of a lactylation related gene signatureAll patients were randomly divided into training and validation sets at a 1:1 ratio. From the initial 1,250 differentially expressed genes, 692 were identified as preliminary prognostic genes through one way cox regression analysis. Using th",Y,include
40500142,,Machine learning-driven construction and validation of an intra-tumoral heterogeneity-associated prognostic model for bladder urothelial carcinoma.,2025,extracted,high,fulltext_window,12,STAP2|CHMP4C|PRSS8|FAAH2|LYPD3|CNKSR1|SPINT1|PRRG4|ALS2CL|SH2D3A|CD9|PPL,"uggest that the gene set is involved in essen - tial biological processes such as cell signaling, tissue formation, and disease progression, offering potential avenues for further research ( Figure 2 ). Construction and validation of the ITH-related prognostic model A total of 101 independent and combined algorithms were utilized to construct the ITH-related signature (Supplementary Table 1). The TCGA dataset was used as the training set, while the remaining five data - sets served as validation",Y,include
40442298,PMC12122888,Disulfide bond-related gene signature development for bladder cancer prognosis prediction and immune microenvironment characterization.,2025,extracted,high,fulltext_window,8,CALR|HLA-G|HSPA5|THBS1|TFRC|LTBP1|IGF1|NPR3,"ing program incorporating 10 algorithms. This process generated 89 prognostic models, with the C-index of each model in the training and testing cohorts shown in Fig. 2A. The model developed by StepCox[forward] was selected as the optimal prognostic signature, achieving the highest average C-index of 0.658. Eight core genes were ultimately selected as disulfide-related signature biomarkers. The risk score was calculated as follows: Risk Score = 0.224 × CALR exp + 0.320 × HLA-G exp + 0.012 × HSPA",Y,include
40520868,PMC12163458,The role of LRRC15-SCG5 in ECM protein binding as a prognostic signature for urothelial carcinoma.,2025,excluded,missing,none,0,,Only LRRC15 and SCG5; fewer than three genes,Y,include
40438104,PMC12116251,A lactate-related tSNE signature defines prognostic subtypes of bladder cancer and reveals LINC01094-mediated VIM stabilization in metastasis and drug resistance.,2025,extracted,high,fulltext_window,3,YBX3|NCF2|LINC01451,. (2024) 22:587. doi: 10.1186/s12967-024-05391-5 38902737 PMC1119117414 TanZChenXZuoJFuSWangHWangJ. Comprehensive analysis of scRNA-Seq and bulk RNA-Seq reveals dynamic changes in the tumor immune microenvironment of bladder cancer and establishes a prognostic model. J Transl Med. (2023) 21:223. doi: 10.1186/s12967-023-04056-z 36973787 PMC1004473915 FengZHLiangYPCenJJYaoHHLinHSLiJY. m6A-immune-related lncRNA prognostic signature for predicting immune landscape and prognosis of bladder cancer. J ,Y,include
40348840,PMC12065698,Integrated prognostic assessment of apoptosis and chemotherapy related gene in bladder cancer: a prognostic signature.,2025,extracted,high,abstract,4,FASN|GLI2|VHL|PDGFRA,"We obtained a prognostic risk model composed of four apoptosis and chemotherapy related genes (FASN, GLI2, VHL, and PDGFRA).",Y,include
40319103,PMC12049545,Single-cell RNA sequencing reveals a fibroblast gene signature that promotes T-cell infiltration in muscle-invasive bladder cancer.,2025,extracted,high,fulltext_window,12,CXCL12|KCNN3|CCDC80|IGF1|SERPINF1|LAMA2|SVEP1|LHFPL6|PTGER3|COL18A1|ITGBL1|ISG15,"hy donors (n = 3) and MIBC patients (n = 3). Chi-square test. *P < 0.05, **P < 0.01, ***P < 0.001. F CXCL12 chemotaxis in Jurkat T cells. ns = not significant, *P < 0.05, **P < 0.01, ***P < 0.001, n = 3. Scale bar = 200 μm.Fibroblast-associated gene signatures as prognostic markers in MIBCTo determine the impact of various fibroblast subtypes on the survival prognosis of patients with MIBC, we utilized the TCGA database and conducted LASSO regression analysis to select characteristic genes assoc",Y,include
40376515,PMC12076236,Identification and validation of a 9-RBPs-related gene signature associated with prognosis and immune infiltration in bladder cancer based on bioinformatics analysis and machine learning.,2025,extracted,high,abstract_window,9,OAS1|MTG1|DUS4L|IGF2BP3|NOL12|PABPC1L|ZC3HAV1L|TRMT2A|TRMU," RBPs and assess their prognostic significance. The optimal predictive model was selected by integrating multiple machine learning algorithms, enabling the identification of hub genes associated with BLCA prognosis and developing an RBP-related gene signature. To evaluate the prognostic signature's efficacy, survival curves and receiver operating characteristic (ROC) curves were generated. A nomogram was constructed and validated to predict the survival of BLCA patients at 1, 3, and 5 years. Fur",Y,include
40427675,PMC12109300,Integration of Single-Cell and Bulk Transcriptome to Reveal an Endothelial Transition Signature Predicting Bladder Cancer Prognosis.,2025,extracted,high,fulltext,6,ADAM15|AP2S1|ARHGDIB|BCAP31|NDUFB1|VWF,"Within this signature, six key genes were highlighted: ADAM15, AP2S1, ARHGDIB, BCAP31, NDUFB1, and VWF.",Y,include
40330458,,"Advancing personalized, predictive, and preventive medicine in bladder cancer: a multi-omics and machine learning approach for novel prognostic modeling, immune profiling, and therapeutic target discovery.",2025,extracted,high,abstract,8,IL32|AHNAK|ANXA5|FN1|GSN|CNN3|FXYD3|CTSS,"Survival analysis, immune infiltration, pathway enrichment, and drug sensitivity were evaluated to validate the model.The ICDRS, based on eight key genes (IL32, AHNAK, ANXA5, FN1, GSN, CNN3, FXYD3, CTSS), effectively stratified BLCA patients into high- and low-risk groups with significant differences in overall survival (OS, P < 0.001).",N,include
39991573,PMC11843231,Integrative multi-omics and machine learning identify a robust signature for discriminating prognosis and therapeutic targets in bladder cancer.,2025,extracted,high,abstract_window,5,CTSE|XAGE2|MAP1A|CASQ2|FXYD6," by acetylation. These genes were further refined by intersecting with scRNA-DEG obtained from the scRNA-seq dataset, resulting in the identification of key genes. Subsequently, consistency clustering analysis was performed based on these key genes. Prognostic models were then developed utilizing Cox regression analysis and least absolute shrinkage and selection operator (LASSO) Cox regression. Independent prognostic factors were determined through independent prognostic analysis, followed by th",Y,include
39867879,PMC11757262,"Development and validation of a glycolysis-associated gene signature for predicting the prognosis, immune landscape, and drug sensitivity in bladder cancer.",2024,extracted,high,fulltext_window,14,LGALS9|NRP1|TNFSF9|TNFRSF14|CD276|CD40|HLA-DOA|HLA-G|HLA-B|HLA-A|HLA-F|HLA-DMA|HLA-E|CTLA4," risk and low risk groups for the expression of immune checkpoint-related genes and HLA genes by wilcox ranksum test. We found signi ﬁcantly different expression of most immune checkpoint-related genes and HLA FIGURE 7 External identi ﬁcation of the prognostic model for bladder cancer based on (A) GSE32894, (B) GSE48276, and (C) GSE48075 datasets. Shen et al. 10.3389/fimmu.2024.1430583 Frontiers in Immunology frontiersin.org14 genes between the two groups, such as LGALS9, NRP1, TNFSF9, TNFRSF14,",Y,include
39708127,PMC11663206,Integration of bulk and single-cell RNA-seq reveals prognostic gene signatures in patients with bladder cancer treated with immune checkpoint inhibitors.,2024,extracted,high,fulltext,5,APOE|C1QB|C1QA|APOC1|C1QC,"Our findings revealed that the LA-TAM signature genes, such as APOE, C1QB, C1QA, APOC1, and C1QC, were expressed significantly in M1/M2 macrophages compared to that in monocytes, as depicted in Fig.",Y,include
39749345,PMC11693660,Exploration and validation of a novel reactive oxygen species-related signature for predicting the prognosis and chemotherapy response of patients with bladder cancer.,2024,extracted,high,fulltext_window,17,JUN|CALR|P4HB|ELN|MYC|FASN|REV3L|VHL|NID1|SLC38A1|TFRC|AKR1B1|ITGA3|CGB5|HLA-G|FADS1|ORM1,"60.00062100methylergometrine-0.644-0.8630.00064100verteporfin-0.6073-0.8440.00757100rottlerin-0.683-0.840.00817100withaferin A-0.5694-0.8320.00145100clofilium tosylate-0.5973-0.8320.009371003.4.Construction and validation of the ROS-based prognostic signatureOur study conducted UCR analysis to identify ROS-related DEGs notably correlated with OS, and 71 genes were included in subsequent analyses (p<0.05) ( Figure 3A ). Aiming to ensure the clinical outcomes stability and reliability based on the",Y,include
39503984,PMC11541995,Prognosis and immunotherapy significances of a cancer-associated fibroblasts-related gene signature in bladder urothelial carcinoma.,2024,extracted,high,abstract_window,5,EGFL6|NRSN2|SEMA3D|TM4SF1|TPST1,"arrants further investigation. There is an urgent need to explore the predictive utility of CAF-related genes for prognosis in BUC.The transcriptome and clinical data of 407 BUC patients in The Cancer Genome Atlas (TCGA) database were analyzed and a prognostic model was established. A total of 476 BUC cases from the E-MTAB-4321 database were used for validation. A risk model was constructed utilizing CAF-related genes through LASSO Cox regression, investigating its association with prognosis, ge",Y,include
39507864,PMC11535731,Cuproptosis-related signature predicts prognosis and indicates tumor immune infiltration in bladder cancer.,2024,extracted,high,fulltext_window,13,FKBP9|LIPT1|ALDH1L2|TPST1|MED19|COX7B|EMP1|EXT1|STXBP2|DCXR|ZNF524|GOLT1A|RILP," of three clusters within the high- and low-risk groups is illustrated. **, P<0.01; ***, P<0.001. TCGA, The Cancer Genome Atlas; BLCA, bladder cancer; DEGs, differentially expressed genes; C-index, concordance index. Sheng et al. Cuproptosis-related signature in BLCA2288 © AME Publishing Company. Transl Androl Urol 2024;13(10):2280-2293 | https://dx.doi.org/10.21037/tau-24-456 FKBP9 LIPT1 ALDH1L2 TPST1 MED19 COX7B EMP1 EXT1 STXBP2 ILVBL DCXR ZNF524 GOLT1A RILP EXT1 EMP1 FKBP9 ALDH1L2 TPST1 COX7B",Y,include
39432593,PMC11495766,Construction and multiple validations of a robust ferroptosis-related prognostic model in bladder cancer: A comprehensive study.,2024,extracted,high,abstract_window,6,EGFR|FADS1|ISCU|PGRMC1|PTPN6|TRIM26,"Ferroptosis is iron-dependent programmed cell death that inhibits tumor growth, particularly in traditional treatment-resistant tumors. Prognostic models constructed from ferroptosis-related genes are lacking; prognostic biomarkers remain insufficient. We acquired gene expression data and corresponding clinical information for bladder cancer (BC) samples from public databases. Ferroptosis-related genes from the ferroptosis database were screened for clinical predictive value. We validated gene e",Y,include
39343809,PMC11439906,Development and validation of a novel liquid-liquid phase separation gene signature for bladder cancer.,2024,extracted,high,fulltext_window,6,NES|HRG|PHGDH|MMP9|ADIPOQ|NAMPT,"\right), \hfill \\ {\text{GOCC}}\_{\text{INTERMEDIATE}}\_{\text{FILAMENT }}\left( {{\text{NES }} = {\text{2}}.{\text{5114}},q = {\text{2}}.{\text{31E}} - 0{\text{8}}} \right) \hfill \\ \end{gathered}$$\end{document} Fig. 5(A) The top 5 pathways gene signature assessment in the HRG using KEGG analysis. (B) The top 5 pathways gene signature assessment in the HRG using GO analysis. Clinical, genetic, and immune cell correlation analysisBox plots for clinical correlation analysis were generated usin",Y,include
39160525,PMC11331755,Immune checkpoint gene signature assesses immune infiltration profiles in bladder cancer and identifies KRT23 as an immunotherapeutic target.,2024,extracted,high,fulltext,5,TNFAIP6|CPVL|SLFN11|KRT23|SPRR3,"The 9 ICGs‐related genes forming the signature exhibited distinct expression diverse expression patterns, including five relatively highly expressed genes (TNFAIP6, CPVL, SLFN11, KRT23 and SPRR3) and four relatively lowly expressed genes (CD3D, GBP4, PLEKHA6 and PPP1R3C), consistent with the risk coefficient.Fig.",Y,include
39115575,PMC11310377,A metabolic reprogramming-related gene signature correlates with prognosis and proliferation of BLCA.,2024,extracted,high,abstract,3,AK3|GALK1|NUP205,"Our signature constructed on the basis of AK3, GALK1 and NUP205 expression, detail features and interactions between these three genes were further explored.",Y,include
39033098,PMC11264995,Identification of tumor-specific T cell signature predicting cancer immunotherapy response in bladder cancer by multi-omics analysis and experimental verification.,2024,extracted,high,fulltext_window,10,VAMP5|TIGIT|LCK|CHORDC1|CD27|CACYBP|PDCD1|CTLA4|CD274|IFNG,"tients treated with immunotherapy. Variables with a K-M analysis P value less than 0.05 are VAMP5, TIGIT, LCK, CHORDC1, CD27, and CACYBP. (C) Correlation analysis on T cell infiltration and 39 hub genes in the IMvigor210 cohortsTumor-specific T cell signature related to anti-tumor immunity and immunotherapy responseThen, we constructed a TstcSig based on five tumor-specific T cell-related genes associated with survival and T cell infiltration (Fig. 3A). The ESTIMATE, immune, and stromal scores o",Y,include
39033778,PMC11315389,Integrating single-cell RNA-seq to identify fibroblast-based molecular subtypes for predicting prognosis and therapeutic response in bladder cancer.,2024,extracted,high,abstract_window,9,CERCAM|TM4SF1|FN1|ANXA1|LOX|EMP1|HEYL|FBN1|SLC2A3,"rapeutic drug sensitivity between high- and low-risk groups were investigated. RT-qPCR and immunohistochemistry validated the expression of prognostic genes.Fibroblast marker genes identified three molecular subtypes in the testing set. A prognostic signature comprising ten genes stratified BLCA patients into high- and low-score groups. This signature was validated in one internal and two external validation sets. High-score patients exhibited increased immune cell infiltration, elevated chemoki",Y,include
38735911,PMC11089032,Prognostic significance and immune landscape of a cell cycle progression-related risk model in bladder cancer.,2024,extracted,high,abstract,3,RAD54B|KPNA2|TPM1,"Integration of the risk model with various clinical variables led to the development of a nomogram.To build the risk model, three CCP-related genes (RAD54B, KPNA2, and TPM1) were carefully chosen.",Y,include
38714517,PMC11076800,"Identification and validation of a signature based on myofibroblastic cancer-associated fibroblast marker genes for predicting prognosis, immune infiltration, and therapeutic response in bladder cancer.",2024,extracted,high,fulltext_window,3,COL6A1|MAP1B|CD4,"bulk RNA-sequencing, we constructed a two-gene (including COL6A1 and MAP1B) prognostic signature in the TCGA-BLCA database. We observed consistent results in the survival analysis for both training and validation cohorts, which demonstrated that the signature had excellent stability and predictive value. In addition, we observed a higher risk score in BC with more advanced clinical stages. The results prompted us to further explore the underlying mechanisms of the myCAF marker genes. The enrichm",Y,include
38507521,PMC11006495,Comprehensive analysis of scRNA-seq and bulk RNA-seq reveal the characteristics of disulfidptosis and a prognostic signature in BLCA.,2024,extracted,high,fulltext_window,3,DUSP2|SLCO1B3|CCK,"sights into their interplay (Figure 9K). DUSP2 and SLCO1B3 were differentially expressed in BLCA and had effects on malignant behaviors in BLCA cells Finally, we performed expression and survival analyses on the ten genes included in t he prognostic signature. Among them, DUSP2 and SICO1B3 were selected as key genes. At the single- cell level, the expression of DUSP2 and SLCO1B3 was significantly different between tumor tissue and normal tissue. Notably, the difference was more significant betwe",Y,include
38332160,PMC10853254,A novel anoikis-related gene signature identifies LYPD1 as a novel therapy target for bladder cancer.,2024,extracted,high,abstract,7,CALR|FASN|FOSL1|JUN|LYPD1|MST1R|SATB1,"Then, we established a ARGs risk model including CALR, FASN, FOSL1, JUN, LYPD1, MST1R, and SATB1, which was validated in the train and test set.",Y,include
38305808,PMC10911378,Prognostic model development and molecular subtypes identification in bladder urothelial cancer by oxidative stress signatures.,2024,extracted,high,abstract,4,RBPMS|CRYAB|P4HB|PDGFRA,"As a result, a new risk signature was created that includes 4 genes associated with OS (RBPMS, CRYAB, P4HB, and PDGFRA).",Y,include
37594617,,A gene signature of cancer-associated fibroblasts predicts prognosis and treatment response in bladder cancer.,2024,extracted,high,fulltext,4,COL18A1|TPM1|COL6A1|COL5A1,"Based on further mined 28 hub genes associated CAFs, we created a CAFs-related gene (CRG) signature consisting of four genes (COL18A1, TPM1, COL6A1, COL5A1) to construct a prognostic model.",Y,include
38273010,PMC10811216,Multi-omics reveals the role of ENO1 in bladder cancer and constructs an epithelial-related prognostic model to predict prognosis and efficacy.,2024,extracted,high,fulltext,6,AKR1B1|APOL1|TSPAN8|SPOCD1|P4HB|CTSE,"Next, among the 29 hub genes, six (AKR1B1, APOL1, TSPAN8, SPOCD1, P4HB and CTSE) were screened as candidate genes to construct the prognostic prediction signature using LASSO regression analysis (Fig.",Y,include
37849225,,Construction and Validation of a Prognostic Model Based on Pyroptosis-related Genes in Bladder Cancer.,2024,extracted,low,abstract,11,SH2D2A|CHMP4C|MRFAP1L1|GBP2|EHBP1|RAD9A|ANXA1|TMEM109|HEYL|APOL2|ORMDL1,"Bladder cancer (BCa) is a highly prevalent disease with a poor prognosis. There is no better forecasting method for it yet. Current studies demonstrate that pyroptosis is involved in the development and progression of various cancers.This study employed bioinformatics techniques to analyze the data of BCa patients obtained from the TCGA and GEO databases in order to construct a prognostic risk model. The TCGA dataset was used for the training set, and the multiple external datasets (including GS",N,include
38049825,PMC10694890,Development of a prognostic model to predict BLCA based on anoikis-related gene signature: preliminary findings.,2023,extracted,high,fulltext_window,8,CSPG4|CALR|NTF3|RPS6KA1|FASN|F10|NTRK3|S100A7,"alysis. B-D PCA plot of risk score in ARGs cohort. E Survival analyses for the A and B groups. F-G Difference expression analysis and immune infiltration of ARGs in two groups. H-J GO and KEGG analyses for ARGs of the two groupsThe nomogram based on risk score in BLCATo avoid overfitting, eight ARGs were further identified by the LASSO regression method (Fig. 3A, B). We constructed a risk score prognostic model by using 8 ARGs. Risk score = EXP CSPG4 × (0.164) + EXP CALR × (-0.321) + EXP NTF3 × ",Y,include
37968767,PMC10647093,A sialyltransferases-related gene signature serves as a potential predictor of prognosis and therapeutic response for bladder cancer.,2023,extracted,high,abstract,7,CD109|TEAD4|FN1|TM4SF1|CDCA7L|ATOH8|GZMA,"The SRGs-related prognostic model was generated with 7 key genes (CD109, TEAD4, FN1, TM4SF1, CDCA7L, ATOH8 and GZMA), and the accuracy for outcome prediction was validated with ROC curve and a constructed nomogram.",Y,include
37965307,PMC10641729,"Identification and validation of a dysregulated TME-related gene signature for predicting prognosis, and immunological properties in bladder cancer.",2023,extracted,high,abstract,9,C3orf62|DPYSL2|GZMA|SERPINB3|RHCG|PTPRR|STMN3|TMPRSS4|COMP,"A novel prognostic model based on nine TMRGs (including C3orf62, DPYSL2, GZMA, SERPINB3, RHCG, PTPRR, STMN3, TMPRSS4, COMP) was identified, and a TMEscore for OS prediction was constructed, with its reliable predictive performance in BC patients being validated.",Y,include
37919060,,Construction and Validation of a Prognostic Model of Metabolism-Related Genes Driven by Somatic Mutation in Bladder Cancer.,2023,extracted,high,fulltext_window,3,ABCC4|ATP8B2|ATP2B4,"enewas >0.7(Fig. 2C),indicatingthateachgenehasgood diagnostic ability for BLCA. Furthermore, the five genes wereusedtoconstructamodel, andtheAUCofwas0.97, whichconfirmedtheeffectivenessandagilityofthemodel (Fig.2D). 3.3 V alidation of the Prognostic Risk Model The risk curve and the heatmap of model genes ex- pression of two groups were drawn. The expression of ABCC4 in the low-risk group was higher and it had a HR <1, indicating that it might be a facourable factor in pre- dicting patient outco",Y,include
37807731,PMC10560892,[Risk modeling based on HER-2 related genes for bladder cancer survival prognosis assessment].,2023,extracted,high,abstract_window,5,BTC|CDC37|EGF|PTPRR|EREG,"related genes from the molecular signatures database (MsigDB), and crossing the two databases. Further identifying HRGs associated with bladder cancer survival (P < 0.05) by using single and multi-factor Cox regression analysis and constructing HRGs risk score model (HRSM), the bladder cancer patients were categorized into high-risk and low-risk groups accor-ding to the median risk score. Survival analysis of the patients in high- and low-risk groups was conducted using R language and correlatio",N,include
37845668,PMC10577908,"Establishment of prognostic model of bladder cancer based on apoptosis-related genes, in which P4HB promotes BLCA progression.",2023,extracted,high,fulltext_window,12,ABCB9|SPTBN2|GULP1|OAS1|ANXA6|IGF1|P4HB|RAD9A|DNASE2B|NES|FANCF|DPYSL2,"tially expressed ARGsFig. 2GO and KEGG enrichment analyses. A The bubble polt of GO analyses B the circle plot of GO analyses. C Results from KEGG analysis are presented in the bubble plot (from www.kegg.jp/kegg/kegg1.html)Construction of prognostic risk modelThe 481 differentially expressed genes were analyzed by univariate COX analysis, and 44 apoptosis-related genes significantly related to prognosis were obtained (P < 0.05), the results were plotted in the corresponding forest diagram (Fig. ",Y,include
37876438,PMC10590981,A transcriptome study of p53-pathway related prognostic gene signature set in bladder cancer.,2023,extracted,high,abstract,3,UGT2B4|DLX1|DSC1,"A signature gene set consisting of MDGA2, GNLY, GGT2, UGT2B4, DLX1, and DSC1 was created followed by a risk model.",Y,include
37747262,PMC10564431,Complement and coagulation cascades pathway-related signature as a predictor of immunotherapy in metastatic urothelial cancer.,2023,extracted,high,fulltext_window,5,CFB|C1QB|SERPING1|MASP1|F2R,". DEGs, differentially expressed genes; KEGG, Kyoto Encyclopedia of Genes and Genomes; CR, complete response; PR, partial response SD, stable disease; PD, progressive disease; ssGSEA, single sample gene set enrichment analysis.Construction of a CCCP signature that predicts efficacy for ICIsTo further demonstrate the role of CCCP in the efficacy of ICIs, a total of 69 genes that regulate or mediate CCCP were collected as candidate genes from MSigDB. To specifically identify the core genes which p",Y,include
37745978,PMC10512444,A prognostic signature based on seven T-cell-related cell clustering genes in bladder urothelial carcinoma.,2023,extracted,high,abstract_window,7,HSPA2|A2M|JUN|PDGFRB|GBP2|LGALS1|GAS6,"s database was used to classify the immune cells of BLCA. And the final seven T-cell-related cell clustering genes associated with BLCA prognosis (HSPA2, A2M, JUN, PDGFRB, GBP2, LGALS1, and GAS6) were screened out, and then used for constructing the prognostic model against BLCA based on the Cox and LASSO regression analysis. Satisfactorily, the model could efficiently evaluate the overall survival of BLCA and had the potential to be applied for the clinic treatment. Moreover, we also revealed t",Y,include
37244876,PMC11797720,Integrated analysis of single-cell and bulk RNA-sequencing identifies a signature based on T-cell marker genes to predict prognosis and immunotherapy response in bladder cancer.,2023,extracted,high,fulltext,7,LGALS1|CTSS|GZMA|CDK2AP2|TALDO1|ANXA1|TSPO,"In this study, the prognostic signature consisted of 7 T-cell marker genes, including LGALS1, CTSS, GZMA, CDK2AP2, TALDO1, ANXA1, and TSPO.",Y,include
37588995,PMC10426760,The G protein-coupled receptor-related gene signatures for predicting prognosis and immunotherapy response in bladder urothelial carcinoma.,2023,extracted,high,fulltext_window,3,MIF-|CD74|CXCR4,"isk factor for overall survival in BLCA. In exploring the level of immune infiltration in BLCA, we found that T cells were the predominant immune cell type in BLCA, and that the level of immune infiltration differed among risk groups, with lower GPR signatures or higher TME signatures implying higher levels of immune infiltration. In BLCA, higher levels of immune infiltration represent a better response to immunotherapy. In exploring the independent risk factors for overall survival in BLCA, we ",Y,include
37578544,,A novel CD8+ T cell-related gene signature for predicting the prognosis and immunotherapy efficacy in bladder cancer.,2023,extracted,high,fulltext,4,APOL6|CIITA|ETV7|SH2D2A,"Then, these significant genes were subsequently entered for LASSO regression analysis to construct a novel prognostic model based on four CD8+ T cell-related genes (including APOL6, CIITA, ETV7, SH2D2A) (Supplemental Fig.",Y,include
37301098,,FGFR3 mutation characterization identifies prognostic and immune-related gene signatures in bladder cancer.,2023,extracted,high,fulltext_window,3,ANXA1|CLSTN2|PLEKHG4B,"LASSO) Cox regression analysis with L1 penalty was applied, and 20 immune-related DEGs with the highest prognostic value were obtained [ 25 ]. Further, we conducted 100 repetitions of LASSO Cox regression Cox analysis within the 20 genes to make the prognostic model robust. Six genes that occurred > 80 times were retained in this round of screening. The Akaike information criterion (AIC) is an estimator of prediction error and thereby relative quality of statistical models for a given set of dat",Y,include
37423913,,"Construction and experimental validation of a macrophage cell senescence-related gene signature to evaluate the prognosis, immunotherapeutic sensitivity, and chemotherapy response in bladder cancer.",2023,extracted,high,abstract_window,3,AKR1B1|ID1|TGFB1I1," are largely unknown, especially in bladder cancer (BLCA). Based on the single-cell RNA sequencing of a primary BLCA sample, 23 macrophage-related genes were identified. Genomic difference analysis, LASSO, and Cox regression were used to develop the risk model. TCGA-BLCA cohort (n = 406) was utilized as the training cohort, and then, three independent cohorts (n = 90, n = 221, n = 165) from Gene Expression Omnibus, clinical samples from the local hospital (n = 27), and in vitro cell experiments ",N,include
37379131,PMC10333061,Construction and experimental validation of a B cell-related gene signature to predict the prognosis and immunotherapeutic sensitivity in bladder cancer.,2023,extracted,low,fulltext,9,ANXA1|CALD1|EMP1|ABRACL|BTG1|MDK|IL32|ARPC5|PSMD2,"A sum of 9 genes was contained in this predictive model, including ANXA1, CALD1, EMP1, ABRACL, BTG1, MDK, IL32, ARPC5, and PSMD2, almost all of which were significantly associated with B cell infiltration proportion (all P < 0.05, Figure 4F), indicating that BCRS might be associated with B cell infiltration in BLCA samples (see below for more analyses).",Y,include
37152941,PMC10154596,"Crosstalk of disulfidptosis-related subtypes, establishment of a prognostic signature and immune infiltration characteristics in bladder cancer based on a machine learning survival framework.",2023,extracted,high,fulltext_window,4,SLC7A11|SLC3A2|RPN1|NCKAP1,"amples were classified into different clusters according to the expression levels of the DRGs. Subsequently, to explore the impact of different disulfidptosis patterns on patient prognosis, this study constructed a disulfidptosis- related prognostic signature (DRPS), with better immunotherapy outcomes for patients in the low-risk group.Materials and methodsData collection and processionRNA-seq data and clinical information for BLCA patients were collected from two sources: GSE 13507 (http://www.",Y,include
36973645,PMC10041757,Identification and validation of tumor-infiltrating lymphocyte-related prognosis signature for predicting prognosis and immunotherapeutic response in bladder cancer.,2023,extracted,high,fulltext_window,5,EFEMP1|ATP8B2|ANKRD44|SNAI3|IGF1,"erapy with increased anti-CTLA4 and anti-PD-1 therapeutic potency.Fig. 8Evaluation of drug sensitivity and immunotherapy. a, b Sensitivity analysis of chemotherapeutic drugs between different risk groups; c The relationship between five genes in the signature and the drug sensitivity; d The comparison of immunophenoscore (IPS) between different risk subgroupsSingle-cell analysis of hub genesTo investigate the expression of key genes in the TME of bladder cancer (BCa), we conducted single-cell an",Y,include
38073378,PMC12412879,A new immune-related gene signature predicts the prognosis and immune escape of bladder cancer.,2023,extracted,medium,abstract_window,5,PSMC1|RAC3|ROBO2|ITGB3|TP53,"f IRGs for prognosis and immune escape in BC.We comprehensively analyzed the transcriptomic and clinical information of 430 cases, including 19 normal and 411 BC patients from the TCGA database, and verified 165 BC cases in the GSE13507 dataset. The risk model was constructed based on IRGs by applying LASSO Cox regression and exploring the relationship between the risk score and prognosis, gene mutations, and immune escape in BC patients.We identified 4 survival-related genes (PSMC1, RAC3, ROBO2",N,include
36455365,,Five-gene signature for the prediction of response to immune checkpoint inhibitors in patients with gastric and urothelial carcinomas.,2023,extracted,high,fulltext,4,UCHL1|TYK2|PRKD1|ARMCX1,"Relative mRNA expression levels of the IMAGiC signature gene set in the responder group The relative mRNA expression (RQ) levels of UCHL1 , TYK2 , PRKD1 , and ARMCX1 in 49 patients with GC (n = 33) or urothelial carcinoma (n = 16) are shown in Supplementary Fig.",Y,include
36620542,PMC9815449,Tumour microenvironment landscape and immunotherapy response in bladder cancer decoded by stromal MOXD1 based on copper-related genes signature.,2022,extracted,high,fulltext,14,HEPH|LOXL2|MOXD1|S100A5|SNAI3|SNCB|ACLY|GCLM|GPX1|OXSM|MT1A|TFRC|NDOR1|STEAP4,"To construct a prognostic risk score signature, the candidate genes were narrowed to 14 genes (HEPH, LOXL2, MOXD1, S100A5, SNAI3, SNCB, ACLY, GCLM, GPX1, OXSM, MT1A, TFRC, NDOR1, and STEAP4) by LASSO Cox regression analysis ( Figures 1F, G ).",Y,include
36527532,,Construction and experimental validation of a B cell senescence-related gene signature to evaluate prognosis and immunotherapeutic sensitivity in bladder cancer.,2022,extracted,manual,supplement,12,ASPH|BLVRA|CAV1|CEBPB|CYR61|GNG11|ID1|LGALS3|LIMA1|PSMB5|CAVIN1|TMSB4X,Supplementary File 5 Table S3 lists the 12 overlapping B cell senescence-related genes.,Y,include
36568387,PMC9780475,TP53-related signature for predicting prognosis and tumor microenvironment characteristics in bladder cancer: A multi-omics study.,2022,extracted,high,fulltext_window,3,MMP2|TREM2|TP53," Urinary bladder cancer Tregs suppress MMP2 and potentially regulate invasiveness. Cancer Immunol. Res. 6 (5), 528–538. 10.1158/2326-6066.Cir-17-0466 Wu X., Lv D., Cai C., Zhao Z., Wang M., Chen W., et al. (2020). A TP53-associated immune prognostic signature for the prediction of overall survival and therapeutic responses in muscle-invasive bladder cancer. Front. Immunol. 11, 590618. 10.3389/fimmu.2020.590618 Xiong D., Wang Y., You M. (2020). A gene expression signature of TREM2(hi) macrophages",Y,include
35918812,PMC9552307,Discoidin Domain Receptor-Driven Gene Signatures as Markers of Patient Response to Anti-PD-L1 Immune Checkpoint Therapy.,2022,extracted,high,abstract_window,3,DDR2|DDR1|DDR1-,"er this gene family may provide ICT response prediction.We assessed mRNA expression of DDR2 and its family member DDR1. Transcriptome analysis of bladder cancer (BCa) models in which DDR1 and 2 were perturbed was used to derive DDR1- and DDR2-driven signature scores. DDR mRNA expression and gene signature scores were evaluated using BCa-The Cancer Genome Atlas (n = 259) and IMvigor210 (n = 298) datasets, and their relationship to BCa subtypes, pathway enrichment, and immune deconvolution analyse",N,include
36211821,PMC9537622,Prognostic Signature Development on the Basis of Macrophage Phagocytosis-Mediated Oxidative Phosphorylation in Bladder Cancer.,2022,extracted,high,abstract,4,PTPN6|IKZF3|HDLBP|EMC1,"Finally, using TCGA data set, a predictive nomogram was built.In BCa, a four-gene signature of oxidative phosphorylation composed of PTPN6, IKZF3, HDLBP, and EMC1 was found to predict overall survival.",Y,include
36211359,PMC9539738,A novel T-cell proliferation-associated regulator signature pre-operatively predicted the prognostic of bladder cancer.,2022,extracted,high,fulltext,4,CXCL12|AHNAK|AHCY|HOMER1,"These results suggest a potential role of T lymphocyte proliferation regulators in BCa progression and the possibility of prognostic modeling with these T lymphocyte proliferation regulators.The prognostic model proposed in this study consisted of four T cell proliferation regulators (CXCL12, AHNAK, AHCY and HOMER1).AHNAK is the largest protein in the human body and participates in cytoskeletal structure formation, muscle regeneration and calcium homeostasis (38).",Y,include
36158580,PMC9493074,Identification of hexosamine biosynthesis pathway as a novel prognostic signature and its correlation with immune infiltration in bladder cancer.,2022,extracted,high,fulltext,5,GFPT1|GFPT2|GNPNAT1|PGM3|UAP1,"The significance threshold was defined as p < 0.05.Construction and evaluation of the prognosis modelWith rms package for R software, the nomograms were established by incorporating GFPT1, GFPT2, GNPNAT1, PGM3, and UAP1 mRNA expression characteristics, and concordance index (C-index) was used to measure the predictive accuracy of the nomogram.",Y,include
35949618,PMC9353228,Prognostic value and potential biological functions of ferroptosis-related gene signature in bladder cancer.,2022,extracted,high,fulltext_window,6,CRYAB|TFRC|ZEB1|SQLE|G6PD|ACSF2," Low20 (5.0)105 (63.6) High377 (94.3)60 (36.4) Unknown3 (0.7)0Vascular invasion Yes-62 (37.6) No-103 (62.4)Stage I2 (0.5)- II127 (31.8)- III138 (34.5)- IV131 (32.7)- Unknown2 (0.5)-Overall survival, months48.4 (1.03-136.97)-Risk, based on the 6-gene signature Low200 (50.0)83 (50.3) High200 (50.0)82 (49.7)Values are expressed as n (%) or the median (range). GEO, Gene Expression Omnibus; TCGA, The Cancer Genome Atlas; OS, overall survival.Identification of FRGs in the TCGA cohortWhen tumor and nor",Y,include
35730624,,Comparison of multiple gene expression platforms for measuring a bladder cancer hypoxia signature.,2022,extracted,high,fulltext_window,3,CAD|UBC|POLR2A,"73% for Tlda and clariom; 78% for clariom and nanoString; and 78% for TLDA and NanoString. As the most significant correlation and highest concordance were with n anoString, further analyses were carried out using this platform. expression levels of signature ec genes determined by nanoString are shown in Fig. 2a. Four of the ec genes had higher expression than the highest expressed signature gene. To ensure that the HS was not biased by including four highly expressed ec genes, normalisation wa",Y,include
34426176,,Gender-specific Stratification of Survival Following Immune Checkpoint Inhibitor Therapy Based on Intratumoral Expression of a B cell Gene Signature.,2022,extracted,high,author_github_code,17,BLK|CD19|FCRL2|MS4A1|KIAA0125|TNFRSF17|TCL1A|SPIB|PNOC|CD8A|GZMA|GZMB|IFNG|CXCL9|CXCL10|PRF1|TBX21,Composite B-cell and CD8+ T effector signature; original model classified B8T high/high using these two gene lists. Lists were verified from the authors' published analysis repository.,Y,include
35626146,PMC9140126,Gene Expression Monotonicity across Bladder Cancer Stages Informs on the Molecular Pathogenesis and Identifies a Prognostic Eight-Gene Signature.,2022,extracted,high,abstract,8,AKAP7|ANLN|CBX7|CDC14B|ENO1|GTPBP4|MED19|ZFP2,"An eight-gene signature, consisting of the genes AKAP7, ANLN, CBX7, CDC14B, ENO1, GTPBP4, MED19, and ZFP2, had independent prognostic value in both the discovery and validation sets.",Y,include
35646934,PMC9133907,New Prognostic Gene Signature and Immune Escape Mechanisms of Bladder Cancer.,2022,extracted,high,fulltext_window,4,CD96|IBSP|LINC01871|PYHIN1,".0180997, 4 genes were identified (Supplementary Table S4): CD96 (HR = 0.83), IBSP (HR = 1.09), LINC01871 (HR = 0.93), and PYHIN1 (HR = 0.97). These genes were included in the subsequent multivariate Cox regression analysis. Ultimately, a prognostic signature based on CD96 and IBSP was established (Figure 2E). As the risk scores increased, the deaths clustered (Figure 3A, top). The K-M survival curves revealed a significant disadvantage in OS for patients in the high-risk group (p < 0.0001; Figu",Y,include
35169299,,Identification of an immune gene-associated prognostic signature in patients with bladder cancer.,2022,extracted,high,fulltext_window,7,HLA-G|AGER|VEGFA|SCG2|IL9R|CTSE|NOX1," regulatory network of the BCTF-PIGs was shown in Fig. 4C. PPI analysis was performed to investigate the correlation between the BCTF and PIGs, which con ﬁrm the interactions between them (Fig. 4D). Construction and validation of the IGPM-based risk signature An IGPM-based risk signature was constructed, including 17 genes to predict overall survival in TCGA-BLCA cohort (Fig. 5A, 5B). The 17 genes are HLA-G, AGER, VEGFA, SCG2, IL9R, CTSE, NOX1, Fig. 5 Construction and validation of IGPM-based ri",Y,include
35480865,PMC9038413,In Silico Establishment and Validation of Novel Lipid Metabolism-Related Gene Signature in Bladder Cancer.,2022,extracted,high,fulltext_window,6,TM4SF1|KCNK5|FASN|IMPDH1|KCNJ15|GSE1,"lated significant genes in the training set. Based on a threshold p value less than 0.01, 46 genes were identified with significant prognostic differences (Supplementary Table S5). To further narrow the range of genes and construct a highly accurate prognostic model, LASSO Cox regression and multivariate Cox analysis were used to select the hub genes (Figures S3A and S3B). Combining the analysis, 5 target genes were selected. The 5-gene signature formula was as follows: risk score = expression l",Y,include
35300137,PMC8922338,An Oxidative Stress-Related Genes Signature for Predicting Survival in Bladder Cancer: Based on TCGA Database and Bioinformatics.,2022,extracted,high,fulltext_window,4,AGER|LDLR|MSRB3|RUNX2,"; CI, confidence interval. Figure 5PPI network and modules screening. (A) PPI network of DEOSGs; (B) critical module from PPI network. Green circles represent down-regulated genes, and red circles represent up-regulated genes.Figure 6Construction of prognostic model in the TCGA and GSE13507 cohort. (A) Univariate Cox regression analysis for identification prognosis-associated OS genes. (B–D) LASSO analysis and multivariate Cox regression analysis of prognosis-associated OS genes together to cons",Y,include
35309900,PMC8927776,Identification and Development of Inflammatory Response-Related Genes Signature Associated With Prognosis Evaluation and Immune Status of Bladder Cancer.,2022,extracted,high,fulltext_window,7,PTGER4|RIPK2|LDLR|ROS1|MMP14|TNFAIP6|MYC,"(PPI) network of these gene-coding proteins (Figure 2D) revealed the combination and interaction among these genes. To prevent the risk of overfitting and consequent deviation, we utilized the LASSO–Cox regression analysis to optimize the prognostic signature associated with the expression of the 10 genes above, in an attempt to avoid overfitting the model and the consequent deviation. Then, a better consolidated model consisted of seven core genes was established by the minimum value of lambda ",Y,include
35299749,PMC8921452,Identification of a Novel Tumor Microenvironment Prognostic Signature for Bladder Urothelial Carcinoma.,2022,extracted,high,abstract_window,5,HRG|CABP4|ZNF432|BLOC1S3|CXCL11,stasis of solid tumors and the effectiveness of immunotherapy against them. We investigated the prognostic role of TME-related genes based on transcriptomic data of bladder urothelial carcinoma (BLCA) and formulated a prediction model of TME-related signatures.Molecular subtypes were identified using the non-negative matrix factorization (NMF) algorithm based on TME-related genes from the TCGA database. TME-related genes with prognostic significance were screened with univariate Cox regression a,Y,include
35281080,PMC8905247,Integrated Analysis of Energy Metabolism Signature-Identified Distinct Subtypes of Bladder Urothelial Carcinoma.,2022,extracted,high,fulltext_window,16,FBP1|AOC2|SLC16A8|IDUA|CYP2C8|GPC2|HS3ST1|UGT2B7|GSTM1|CSPG4|ACY3|SLC16A3|TPST1|CES1|HSPG2|CYP1B1," CSCs (Figure 4E). Next, drug sensitivity was evaluated between the two clusters. Figures 4F,G show that energy metabolic status was significantly associated with the IC50 scores of doxorubicin and gemcitabine for BLCA.Energy Metabolism-Related Gene Signature IdentificationConsidering the close correlation between the prognosis of patients with BLCA and energy metabolism status, we suggest developing an energy metabolism-related gene signature for prognosis prediction. Based on DEGs between clus",Y,include
35205125,PMC8869209,Identification and Validation of an Annexin-Related Prognostic Signature and Therapeutic Targets for Bladder Cancer: Integrative Analysis.,2022,extracted,high,abstract_window,4,ANXA2|ANXA1|IL6|STAT3,"h increased OS. Through Oncomine and GEPIA2 database analysis, we found that ANXA2/3/4/13 were up-regulated, whereas ANXA1/5/6 were down-regulated in BC compared with normal bladder tissues. Further LASSO analysis built an Annexin-Related Prognostic Signature (ARPS, including four members ANXA1/5/6/10) in the TCGA BC cohort and validated it in three independent GEO BC cohorts (GSE31684, GSE32548, GSE48075). Multivariate COX analysis demonstrated that ARPS is an independent prognostic signature f",Y,include
35125116,PMC8819906,Identification of a chromatin regulator signature and potential candidate drugs for bladder cancer.,2022,extracted,high,fulltext,11,ZHX3|TCF4|SETD7|HMGA1|ARID3A|RAC3|DUSP1|SETBP1|CBX7|RCOR2|SATB1,"A risk model was successfully constructed with 11 genes (ZHX3, TCF4, SETD7, HMGA1, ARID3A, RAC3, DUSP1, SETBP1, CBX7, RCOR2, and SATB1).",Y,include
34644219,,Identification of a Novel Pyroptosis-Related Gene Signature for Predicting Prognosis in Bladder Cancer.,2022,extracted,high,fulltext,3,AIM2|GSDMB|GSDMD,"Our study constructed a 3 -gene prognostic signature (AIM2, GSDMB, GSDMD) and proved that it could predict OS in BC patients.",Y,include
35127296,PMC8796709,Identification and validation of a novel signature for prediction the prognosis and immunotherapy benefit in bladder cancer.,2022,extracted,high,abstract,5,FASN|PCOLCE2|RGS1|SPINT1|TPST1,"Finally, quantitative Real-time PCR (qRT-PCR) analysis was conducted to determine the expression of mRNAs in BC cell lines (UM-UC-3, EJ-1, SW780 and T24).We built a signature comprised the eight mRNAs: CNKSR1, COPZ2, CXorf57, FASN, PCOLCE2, RGS1, SPINT1 and TPST1.",Y,include
34530089,,Construction and verification of a prognostic risk model based on immunogenomic landscape analysis of bladder caner.,2022,extracted,high,abstract_window,6,CD4|CTLA4|CD47|CD276|CXCL8|HAVCR2,"er (BCa) patinets. 350 differential expressed immune-related genes (DEIRGs) were obtained according to the transcriptome profiling and immune-related genes from the Cancer Genome Atlas (TCGA) database and ImmPort database, respectively. A prognostic risk model was constructed based on 15 hub genes through univariate, multivariate, and LASSO Cox regression analyses. The area under the receiver operating characteristic (ROC) curve was 0.743, indicating the superiority of the model. The scatter plo",N,include
35023971,PMC8743383,Characterization of an Autophagy-Immune Related Genes Score Signature and Prognostic Model and its Correlation with Immune Response for Bladder Cancer.,2022,extracted,high,fulltext_window,4,SLFN11|GUK1|CCNL2|BTN3A3,"e the prognosis signature in overall set, testing set and GSE13507 dataset. (F and G) The DCA curve and multivariate ROC curve were performed to evaluate predictive accuracy of risk score and nomogram. The results showed that the predictive accuracy risk score and nomogram were higher than other clinicopathological features including age, gender, grade, stage. (H) Prognosis-related nomogram was constructed based on risk score in the model and prognosis-associated clinicopathological parameters i",Y,include
35027921,PMC8749226,"Identification of a Novel PPAR Signature for Predicting Prognosis, Immune Microenvironment, and Chemotherapy Response in Bladder Cancer.",2021,extracted,high,abstract,4,CPT1B|CALR|AHNAK|FADS2,"The candidate small molecule drugs targeting PPAR-targeted genes were screened by the CMAP database.We constructed and validated the prognostic signature comprising of 4 PPAR-targeted genes (CPT1B, CALR, AHNAK, and FADS2), which was an independent prognostic biomarker in BLCA patients.",Y,include
33459039,,Construction of a immune-associated genes based prognostic signature in bladder cancer.,2021,extracted,high,fulltext_window,5,STAT1|ANXA6|CACYBP|AHNAK|CALR,"els of STAT1, ANXA6, CACYBP, AHNAK and CALR were determined by the comparative threshold cycle (Ct) method using the formula 2 /C0 (DDCt). The relationship between M2 TAMs secreted TGF- b1 and five IAGs in T24 cells TIMER analysis indicated that the signature was significantly related to macrophages in BC. Current studies have demon- strated that M2 tumour-associated macrophages (TAMs) can secret transforming growth factor- b1 (TGF- b1), which played an important role in the immune response and ",Y,include
34849009,PMC8627284,Novel Ferroptosis-Related Multigene Prognostic Models for Patients with Bladder Cancer.,2021,extracted,high,fulltext,7,PDCD1|CD274|CTLA4|HAVCR2|LAG3|TIGIT|TOX,"To further confirm our presumption, the expressions of immune checkpoint genes and exhausted T-cell signatures (PDCD1, CD274, CTLA4, HAVCR2, LAG3, TIGIT, TOX) were compared between the two groups (Figure 6C–I).",Y,include
34803395,PMC8594790,A Newly Defined Pyroptosis-Related Gene Signature for the Prognosis of Bladder Cancer.,2021,extracted,high,fulltext,5,BAK1|GZMB|IRF1|TP63|AIM2,"The study constructed a signature featuring 8 pyroptosis-related genes (BAK1, GZMB, IRF1, TP63, AIM2, NOD 2, TNF and GZMA) and found it could forecast survival in BC patients.BAK1 is initially established as an ultimate death effector of apoptosis triggering cues.",Y,include
34706720,PMC8549165,Development and validation of a novel lipid metabolism-related gene prognostic signature and candidate drugs for patients with bladder cancer.,2021,extracted,high,abstract_window,3,CTLA4|LAG3|HAVCR2,n and patient clinical data were obtained from The Cancer Genome Atlas (TCGA) and Gene Expression Omnibus (GEO) datasets. Cox regression analysis and least absolute shrinkage and selection operator (LASSO) regression analysis was used to construct a signature for predicting overall survival of patients with BLCA. Kaplan-Meier analysis was performed to assess prognosis. The connectivity Map (CMAP) database was used to identify small molecule drugs for treatment. A nomogram was constructed and ass,Y,include
34512722,PMC8429908,Tumor Expression Profile Analysis Developed and Validated a Prognostic Model Based on Immune-Related Genes in Bladder Cancer.,2021,extracted,high,fulltext,8,DCHS1|PTGIS|PTPN6|AIFM3|FLRT2|PCSK5|CLSTN2|HSH2D,"A total of eight signature genes were identified: DCHS1, PTGIS, PTPN6, AIFM3, FLRT2, PCSK5, CLSTN2, and HSH2D (Figure 3D); the coefficients of the signature genes are shown in Supplementary Table 1.",Y,include
34418989,PMC8380338,A novel survival model based on a Ferroptosis-related gene signature for predicting overall survival in bladder cancer.,2021,extracted,high,abstract_window,12,CISD1|GCLM|CRYAB|SLC7A11|TFRC|ACACA|ZEB1|SQLE|FADS2|ABCC1|G6PD|PGD,"n-dependent form of programmed cell death. Ferroptosis is closely related to tumour occurrence and progression, but the prognostic value of ferroptosis-related genes (FRGs) in BLCA remains to be further clarified. In this study, we identified an FRG signature with potential prognostic value for patients with BLCA.The corresponding clinical data and mRNA expression profiles of BLCA patients were downloaded from The Cancer Genome Atlas (TCGA). Univariate Cox regression was used to extract FRGs rel",Y,include
34490263,PMC8417704,A Novel Ferroptosis-Related Prognostic Signature Reveals Macrophage Infiltration and EMT Status in Bladder Cancer.,2021,extracted,high,fulltext,6,CISD1|CRYAB|FTH1|ACACA|ZEB1|SQLE,A 6-gene signature was identified and risk score was calculated by following formula: (0.251 × CISD1) + (0.135 × CRYAB) + (0.225 × FTH1) + (0.656 × ACACA) + (0.242 × ZEB1) + (0.202 × SQLE).FIGURE 1Data processing flow chart.FIGURE 2Identification of bladder cancer-specific ferroptosis-related genes and construction of the prognostic model.,Y,include
34404901,PMC8370985,An immune cell infiltration-related gene signature predicts prognosis for bladder cancer.,2021,extracted,high,abstract_window,5,FPR1|CIITA|KLRC1|TNFRSF6B|WFIKKN1,", we identified turquoise module with strong and significant association with the infiltration abundance of immune cells which were associated with overall survival of BCa patients. Subsequently, we developed an immune cell infiltration-related gene signature based on the module genes (MGs) and immune-related genes (IRGs) from the Immunology Database and Analysis Portal (ImmPort). Then, we tested the prognostic power and performance of the signature in both discovery and external validation data",Y,include
34422642,PMC8378228,A Novel Prognostic Model Based on Ferroptosis-Related Gene Signature for Bladder Cancer.,2021,extracted,high,abstract_window,9,ALB|BID|FADS2|FANCD2|IFNG|MIOX|PLIN4|SCD|SLC2A3,Ferroptosis is a newly discovered programmed cell death and plays a crucial role in the occurrence and progression of tumors. Ferroptosis-related genes (FRGs) can be promising candidate biomarkers in BC. The objective of our study was to construct a prognostic model to improve the prognosis prediction of BC.The mRNA expression profiles and corresponding clinical data of bladder urothelial carcinoma (BLCA) patients were downloaded from The Cancer Genome Atlas (TCGA) and Gene Expression Omnibus (G,Y,include
34339395,PMC8386527,Development and validation of an intra-tumor heterogeneity-related signature to predict prognosis of bladder cancer: a study based on single-cell RNA-seq.,2021,extracted,high,fulltext_window,5,GPSM3|RFC4|RPA3|IFI27L2|APH1A,"ke leukocytes and monocytes [29, 30]. However, the functions of GPSM3 in malignant tumors remain unclear. Other novel biomarkers, like RFC4, RPA3, IFI27L2, and APH1A, were also identified, despite the unclear associated mechanisms. Totally, our risk signature helped identify novel biomarkers and might provide clues for mechanisms of BCa from the prospect of ITH.The potential compounds targeting HRS were also predicted with CMap. Some of the compounds could interact with malignant tumors from pre",Y,include
34368227,PMC8334560,Identification of a Prognostic Signature Associated With the Homeobox Gene Family for Bladder Cancer.,2021,extracted,high,abstract,6,TSHZ3|ZFHX4|ZEB2|MEIS1|ISL1|HOXC4,"Results: Six genes were selected to construct this prognostic model: TSHZ3, ZFHX4, ZEB2, MEIS1, ISL1, and HOXC4.",Y,include
34266411,PMC8281685,A novel immune-related gene pair prognostic signature for predicting overall survival in bladder cancer.,2021,extracted,high,fulltext_window,5,CD4|CTLA4|LAG3|BTLA|HAVCR2," group and the low-risk group. Then, univariate and multivariate Cox regression were performed to evaluate whether the risk score was an independent predictor of poor OS in BC patients. Subgroup analyses were performed to prove the robustness of the signature. The GSE31684 and IMvigor210 cohorts were used to validate the signature. In addition, the immune-related signatures from six other articles were compared with the current IRGP signature [27–32].Immune parametersTo assess immune infiltratio",Y,include
34112144,PMC8194149,Identification of a tumor microenvironment-related seven-gene signature for predicting prognosis in bladder cancer.,2021,extracted,high,fulltext_window,7,ADAMTS9|COL6A2|FBN1|FSTL1|ACAP1|IFIT3|TAP1,"croenvironment structure, which contributed to the poor prognosis of BLCA.Considering that previous studies have only focused on expression value of multiple genes to stratify patients and predict the outcome [23, 24], we attempted to develop a gene-signature formula model. LASSO is a widely used approach for establishing prognostic gene signature models, of which main advantage is the ability of preventing overfitting [33] .Based on the 55 genes, we identified seven TME related hub genes that c",Y,include
34095228,PMC8175978,Construction and External Validation of a Ferroptosis-Related Gene Signature of Predictive Value for the Overall Survival in Bladder Cancer.,2021,extracted,high,abstract_window,4,ALOX5|FANCD2|HMGCR|FADS2,"wnloaded the mRNA expression files and clinical data of 256 bladder samples (188 bladder tumour and 68 nontumour samples) from the GEO database and 430 bladder samples (411 bladder tumour and 19 nontumour samples) from the TCGA database. A multigene signature based on prognostic ferroptosis-related genes was constructed by least absolute shrinkage and selection operator Cox regression analysis in the GEO cohort. The TCGA cohort was used to validate the ferroptosis-related gene signature. Next, f",Y,include
33962639,PMC8103571,Identification and validation of a hypoxia-related prognostic and immune microenvironment signature in bladder cancer.,2021,extracted,high,fulltext_window,7,SLC2A3|ALDOB|FOXO3|SDC4|VEGFA|EGFR|GPC1,"sociated genes. b The 50 genes with the most associated interaction degrees were selected. c Univariate Cox regression analysis of hypoxia-related genes. d Multivariate Cox regression analysis of hypoxia-related genesTo construct the hypoxia-related risk model, univariate and multivariate Cox analyses were performed using the top 50 genes in the TCGA-BLCA cohort. In the univariate Cox analysis, 14 HRGs were significantly associated with patients’ OS outcomes (Fig. 2c). After multivariate Cox reg",Y,include
33925460,PMC8146553,Identification of an 11-Autophagy-Related-Gene Signature as Promising Prognostic Biomarker for Bladder Cancer Patients.,2021,extracted,high,abstract,11,APOL1|ATG4B|BAG1|CASP3|DRAM1|ITGA3|KLHL24|P4HB|PRKCD|ULK2|WDR45,"The performance of the 11-gene ARG signature was further evaluated in a training cohort and an independent validation cohort (N = 200) using Kaplan-Meier OS curve analysis, receiver operating characteristic (ROC) analysis, as well as univariate and multivariate Cox regression analysis.Our study identified an 11-gene ARG signature that is significantly associated with OS, including APOL1, ATG4B, BAG1, CASP3, DRAM1, ITGA3, KLHL24, P4HB, PRKCD, ULK2, and WDR45.",Y,include
33937319,PMC8082411,Identification of an IRGP Signature to Predict Prognosis and Immunotherapeutic Efficiency in Bladder Cancer.,2021,extracted,high,fulltext_window,15,IDO1|CD274|HAVCR2|PDCD1|CTLA4|LAG3|PDCD1LG2|VIM|ACTA2|COL4A1|TGFBR2|ZEB1|CLDN3|SMAD9|TWIST1,"CA cohort. (A) Nomograms for predicting the probability of patient mortality based on IRPG signature and clinical variables. (B) The calibration plot for internal validation of the nomogram. (C) Decision curve analyses of the nomograms based on IRGP signature for 3-year overall survival. BLCA, bladder cancer; IRGP, immune-related gene pair.Evaluate Differences in TME Between High- and Low-GroupsWe used GSVA to explore the differences in biological pathways between the two groups of BLCA patients",Y,include
33535616,PMC7867154,A Molecular Signature Determines the Prognostic and Therapeutic Subtype of Non-Muscle-Invasive Bladder Cancer Responsive to Intravesical Bacillus Calmette-Guérin Therapy.,2021,extracted,high,fulltext_window,3,E2F1|RAD54L|FOXM1,"r T.J., Mogil L.S., et al. Identification of Differential Tumor Subtypes of T1 Bladder Cancer. Eur. Urol. 2020;78:533–537. doi: 10.1016/j.eururo.2020.06.048.9.Kim S.K., Roh Y.G., Park K., Kang T.H., Kim W.J., Lee J.S., Leem S.H., Chu I.S. Expression signature defined by FOXM1-CCNB1 activation predicts disease recurrence in non-muscle-invasive bladder cancer. Clin. Cancer Res. 2014;20:3233–3243. doi: 10.1158/1078-0432.CCR-13-2761.10.Mun J.Y., Baek S.W., Park W.Y., Kim W.T., Kim S.K., Roh Y.G., Je",Y,include
33545950,PMC7837905,Identification and prognostic value of a glycolysis-related gene signature in patients with bladder cancer.,2021,extracted,high,abstract_window,4,CHPF|AK3|GALK1|NUP188,"Bladder cancer (BC) is one of the most common malignancies worldwide. Several biomarkers related to the prognosis of patients with BC have previously been identified. However, these prognostic models use only one gene and are thus not reliable or accurate enough. The purpose of our study was to develop an innovative gene signature that has greater prognostic value in BC. So, in this study, we performed mRNA expression profiling of glycolysis-related genes in BC (n = 407) cohorts by mining data f",Y,include
33456631,PMC7785346,Construction of an Immune-Associated Gene-Based Signature in Muscle-Invasive Bladder Cancer.,2020,extracted,high,fulltext_window,4,ANXA6|AHNAK|ILK|NR2F6,"he KEGG enrichment analysis, these IAGs were primarily correlated with pathways related to adherens junction, extracellular matrix, vesicle lumen, focal adhesion, cell-substrate junction, and costamere (Figure 2(b)).3.2. Construction of an IAG-Based SignatureBy performing univariate Cox regression analysis on the 22 IAGs in the TCGA cohort, ANXA6 (annexin A6), AHNAK (AHNAK nucleoprotein), ILK (integrin-linked kinase), and NR2F6 (nuclear receptor subfamily 2 group F member 6) were significantly r",Y,include
33391264,PMC7774015,A TP53-Associated Immune Prognostic Signature for the Prediction of Overall Survival and Therapeutic Responses in Muscle-Invasive Bladder Cancer.,2020,extracted,high,fulltext,3,CTSE|ORM1|PTHLH,"The above results demonstrate the TIPS is effective in predicting the OS of MIBC patients.Gene Set Enrichment Analysis of the TP53-Associated Immune Prognostic Signature GenesTo further investigate enriched KEGG pathways of CTSE, ORM1 and PTHLH in MIBC, GSEA was performed based on TCGA-MIBC RNA-seq data.",Y,include
33292266,PMC7643334,Identification of metabolism-associated genes and construction of a prognostic signature in bladder cancer.,2020,extracted,high,fulltext_window,5,PLOD1|CKB|PYGB|AKR1B1|PDE5A,"map exhibited the enriched GO terms across the differentially expressed MAGs. b Heatmap exhibited the enriched KEGG pathways across the differentially expressed MAGsIdentification of prognosis-related MAGs and construction of a MAGs based prognostic signatureBy performing univariate Cox regression analysis on 23 MAGs, a total of 5 MAGs were identified to have significant prognostic value in BC (P < 0.05) (Fig. 3a). Five MAGs were considered as risk factors with HR values greater than 1. Subseque",Y,include
33313125,PMC7723522,Development of a prognostic signature for bladder cancer based on immune-related genes.,2020,extracted,high,fulltext_window,6,ABCC4|CFTR|TNFAIP3|APOBEC3G|CCR1|CHUK,15 20 25 Biological Processes Cellular Components immune response extracellular space chemotaxis inflammatory response extracellular region positive regulation of cell proliferation cell-cell signaling plasma membrane 5 0 –5 A B C D Shi et al. IRGPs signature for prognosis prediction in BC © Annals of T ranslational Medicine. All rights reserved. Ann Transl Med 2020;8(21):1380 | http://dx.doi.org/10.21037/atm-20-1102 Page 6 of 15 Table 3 Model information about IRGPs signature IRG 1 Full name Im,Y,include
32763782,,A novel risk score based on a combined signature of 10 immune system genes to predict bladder cancer prognosis.,2020,extracted,high,abstract_window,10,MMP9|RBP7|PDGFRA|AHNAK|OAS1|OLR1|RAC3|SLIT2|IGF1|AGTR1,"r with a poor prognosis worldwide. There is an urgent need to better understand the pathogenesis and progression of BC and to find useful biomarkers for diagnosis and prognosis. This study was aimed at developing a potential immunogenomic prognostic signature for BC patients. To identify possible immune-system-related genes (IRGs) whose parameters predict the survival of BC patients, we chose 371 BC patients and analyzed differentially expressed IRGs from The Cancer Genome Atlas (TCGA) datasets.",N,include
32467671,PMC7238531,A glycolysis-based 4-mRNA signature correlates with the prognosis and cell cycle process in patients with bladder cancer.,2020,extracted,high,abstract_window,3,NUP205|PFKFB1|PKM,cer from The Cancer Genome Atlas (TCGA) database. Gene set enrichment analysis (GSEA) was conducted to identify glycolytic gene sets that were significantly different between bladder cancer tissues and paired normal tissues. A prognosis-related gene signature was constructed by univariate and multivariate Cox analysis. Kaplan-Meier curves and time-dependent receiver operating characteristic (ROC) curves were utilized to evaluate the signature. A nomogram combined with the gene signature and clin,Y,include
32096345,PMC7163112,An immune relevant signature for predicting prognoses and immunotherapeutic responses in patients with muscle-invasive bladder cancer (MIBC).,2020,extracted,high,abstract,9,CCDC80|CD3D|CIITA|FN1|GBP4|GNLY|SPINK1|UBD|VIM,"An immune-relevant gene signature (TIM signature) consisting of nine key prognostic DEGs (CCDC80, CD3D, CIITA, FN1, GBP4, GNLY, SPINK1, UBD, and VIM) was constructed using least absolute shrinkage and selection operator (LASSO) Cox regression analysis.",Y,include
32117435,PMC7013035,Identification and Validation of an Individualized Prognostic Signature of Bladder Cancer Based on Seven Immune Related Genes.,2020,extracted,high,abstract_window,8,RBP7|PDGFRA|AHNAK|OAS1|RAC3|EDNRA|SH3BP2|CD4,"o tailor treatment for patients with BLCA.A set of 47 prognostic IRGs was identified. LASSO regression and identified seven BLCA-specific prognostic IRGs, i.e., RBP7, PDGFRA, AHNAK, OAS1, RAC3, EDNRA, and SH3BP2. We developed an IRG-based prognostic signature that stratify BLCA patients into two subgroups with statistically different survival outcomes [hazard ratio (HR) = 10, 95% confidence interval (CI) = 5.6-19, P < 0.001]. The ROC curve analysis showed acceptable discrimination with AUCs of 0",Y,include
31894276,PMC6967157,Identification of a 13‑mRNA signature for predicting disease progression and prognosis in patients with bladder cancer.,2020,extracted,high,abstract_window,6,CTHRC1|MMP11|AEBP1|SNCAIP|COL1A1|S100A8," 13‑mRNA signature, patients were divided into high‑ and low‑risk groups, with different prognostic outcomes. The gene signature was an independent prognostic factor for overall survival. Receiver operating characteristic analysis suggested that the signature performed well in the validation cohort and its predictive power outperformed other several published signatures. CTHRC1, MMP11, AEBP1, SNCAIP, COL1A1 and S100A8 were identified as hub genes and their expression levels were detected using r",Y,include
28400426,,A Gene Signature for Selecting Benefit from Hypoxia Modification of Radiotherapy for High-Risk Bladder Cancer Patients.,2017,extracted,high,fulltext_window,6,CAV1|P4HA2|DPYSL2|SLC2A3|SLC16A1|LDLR,"8-0432.CCR-17-0038 14 Th i s st u d y sh o w ed t h a t t h e L en d a h l h y p ox i a si gn at u r e ( 1 5 ) w a s predictive of benefit from hypoxic modification but not prognostic in muscle invasive blad der carcinomas. None of the other hypoxia signatures were pr ognostic or predictive. A de no vo 24-gene signature was independently validated in multiple publically available cohort s and the new BCON cohort, and shown to be prognostic and predictive of benefit from the a ddition of CON to r",Y,include
29147616,PMC5674963,mRNA Expression levels of genes involved in antitumor immunity: Identification of a 3-gene signature associated with prognosis of muscle-invasive bladder cancer.,2017,extracted,manual,abstract,3,TNFSF4|CD8A|TIGIT,"A 3-gene signature of OX40L, CD8 and TIGIT was associated with prognosis in muscle-invasive bladder cancer.",Y,include
26802582,PMC4861129,Integrative Pathway Analysis of Metabolic Signature in Bladder Cancer: A Linkage to The Cancer Genome Atlas Project and Prediction of Survival.,2016,extracted,high,fulltext,4,CHIT1|DNMT1|GPD1|PLA2G4A,"B to D, in BCa cohorts of integrated 6-gene signature consisting of CHIT1, DNMT1, GPD1, PLA2G4A, TARSL2 and SETD7, which was significantly associated with worse prognosis in all 3 cohorts.",Y,include
30642841,PMC6449217,Serum Metabolic Profiling Identified a Distinct Metabolic Signature in Bladder Cancer Smokers: A Key Metabolic Enzyme Associated with Patient Survival.,2019,extracted,high,fulltext,3,COMT|IYD|TTL,"Importantly, a set of these gene signatures especially COMT, IYD, and TTL in BLCA smokers may play an important role in BLCA tumor progression, and this could provide potential prognostic value and future targets for therapeutic intervention.Supplementary Material123456AcknowledgmentsThis research was fully supported by NIH/NCI R01CA220297 (N.P), and NIH/NCI R01CA216426 (N.P.) and American Cancer Society (ACS) Award 127430-RSG-15–105-01-CNE (N.P.), partially supported by the following grants: NI",Y,include
30846479,PMC6571061,Multi-omics Integration Analysis Robustly Predicts High-Grade Patient Survival and Identifies CPT1B Effect on Fatty Acid Metabolism in Bladder Cancer.,2019,extracted,high,fulltext_window,6,PLA2G4C|LIPG|PIGS|PIGU|ATP8B2|ATP8B4," univariate and multivariate Cox proportional hazard regression models using the Kim, Lindgren, Sjodahl, TCGA data sets to assess the associations between the 27 gene signature and the time-to-death. Using multiivariate models, we tested the 27 gene signature (top 50% vs. bottom 50%) (Supplementary Table S6A–D) while controlling for sex, age, and tumor stage. Univariate Cox proportional hazard regression analysis showed that the gene signature was significantly associated with risk of death, wit",Y,include
32165065,,Impact of Molecular Subtyping and Immune Infiltration on Pathological Response and Outcome Following Neoadjuvant Pembrolizumab in Muscle-invasive Bladder Cancer.,2020,excluded,missing,none,0,,no extractable new gene list; evaluated existing molecular signatures,N,include
32695477,PMC7359373,The prognostic value of six survival-related genes in bladder cancer.,2020,extracted,high,abstract_window,6,EMP1|TPM1|NRP2|FGFR1|CAVIN1|LATS2,n of tumor-paracancerous DEGs genes and paracancerous-normal DEGs genes. The survival-related genes were screened by Kaplan-Meier (KM) survival analysis and univariable Cox regression with the cutoff criteria of KM < 0.05 and cox p-value < 0.05. The risk model was developed using Lasso regression. The clinical data were analyzed by univariate and multivariate Cox regression analysis. Gene Ontology (GO) and KEGG enrichment analysis were performed in the DEGs genes between the high-risk and low-ri,Y,include
32929335,PMC7481430,Identification of glycogene-type and validation of ST3GAL6 as a biomarker predicts clinical outcome and cancer cell invasion in urinary bladder cancer.,2020,extracted,high,abstract_window,4,UBC|MAL|ST3GAL6|GATA3,"come need to be investigated. Methods: A systematic transcriptomic analysis of 185 glycogenes in the public UBC datasets with survival information and clinicopathological parameters were performed using unsupervised hierarchical clustering. The gene signature for glycogene-type classification was identified using Limma package in R language, and correlated to 8 known molecular features by Gene Set Variation Analysis (GSVA). The clinical relevance and function of a glycogene was characterized by ",Y,include
33096258,,An 18-gene signature based on glucose metabolism and DNA methylation improves prognostic prediction for urinary bladder cancer.,2021,excluded,missing,none,0,,18-gene list not provided in accessible abstract/full text,N,include
33208770,PMC7675970,Transcriptomic analysis of micropapillary high grade T1 urothelial bladder cancer.,2020,extracted,high,abstract_window,3,CD36|FABP3|RAET1E,"lan-Meier methods were used to assess the relation between time to progression (TTP) and individual gene expression adjusting for clinical covariates. Over 3000 genes were differentially expressed in MPBC-HGT1 as compared with cUC-HGT1 and a 26-gene signature is characteristic of MPBC within HGT1. A set of three genes; CD36, FAPB3 and RAETE1; were significantly associated with TTP. High expression of FABP3 and CD36 were associated with shorter TTP (p = 0.045 and p = 0.08) as was low expression o",Y,include
33392066,PMC7773013,Dysregulation of the Immune Microenvironment Contributes to Malignant Progression and Has Prognostic Value in Bladder Cancer.,2020,extracted,high,fulltext_window,5,CD109|CD96|HNMT|MMP9|NFKBIZ,"OS. (B) Nomogram for predicting the probability of 1-, 3-, and 5-year OS. (C–E) Calibration plots of the nomogram for predicting the probability of 1-, 3-, and 5-year OS. (F, G) DCA of the nomogram predicting 1- and 3-year OS. IPS, immune prognostic signature; TCGA, The Cancer Genome Atlas; OS, overall survival; DCA, decision curves analyses; HR, hazard ratio; CI, confidence interval.Validation of 14 OS-Associated mmune GenesThe RNA-sequence data of BLCA samples from our center were used to vali",Y,include
33837006,PMC8338756,Myeloid Cell-associated Resistance to PD-1/PD-L1 Blockade in Urothelial Cancer Revealed Through Bulk and Single-cell RNA Sequencing.,2021,extracted,high,fulltext_window,4,ARID1A|CXCL13|TGFB1|CXCL8,"d).3 This cohort has been previously described, with further detail provided in Table S1; RNA sequencing and TMB data were available for 72 and 139 patients, respectively.3 The adaptive immune response, pro-tumorigenic inflammation, and stromal gene signatures demonstrated similar associations with OS, progression free survival (PFS) and response rate in the Checkmate 275 cohort (Table S5). As observed in the IMvigor 210 cohort, the 2IR score in the Checkmate 275 cohort demonstrated the largest ",Y,include
33985530,PMC8117567,Metabolic classification of bladder cancer based on multi-omics integrated analysis to predict patient prognosis and treatment response.,2021,extracted,high,fulltext_window,3,RB1|E2F3|DDR2,"%, 8.48%, and 8.14% for RB1 (13q14.2), respectively. The amplification rates of oncogenes in the M1, M2, and M3 subtypes were 18.57%, 15.15%, and 13.95% for E2F3 (6p22.3), and were 15.71%, 8.48%, and 16.86% for DDR2 (1q23.3), respectively.Prognostic risk model based on characteristic genes of metabolic subtypes of bladder cancerAmong the 289 characteristic genes of the metabolic subtypes, random survival forest identified 39 genes with relative importance ≥ 0 as the final features, and univariat",Y,include
34329197,PMC8386543,Identification of immune-related genes that predict prognosis and risk of bladder cancer: bioinformatics analysis of TCGA database.,2021,extracted,high,abstract_window,11,ADIPOQ|PPY|NAMPT|TAP1|AHNAK|OLR1|PDGFRA|IL34|MMP9|RAC3|SH3BP2,"tively involved in tumor-related functions and pathways. Using multivariate Cox regression analysis, we detected 11 optimal IRGs (ADIPOQ, PPY, NAMPT, TAP1, AHNAK, OLR1, PDGFRA, IL34, MMP9, RAC3, and SH3BP2). We validated the prognostic value of this signature in two validation cohorts: GSE13507 (n = 165) and GSE32894 (n = 224). Furthermore, we performed a western blot and found that the expression of these IRGs matched their mRNA expression in TCGA. Moreover, correlations between risk score and ",Y,include
34512654,PMC8427805,Scoring System Based on RNA Modification Writer-Related Genes to Predict Overall Survival and Therapeutic Response in Bladder Cancer.,2021,extracted,high,fulltext_supp_table,10,IER3IP1|RPP21|ZSCAN16|FAM43A|LARP7|MAP1A|NSUN5|PRPF19|GALK1|TNFSF13B,Supplementary Table S9 lists the ten genes in the multivariable Cox model.,Y,include
34521394,PMC8439049,Cross-talk and clinical value of m[superscript 6]A regulatory gene in bladder cancer.,2021,extracted,high,fulltext_window,3,YTHDC1|FTO|WTAP,"arateristics. B Kaplan–Meier survival curves were generated from the comparison of cluster 1, cluster 2 and cluster 3 using the level of the bladder cancerThree m[superscript 6]A-related genes related to prognosis were used to construct a prognostic risk modelTo investigate the prognostic value of m[superscript 6]A RNA methylation regulatory gene in bladder cancer. Univariate Cox regression analysis was constructed with the TCGA data set (Fig. 6A). P < 0.1 as the reference standard, we found tha",Y,include
34901008,PMC8657403,Hypoxic Characteristic Genes Predict Response to Immunotherapy for Urothelial Carcinoma.,2021,extracted,high,fulltext,4,TKTL1|JMJD6|IRS2|ANXA2,"We constructed a hypoxia risk prognostic model based on four hypoxia-related genes (TKTL1, JMJD6, IRS2, ANXA2) through multivariate Cox regression analysis.",Y,include
35265613,PMC8899848,Identification and Quantification of Iron Metabolism Landscape on Therapy and Prognosis in Bladder Cancer.,2022,extracted,high,abstract,13,TCIRG1|CTSE|ATP6V0A1|CYP2C8|RNF19A|CYP4Z1|YPEL5|PLOD1|BMP6|CAST|SCD|IFNG|ASIC3,"Then we established the IMRG prognosis signature (IMRGscore) by the least absolute shrinkage and selection operator (LASSO), including 13 IMRGs (TCIRG1, CTSE, ATP6V0A1, CYP2C8, RNF19A, CYP4Z1, YPEL5, PLOD1, BMP6, CAST, SCD, IFNG, and ASIC3).",Y,include
35593896,,Epithelial-to-mesenchymal transition based diagnostic and prognostic signature markers in non-muscle invasive and muscle invasive bladder cancer patients.,2022,extracted,high,abstract_manual,7,CDH1|CDH2|SNAI1|SNAI2|TWIST1|ZEB1|VIM,EMT biomarkers named in the abstract and mapped to HGNC symbols.,Y,include
35669725,PMC9165618,A Multiomics Profiling Based on Online Database Revealed Prognostic Biomarkers of BLCA.,2022,extracted,high,abstract_window,10,CD4|CDH2|COL1A1|EIF2S2|PSMA3|NAA10|DNM1L|TUBA4A|KIF11|KIF23,"ere downloaded from The Cancer Genome Atlas (TCGA) database and GEO database (GSE13507). GSVA analysis converted the gene expression matrix to the gene set expression matrix. ""CancerSubtypes"" classified patients into three subtypes and established a prognostic model based on differentially expressed gene sets (DEGSs) among the three subtypes. For genes from prognosis-related DEGSs, functional and pathway enrichment analyses and PPI network analysis were carried out. The Human Protein Atlas (HPA)",Y,include
35784457,PMC9247554,Characterization of Ligand-Receptor Pair in Bladder Cancer Develops a Validated Scoring Model for Prognosis and Treatment Response.,2022,extracted,high,fulltext,3,ANXA1-|EGFR|CALR-,The risk score of each patient was generated for the risk model.LR.score = (β1xi1+ β2xi2+...+ βpxip) = 0.137∗ANXA1- > EGFR+0.212*CALR- > LRP1-0.358∗CCL14- > CCR5-0.118∗CHAD- > ITGA2-0.095∗DSPP- > ITGB6+0.071∗EFEMP1- > EGFR-0.253∗IFNE- > IFNAR2-0.367∗IL22- > IL22RA2+0.162∗PDGFD- > PDGFRB-0.115∗TNFSF13- > TNFRSF14.Drug Sensitivity AnalysisWe downloaded drug sensitivity data for approximately 1000 cancer cell lines from Genomics of Drug Sensitivity in Cancer (GDSC) (http://www.cancerrxgene.org).,Y,include
35804889,PMC9264990,The Prognostic Value of the Circulating Tumor Cell-Based Four mRNA Scoring System: A New Non-Invasive Setting for the Management of Bladder Cancer.,2022,extracted,high,abstract_window,4,EGFR|TRPM4|TWIST1|ZEB1," long-term cystoscopy monitoring and treatment. The lack of an accurate classification system predicting the risk of recurrence or progression leads to the search for new biomarkers and strategies. Our pilot study aimed to identify a prognostic gene signature in circulating tumor cells (CTCs) isolated by ScreenCell devices from muscle invasive and non-muscle invasive BC patients. Through the PubMed database and Cancer Genome Atlas dataset, a panel of 15 genes modulated in BC with respect to norm",Y,include
35846128,PMC9279929,Discovery of Notch Pathway-Related Genes for Predicting Prognosis and Tumor Microenvironment Status in Bladder Cancer.,2022,extracted,high,fulltext_window,5,DTX3L|CNTN1|GATA3|MAGEA1|SORBS2,entified 11 genes associated with significant prognostic differences (Supplementary Table S5). The hub genes were further selected using Lasso regression and multivariate Cox analyses in order to narrow the gene range and construct a highly accurate prognostic model (Supplementary Figure S2). Six target genes were determined by combining the analysis. The 6-gene signature formula was as follows: Risk score = expression level of DTX3L × (-0.490) + expression level of CNTN1 × (0.230) + expression ,Y,include
35958598,PMC9360490,Comprehensive FGFR3 alteration-related transcriptomic characterization is involved in immune infiltration and correlated with prognosis and immunotherapy response of bladder cancer.,2022,extracted,high,fulltext_window,11,CERCAM|TPST1|OSBPL10|EMP1|CYTH3|PCDH10|GAP43|COLQ|DGKB|SETBP1|FGFR3,"ly correlated with OS of BC patients. (D–H) No statistically significant difference in OS of BC patients between high and low expression of brown (D), red (E), turquoise (F), green (G), or gray (H) module.Establishment and validation of a novel FARG signatureThe association analysis between these identified 966 hub genes and OS of BC patients was then conducted by the univariate Cox regression analysis, finally identifying 62 OS-related hub genes ( Supplementary Table 2 , p < 0.01), which were f",Y,include
36300085,PMC9589509,"Identification of a dysregulated CircRNA-associated gene signature for predicting prognosis, immune landscape, and drug candidates in bladder cancer.",2022,extracted,high,abstract_window,10,PFKFB4|EDNRA|GSN|GAS1|PAPPA|DTL|TGFBI|PRSS8|RGS1|TCF4,"ssues were confirmed using qRT-PCR. Functional analysis results determined that 772 GO functions and 32 KEGG pathways were enriched in the ceRNA network. Ten genes (PFKFB4, EDNRA, GSN, GAS1, PAPPA, DTL, TGFBI, PRSS8, RGS1 and TCF4) were selected for signature construction among the ceRNA network. The Human Protein Atlas (HPA) expression of these genes were consistent with the above sequencing data. Notably, the model was validated in multiple external datasets (GSE13507, GSE31684, GSE48075, IMvi",Y,include
36358715,PMC9654607,The Urothelial Transcriptomic Response to Interferon Gamma: Implications for Bladder Cancer Prognosis and Immunotherapy.,2022,extracted,high,fulltext_window,9,IFNGR1|IFNGR2|CCL20|CXCL8|CXCL1|CXCL6|IL23A|IL1B|IL17C,"d MIBC tumours from the different cohorts were pooled to support Kaplan–Meier NMIBC Recurrence Free Survival (RFS) and MIBC Overall Survival (OS) analysis, respectively. Statistical significance of the difference between Kaplan–Meier curves for IFNγ-signature high and low groups was performed using Mantel-Cox and Gehan-Breslow-Wilcoxon tests, with hazard ratios calculated using both Mantel-Haenszel and log rank approaches. A Cox proportional hazards regression analysis was performed using the ps",Y,include
36428492,PMC9687567,Oncogenic Roles of Polycomb Repressive Complex 2 in Bladder Cancer and Upper Tract Urothelial Carcinoma.,2022,extracted,high,abstract_window,11,EZH2|EED|SUZ12|CDC26|MAPK1IP1L|SFR1|CDK5RAP2|ANXA5|STX11|PSMD5|FGFRL1,"ne set enrichment analysis of the transcriptome. We discovered that the epigenetic regulation of polycomb repressive complex 2 (PRC2) is responsible for the recurrence and progression of lower-track urinary cancers. Additionally, a PRC2-related gene signature model was discovered to be effective in classifying bladder cancer patients with distinct susceptibility of subsequent recurrence and progression (log-rank p < 0.001 and = 0.001, respectively). We continued to discover that the same model c",Y,include
36468020,PMC9709473,Clinical value of M1 macrophage-related genes identification in bladder urothelial carcinoma and in vitro validation.,2022,extracted,high,abstract_window,4,FBXO6|OAS1|TMEM229B|CTLA4,"es mRNA level. Results: 111 macrophage M1-related genes were identified using WGCNA. RS model containing three prognostically significant M1 macrophage-associated genes (FBXO6, OAS1, and TMEM229B) was formed by multiple Cox analysis, and a polygenic risk model and a comprehensive prognostic line plot was developed. The calibration curve clarified RS was a good predictor of prognosis. Patients in the LRG were more suitable for programmed cell death protein 1 (PD1) and cytotoxic T lymphocyte assoc",Y,include
36505302,PMC9730090,The predictive value of pyroptosis for the prognosis and immune escape of bladder cancer.,2022,extracted,high,fulltext_manual,8,KRT1|DSG3|PCOLCE2|ALDH1L2|CTSE|SULT1E1|GSDMB|BCL2L14,The eight genes in the LASSO risk model are listed in the published full text.,Y,include
37138324,PMC10155334,The potential crosstalk between tumor and plasma cells and its association with clinical outcome and immunotherapy response in bladder cancer.,2023,extracted,high,abstract_window,4,LAMB3|CD44|ANGPTL4|SDC1,"ogeneity of PCs and their potential crosstalk patterns with BC tumor cells.Crosstalk patterns between PCs and tumor cells were revealed by performing integrated bulk and single-cell RNA sequencing (RNA-seq) and spatial transcriptome data analysis. A risk model was constructed based on ligand/receptor to quantify crosstalk patterns by stepwise regression Cox analysis.Based on cell infiltration scores inferred from bulk RNA-seq data (n = 728), we found that high infiltration of PCs was associated ",Y,include
37455996,PMC10338970,Prediction of immune and targeted drug efficacy in pain-related risk subtypes for bladder cancer patients.,2023,extracted,high,fulltext_window,8,NES|TP53|TTN|KMT2D|MUC16|KDM6A|PIK3CA|RB1,"t. (A) Volcano plot of the hallmark gene enrichment analysis in TCGA cohort. The X-axis is normalized enrichment score (NES), and the Y-axis is the -log of the P-value for significance in the enrichment result. (B) Volcano plot of the ImmPort immune signature gene enrichment analysis in TCGA cohort. (C) GSEA results of the top eight enriched hallmarks. (D) GSEA results of the top eight enriched ImmPort immune signatures.Fig. 3Fig. 4GSVA analysis of 50 hallmarks with different risk subtypes.Heatm",Y,include
37701108,PMC10493797,Novel potential urinary biomarkers for effective diagnosis and prognostic evaluation of high-grade bladder cancer.,2023,extracted,high,abstract_window,4,DKC1|SNRPG|EFTUD2|EBNA1BP2,"e.A total of 560 differentially expressed genes (DEGs) were identified when comparing the urine sediment samples from HGBC patients with the benign ones. Using these urinary DEGs and the clinical information of HGBC patients, we developed an optimal risk model consisting of eight genes to predict the patient outcome. By integrating the node degree values in the PPI network with the expression changes in both urine and tissue samples, eighteen hub genes were selected out. Among them, DKC1 and SNR",Y,include
37740761,PMC11797741,Identifying possible hub genes and biological mechanisms shared between bladder cancer and inflammatory bowel disease using machine learning and integrated bioinformatics.,2023,extracted,high,abstract_window,3,AURKB|CDK1|CCNA2,"pression network analysis (WGCNA) on these DEGs to determine the vital modules and genes significantly related to BC. Protein-protein interaction (PPI) networks was used to identify hub genes. Further, the hub genes were used to develop a prognostic signature by Cox analysis. The validity of the ten hub DEGs was tested using three classification algorithms. Finally, we analyzed the microRNAs (miRNA)-mRNA, transcription factors (TFs)-mRNA regulatory network.Positive regulation of organelle fissio",Y,include
37780567,PMC10536175,Development and validation of prognostic index based on purine metabolism genes in patients with bladder cancer.,2023,extracted,high,fulltext,4,TP53|ELF3|KMT2C|SPTAN1,"By performing correlation analyses between the expression levels of DEGs in the prognostic model and SNPs, we identified four SNP-driven DEGs, namely TP53, ELF3, KMT2C, and SPTAN1 (Figure 3A).",Y,include
38017469,PMC10683108,Identifying prognostic characteristics of m6A-related glycolysis gene and predicting the immune infiltration landscape in bladder cancer.,2023,extracted,high,fulltext_window,3,APOE|METTL3|LATS1,XuSChenMGuoPDaiZclusterProfiler 4.0: A universal enrichment tool for interpreting omics dataInnovation (Camb).2021231001413455777810.1016/j.xinn.2021.100141PMC845466317.LinJZhaoAFuDEvaluating the tumor immune profile based on a three-gene prognostic risk model in HER2 positive breast cancerSci Rep2022121931110.1038/s41598-022-13499-135665772PMC916679818.ZhangXZhangXLiGHaoYLiuLZhangLA novel necroptosis-associated lncRNA signature can impact the immune status and predict the outcome of breast canc,Y,include
38172584,PMC10764961,Identification and validation of prognostic signature genes of bladder cancer by integrating methylation and transcriptomic analysis.,2024,extracted,high,fulltext_window,3,ARL4D|CDH3|NFE2,"s. P-value was calculated to define the significance on the analysis.Correlation analysis of the signature genes with interleukins and immune cell infiltrationTo further evaluate the impact of hub genes, a correlation study between the expression of signature genes and IL-6 and IL-20 was carried out. The analysis showed that all genes were significantly positively associated with IL-6 except ARL4D (P-value > 0.05) and CDH3 (P-value > 0.05) and also significantly positively correlated with IL-20 ",Y,include
38183115,PMC10768331,Transcriptomic insights into UTUC: role of inflammatory fibrosis and potential for personalized treatment.,2024,extracted,high,abstract_window,5,SDC1|LUM|VEGFA|WNT7B|TIMP3,"e personalized treatment strategies for UTUC.In our research, we utilized differential gene expression analysis, interaction networks, and Cox regression to explore the enhanced metastatic propensity of UTUC. We formulated and validated a prognostic risk model using diverse techniques, including cell co-culture, reverse transcription quantitative polymerase chain reaction (rt-qPCR), western blotting, and transwell experiments. Our methodological approach also involved survival analysis, risk mod",Y,include
38217031,PMC10785515,Deciphering the significance of anoikis in bladder cancer and systematic analysis of S100A7 as a potential therapeutic target.,2024,extracted,high,abstract,3,TPM1|RAC3|S100A7,"Finally, we verified the function of S100A7 in two BLCA cell lines.We developed a prognostic risk model based on three anoikis-related genes including TPM1, RAC3 and S100A7.",Y,include
38282152,,Unveiling Anoikis-related genes: A breakthrough in the prognosis of bladder cancer.,2024,extracted,high,abstract_window,3,HK2|HSP90B1|BAD,"ithelial cells, T cells and fibroblasts for copy number variation analysis, pseudotime analysis and transcription factor analysis based on R package. We integrated machine-learning algorithms to develop the artificial intelligence-derived prognostic signature (AIDPS).The performance of AIDPS with clinical indicators was stable and robust in predicting BLCA and showed better performance in every validation dataset compared to other models. Mendelian randomization analysis was conducted. Single nu",N,include
38333832,PMC10850424,The prognostic significance and clinical relevance of stem cell characteristic in bladder cancer.,2024,extracted,high,fulltext_window,4,CD44|ALDH1A1|SOX2|SOX4,"ors (ICIs) [3]. The 5-year recurrence free survival rates of patients with low-risk, intermediate-risk and high-risk NMIBC are 43 %, 33 % and 21 %, respectively, and most of high-risk NMIBC patients progress to MIBC with worse prognosis [3]. Thus, a prognostic model of BLCA for clinical management is needed.Cancer stem cells (CSCs) have been indicated playing a crucial role in chemotherapy resistance and tumor relapse [4]. CSCs are a sort of malignant tumor cells which can self-renew, differenti",Y,include
38356551,PMC10864973,Disulfidptosis characterizes the tumor microenvironment and predicts immunotherapy sensitivity and prognosis in bladder cancer.,2024,extracted,high,abstract,4,COL5A1|DIRAS3|NKG7|POLR3G,"A prognostic signature was created, consisting of COL5A1, DIRAS3, NKG7, and POLR3G and validated as having a robust predictive capability.",Y,include
38387404,PMC10897900,A hypoxia biomarker does not predict benefit from giving chemotherapy with radiotherapy in the BC2001 randomised controlled trial.,2024,extracted,high,fulltext_window,5,STAT1|SUMO1|PAK2|HDAC1|IRF1,"oxic (c) and hypoxic (d) tumours and OS of BC2001 patients with normoxic (e) and (f) hypoxic tumours stratified by treatment.Generation of biomarker data and centralised pathologyHypoxia scores (HS) were calculated as the median expression of the 24 signature genes.11 As this is an ad-hoc exploratory analysis, hypoxia scores were analysed as both a categorical (stratified by the cohort median as in previous publications) and a continuous variable. Transcriptomic data were also used to generate r",Y,include
38493947,,Single-cell and multi-omics analyses highlight cancer-associated fibroblasts-induced immune evasion and epithelial mesenchymal transition for smoking bladder cancer.,2024,excluded,missing,none,0,,33-gene list not provided in accessible abstract/full text,N,include
38570787,PMC10993528,Deciphering the prognostic features of bladder cancer through gemcitabine resistance and immune-related gene analysis and identifying potential small molecular drug PIK-75.,2024,extracted,high,fulltext_window,3,H2AZ1|NRF1|RAC3," levels of H2AZ1 and NRF1 were positively associated with RAC3 (H2AZ1, R = 0.33, p = 1.6e−1, Additional file 1: Fig. S6C; NRF1, R = 0.32, p = 9.5e−11, Additional file 1: Fig. S6C). These results indicated that RAC3 was the hub gene in our predictive signature, and its transcription was most likely regulated by H2AZ1 and NRF1.Molecular docking analysisTo further explore the most effective small-molecular drug targeting on RAC3 protein, we performed a molecular docking analysis of the RAC3 protein",Y,include
39269596,,"Liquid-liquid phase separation-related genes associated with prognosis, tumor microenvironment characteristics, and tumor cell features in bladder cancer.",2025,extracted,high,abstract_window,3,KLK5|MOGAT2|S100A7,"This study aimed to explore the Liquid-liquid phase separation (LLPS)-related genes associated with the prognosis of bladder cancer (BCa) and assess the potential application of LLPS-related prognostic signature for predicting prognosis in BCa patients.Clinical information and transcriptome data of BCa patients were extracted from the Cancer Genome Atlas-BLCA (TCGA-BLCA) database and the GSE13507 database. Furthermore, 108 BCa patients who received treatment at our institution were subjected to ",N,include
39368544,,A modified model of PANoptosisto identify prognosis and immunotherapy response in bladder cancer.,2024,extracted,high,abstract,5,TMPRSS4|TPST1|FOXD1|ELOVL4|EMP1,"By employing the least absolute shrinkage analysis, we were able to construct a risk model and single-cell sequencing analysis of differential genes in bladder cancer.Five differentially expressed genes (TMPRSS4, TPST1, FOXD1, ELOVL4, EMP1) associated with widespread apoptosis were identified as features for predicting the prognosis of bladder cancer patients.",N,include
39380003,PMC11460118,Dynamic landscape of m6A modifications and related post-transcriptional events in muscle-invasive bladder cancer.,2024,extracted,high,fulltext_window,11,FKBP10|EMP1|ZNF524|YPEL5|BTN2A1|DDA1|EIF3C|RPL13AP5|INPP1|APOL6|TMEM109,"lity. The end point of study was overall survival, which was calculated from the date of diagnosis to death or the date of last follow-up whichever came first. LASSO regression, a prevalent machine learning method, was employed to identify potential signature variables in Cox regression analysis, focusing on m6A-related genes that is genes with altered m6A site. This analysis was validated using 10-fold cross-validation. The variables with non-zero coefficients, satisfying the assumption of prop",Y,include
39392600,,Identification of RNA-binding protein RBMS3 as a potential biomarker for immunotherapy in bladder cancer.,2024,excluded,missing,none,0,,RBP risk-model gene members not provided except RBMS3,N,include
39603145,,Transcriptome-Based Network Analysis Related to Histone Deacetylase Genes and Identified EMP1 as a Potential Biomarker for Prognosis in Bladder Cancer.,2025,excluded,missing,none,0,,HDAC-cluster model gene members not provided except EMP1,N,include
39695796,PMC11657289,Prognostic feature based on androgen-responsive genes in bladder cancer and screening for potential targeted drugs.,2024,extracted,high,abstract_window,6,CDK6|FADS1|PGM3|SCD|PTK2B|TPD52,"Bladder cancer (BLCA) is a tumor that affects men more than women. The biological function and prognostic value of androgen-responsive genes (ARGs) in BLCA are currently unknown. To address this, we established an androgen signature to determine the prognosis of BLCA.Sequencing data for BLCA from the TCGA and GEO datasets were used for research. The tumor microenvironment (TME) was measured using Cibersort and ssGSEA. Prognosis-related genes were identified and a risk score model was constructed",Y,include
39739621,PMC11831474,Tertiary Lymphoid Structures are Linked to Enhanced Antitumor Immunity and Better Prognosis in Muscle-Invasive Bladder Cancer.,2025,extracted,high,fulltext,7,CXCL13|CCL19|MS4A1|LTB|CD37|CORO1A|IKZF1,"In this study, we identified a novel TLS‐specific gene signature, RMYY‐TLS, which includes CXCL13, CCL19, MS4A1, LTB, CD37, CORO1A, and IKZF1.",Y,include
39769061,PMC11676541,Loss of Glutathione-S-Transferase Theta 2 (GSTT2) Modulates the Tumor Microenvironment and Response to BCG Immunotherapy in a Murine Orthotopic Model of Bladder Cancer.,2024,extracted,high,fulltext_window,4,RPPH1|TUBB3|HMGA2|AHNAK,"//gepia.cancer-pku.cn/index.html.22.Abdel-Hafiz H.A., Kailasam Mani S.K., Huang W., Gouin K.H., 3rd, Chang Y., Xiao T., Ma Q., Li Z., Knott S.R.V., Theodorescu D. Single-cell profiling of murine bladder cancer identifies sex-specific transcriptional signatures with prognostic relevance. iScience. 2023;26:107703. doi: 10.1016/j.isci.2023.107703.23.Lin Y.H., Chen C.W., Cheng H.C., Liu C.J., Chung S.T., Hsieh M.C., Tseng P.L., Tsai W.H., Wu T.S., Lai M.D., et al. Inhibition of lncRNA RPPH1 activity",Y,include
40018511,PMC11866393,Single-cell Analysis Highlights Anti-apoptotic Subpopulation Promoting Malignant Progression and Predicting Prognosis in Bladder Cancer.,2025,extracted,high,abstract_window,4,CEBPB|EGR1|ELF3|EZH2,"s explored the functional heterogeneity between malignant epithelial cell subpopulations. Cellchat was used to infer intercellular communication patterns. Co-expression analysis identified co-expression modules of the anti-apoptotic subpopulation. A prognostic model was constructed using hub genes and Cox regression, and nomogram analysis was performed. The tumor immune dysfunction and exclusion (TIDE) algorithm was applied to predict immunotherapy response.Organoids recapitulated the cellular a",Y,include
40097551,PMC11914693,Comprehensive analysis of RNA methylation-related genes to identify molecular cluster for predicting prognosis and immune profiles in bladder cancer.,2025,extracted,high,fulltext_window,3,EGFR|S100A9|FN1,"1007/s12011-022-03510-136471209Zhang, L. et al. Fibronectin 1 as a key gene in the genesis and progression of cadmium-related bladder cancer. Biol. Trace Elem. Res.201, 4349–4359 (2023).36471209 10.1007/s12011-022-03510-127.KimWTS100A9 and EGFR gene signatures predict disease progression in muscle invasive bladder cancer patients after chemotherapyAnn. Oncol.20142597497910.1093/annonc/mdu03724631944Kim, W. T. et al. S100A9 and EGFR gene signatures predict disease progression in muscle invasive b",Y,include
40405063,PMC12096726,Novel Gene expression-based Risk Stratification tool predicts recurrence in Non-muscle invasive Bladder cancer.,2025,extracted,high,fulltext_window,12,H3C8|H3C13|H3C10|H3C3|H3C4|H2BC6|H2AC4|H2BC3|H2AB1|H2AC16|H2AC11|H2BC11,"0 resampling iterations of training and test sets (Supplementary Fig. 2). Model calibration parameters and performance matrices are given in supplementary Table 1.Pathway analysis of differentially expressed genesTo identify functional aspect of the signature, pathway analysis was performed. Significant upregulated KEGG pathways in patients with recurrence include “Systemic Lupus Erythematosus”, “Alcoholism”, “Neutrophil Extracellular Trap Formation”, “Transcriptional Misregulation in Cancer”, “",Y,include
40589607,PMC12206902,Machine Learning and Experimental Validation Reveal MYH11 as a Novel Prognostic Biomarker and Therapeutic Target in Bladder Cancer.,2025,extracted,high,fulltext_window,8,CASQ2|DTNA|FLNC|KCNMA1|MYH11|PLN|PRKG1|SGCD,"cal processes (BP), and molecular function (MF) involved in candidate genes. (I) KEGG enrichment analysis showing the signaling pathways involved in candidate genes. (J) PPI network of candidate genes and 15 hub genes.Construction of Prognostic Gene Signatures by Machine Learning AlgorithmsNext, we developed prognostic genes from 15 hub genes through an integrated approach of univariate Cox regression analysis and machine learning algorithms. The univariate analysis identified 8 genes noticeably",Y,include
40626022,PMC12229847,Epigenetic dysregulation-induced metabolic reprogramming fuels tumor progression in bladder cancer.,2025,extracted,high,fulltext_window,4,ALDH1B1|ALDH1L2|CHSY1|CSGALNACT2,"doplasmic reticulum and mitochondrial ‘cellular compartments’ (Supplementary Figures S1A–C). Overall, these findings highlight that diverse metabolic processes are rewired during the course of tumor progression in bladder cancer.3.2 A metabolic gene signature determines aggressive disease state and poor survival in bladder cancerTo pinpoint critical metabolic hub genes, we initially built an interaction network using the STRING database and observed that 92 out of the 105 candidate genes formed ",Y,include
40631135,PMC12236773,Intrinsic higher potency of basal urothelial cells to intermediate and umbrella cells as the cell of origin for bladder cancer.,2025,excluded,missing,none,0,,derived mouse-cluster signature not provided as an extractable gene list,Y,include
40703521,PMC12283629,Identification of lactylation-associated immune and metabolic regulators in bladder cancer via integrated bulk and single-cell transcriptomics.,2025,extracted,high,fulltext_window,3,FASN|RUNX2|FAS,"er cancer (BLCA) progression, yet their underlying mechanisms and regulatory genes remain poorly understood.MethodsUsing transcriptomic data from The Cancer Genome Atlas (TCGA), we identified lactylation-associated genes and constructed a prognostic signature. Comprehensive bioinformatics analyses were conducted to assess immune infiltration, tumor microenvironment characteristics, and the lactylation landscape at the single-cell level. Furthermore, we performed in vitro experiments to evaluate ",Y,include
40867253,PMC12384837,Gene Expression in Muscle-Invasive and Non-Muscle-Invasive Bladder Cancer Cells Exposed to Hypoxia.,2025,extracted,high,fulltext,3,SYDE1|SLC2A3|DPYSL2,"There were five genes in both signatures (SYDE1, SLC2A3, DPYSL2, FUT11, P4HA2).",Y,include
40916434,,Mevalonate Metabolic Reprogramming Drives Cisplatin Resistance in Bladder Cancer: Mechanisms and Therapeutic Targeting.,2025,excluded,missing,none,0,,no explicit gene-list risk model in accessible text,N,include
40918470,PMC12408864,Integrating Spatial Multi-Omics and Machine Learning to Unravel the Role of PANoptosis in Bladder Cancer Prognosis and Immunotherapy Response.,2025,extracted,high,fulltext,4,BAX|CASP1|CASP8|PYCARD,"In renal tumors, Xu and colleagues formulated a signature for broad-spectrum cell death founded on genes related to this process (BAX, CASP1, CASP8, PYCARD) and found that a high score for broad-spectrum cell death was linked to heightened infiltration of the immune system, increased effectiveness of immunotherapy, and the detection of a novel target for treatment, PYCARD [23].",Y,include
40994220,,RNA m5C Modifications in the Development and Prognosis of Muscle-Invasive Bladder Cancer.,2025,extracted,high,abstract,11,GGA1|NUMBL|ECHDC2|NLRC5|EIF2D|GJA1|XPC|DAZAP2|C6orf120|WDR45|CES1,"This approach yielded an optimized 11-gene prognostic signature comprising GGA1, NUMBL, ECHDC2, NLRC5, EIF2D, GJA1, XPC, DAZAP2, C6orf120, WDR45, and CES1, which demonstrated superior predictive performance in TCGA MIBC patients.",N,include
41137061,PMC12553166,Single-cell stemness analysis highlights Midkine-LRP1 pathway and identifies new bladder cancer subtypes.,2025,extracted,high,fulltext_supp_table,16,SH3PXD2B|SLC7A6|ANXA1|GSDMB|STXBP6|TRAV26-1|EGFL6|HMHB1|LINC01450|LINC02691|C7orf65|TRAV34|TRDV1|IGHD2-2|MST1R|LINC01625,Supplementary Table S12 lists the genes in the multivariable risk model; noncoding identifiers retained for transparency.,Y,include
41144872,,Intratumoral Expression of a Composite B Cell / CD8 T Cell Biomarker Stratifies Overall Survival by Circulating Tumor DNA Status and Benefit From Adjuvant Immunotherapy in High-Risk Muscle-Invasive Urothelial Carcinoma.,2026,excluded,missing,none,0,,evaluated existing B-cell/CD8 T-cell gene signatures; no new extractable list,N,include
41153362,PMC12563593,Integrative Analysis of Biomarkers for Cancer Stem Cells in Bladder Cancer and Their Therapeutic Potential.,2025,extracted,high,fulltext_window,13,ALDH1A1|CBX7|CSPG4|DCN|FASN|INHBB|MYC|NCAM1|TLR2|EGFR|MET|ITGA3|ITGB1," genes and Cancer-Associated Fibroblast (CAF) infiltration levels (see Table S5 for detailed results). The agreement between single-cell data and bulk tissue analysis strongly highlights the pivotal role of CAFs in the biology of our identified gene signature.Figure 8Tumor microenvironment cell states and hub genes’ expression (scRNA-seq). (A) The UMAP shows 8 cell populations along with feature plots for 8 hub genes, including ALDH1A1, CBX7, CSPG4, DCN, FASN, INHBB, MYC, and NCAM1. (B) The expr",Y,include
41388608,PMC13238752,Tumor-stromal crosstalk and macrophage enrichment are associated with chemotherapy response in bladder cancer.,2026,extracted,high,fulltext_window,3,CXCL1|CXCL5|CXCL8,"confirmed overexpression of immunomodulating markers including checkpoints PD‐L1 and PD‐L2 in Non‐Responder cancer cells upon Gem/Cis treatment. Using TCGA bladder cancer data, the transcriptomic gene set was further validated revealing a prognostic signature associated with patients' outcome. These findings uncover a novel mechanism of chemotherapy resistance in bladder cancer driven by tumor–stromal interactions and macrophage recruitment and suggest that targeting macrophage infiltration may ",Y,include
41507856,PMC12882559,"MXRA8, a key palmitoylation-related gene, promotes bladder cancer progression via remodeling tumor microenvironment and predicts poor prognosis.",2026,extracted,high,fulltext_window,9,SERINC5|CARD11|PPL|FAM3D|MXRA8|CSPG4|IGFBP3|TSPAN8|SERPINB7,"ulation of this pathway by regulating the membrane localization of glycosyltransferase, providing a potential mechanism for the difference in prognosis of PRG subtypes [34].Another important contribution was the construction and validation of a PRGs risk score model containing nine genes (SERINC5, CARD11, PPL, FAM3D, MXRA8, CSPG4, IGFBP3, TSPAN8 and SERPINB7). Current prognostic models of BLCA are mostly based on single molecular types (such as lncRNA, methylation sites) [35, 36]. However, this ",Y,include
41582171,PMC12914921,Exploration of neutrophil-associated genes in the prognosis of bladder urothelial carcinoma based on a machine learning and multi-omics data integration framework.,2026,extracted,high,fulltext,3,TOR1AIP2|TCIRG1|SLC2A3,"Ultimately, a risk model consisting of 6 genes (TOR1AIP2, TCIRG1, SLC2A3, SLC9A3R1, MAFG, and DEDD2) was established.",Y,include
41668898,PMC12885747,Revealing the function and mechanism of piRNA-related genes in bladder cancer through single-cell sequencing and methylation analyses and construction of prognostic features based on consensus clustering.,2026,extracted,high,abstract,3,MAPK13|INHBA|LAMB2,"A prognostic model comprising MAPK13, INHBA, and LAMB2 was constructed using consensus clustering technology.",Y,include
41685329,PMC12891155,Transcriptome and single-cell RNA sequencing analysis with 101 machine learning combinations and experimental verification reveals the mechanism of action of mannose metabolism in bladder cancer.,2026,extracted,high,fulltext_window,4,PFKFB4|CALR|SLMAP|TMTC1,"mune contexture. Our macrophage-centric communication patterns and stromal enrichments in the high-risk group mirror these findings, positioning mannose-linked genes within similar ecological niches (61, 62). Notably, PFKFB4—another core gene in our signature—further links to this TME ecosystem by mediating cancer metabolic rewiring and hypoxia resilience. Its regulation of glycolysis likely provides the metabolic foundation for the macrophage-biased TME observed in high-risk groups (63). Additi",Y,include
41715136,PMC13032607,"Single-cell transcriptomic analysis and machine learning identify ATAD3A as a key gene that stabilizes mitochondrial-endoplasmic reticulum membranes, promoting bladder cancer progression.",2026,extracted,high,fulltext,4,ACSL4|ATAD3A|FUNDC1|PSEN2,"This analysis identified four key genes (ACSL4, ATAD3A, FUNDC1, and PSEN2) for the MAM signature.",Y,include
41727459,PMC12920588,Prognostic significance of calcium signaling-related genes in bladder cancer and the role of ATP2B4 in regulating mitochondrial calcium ion levels via the VDAC1/MCU pathway.,2026,extracted,high,abstract,6,ATP2B4|BDKRB2|EDNRA|PDGFRA|EGFR|ADCY7,"A prognostic signature containing six genes (ATP2B4, BDKRB2, EDNRA, PDGFRA, EGFR, and ADCY7) was ascertained to anticipate the overall survival of BLCA.",Y,include
41794187,,"Unraveling the connection between PFOA and bladder cancer: A study integrating network toxicology, molecular docking, and experimental validation.",2026,excluded,missing,none,0,,16-gene list not provided in accessible abstract/full text,N,include
41836296,PMC12982390,FAM-related prognostic molecular subtype screening identified epithelial-derived MAOA-inhibiting bladder cancer.,2026,extracted,high,abstract,4,PATZ1|TTC6|AEBP1|MAOA,"The FAMR signature comprising PATZ1, TTC6, AEBP1, and MAOA was established.",Y,include
41862905,PMC13126897,A machine learning-based epigenetic signature reveals YTHDC1 stabilizes POU5F1 to oppose tumor progression.,2026,extracted,high,fulltext_window,6,YTHDC1|SIRT6|PCGF5|HDAC6|CREBZF|ATF7IP2,"n reported to have satisfactory efficacy [24]. Still, these studies lack functional validation of candidate genes or external validation across cohorts. In this study, by screening epigenetic-related genes in TCGA and enumerating the combinations, a signature was constructed and validated across four completely independent datasets. The signature outperformed previously reported models and other machine learning algorithms. It reflected clinical, genetic and transcriptomic heterogenety of bladde",Y,include
42164400,PMC13184187,Bioinformatics analysis and experimental approach identify BRD-family gene DSP as a diagnostic and prognostic indicator in bladder cancer.,2026,extracted,high,fulltext,7,DSP|DSC2|HSPG2|GJA1|TXNRD1|PCDHGC3|PEG10,"Seven key genes (DSP, DSC2, HSPG2, GJA1, TXNRD1, PCDHGC3, PEG10) were retained to establish the risk model within the TCGA-BLCA training cohort.",Y,include
42220482,PMC13218921,Identification of succinylation-related genes in bladder cancer: integration of single-cell and transcriptomic data.,2026,extracted,high,abstract_window,3,KCTD16|CD3D|GSDMB,"namic expression patterns of the core genes. Finally, the expression profiles and functional roles of the core genes were validated using RT-qPCR and CCK-8 proliferation assays in vitro.KCTD16, CD3D and GSDMB were identified as prognostic genes. The risk score derived from these genes, in combination with age and N stage, was incorporated into a risk model that exhibited robust predictive accuracy (AUC > 0.7). Expression of these genes differed significantly between non-muscle-invasive and muscl",Y,include
42251607,PMC13309580,Integrative multi-omics identifies a glycosylation-based prognostic framework and nominates ALG3 for targeted therapy in bladder cancer.,2026,extracted,high,fulltext_window,6,CD274|CTLA4|POLE2|MCM6|FAP|LOXL2,", the higher the risk score (Fig. 4A). These results suggest that the risk signature of glycosylation-related mRNAs is positively correlated with the clinicopathological characteristics of BCLA patients. Next, we explored the correlation between the risk score and the immune milieu and found that the risk score was correlated with fibroblasts (Fig. 4B). Further investigation revealed that the risk score was positively correlated with the expression of key genes involved in immune checkpoint inhi",Y,include
42279297,PMC13255594,Abnormal Sialylation Promotes Chemotherapy Resistance in Bladder Cancer via the PI3K-AKT-mTOR Signaling Pathway.,2026,extracted,high,fulltext_window,5,ST3GAL5|ST3GAL6|SIGLEC6|SIGLEC10|B3GALT2,"d into three subtypes: C1, C2, and C3. Survival differences among the subtypes were analyzed using the Kaplan–Meier method and log rank test, and the tumor microenvironment scores were merged with the subtype results by sample ID for comparison. For prognostic model construction, TCGA samples were randomly divided into training and validation sets at a 7:3 ratio using the caret package. In the training set, univariate Cox regression was first performed with a threshold of p < 0.05, followed by L",Y,include
42319469,,Single-cell transcriptomics identifies key immune-suppressive cells and their driver genes in the bladder cancer microenvironment with prognostic implications.,2026,extracted,high,abstract,6,TMEM74B|ABCC9|FCMR|ALG9|SUSD2|ETV7,"A prognostic model established using myCAF-related signature genes (TMEM74B, ABCC9, FCMR, ALG9, SUSD2, and ETV7) exhibited stable predictive performance in both training and validation cohorts, with SUSD2 identified as a risk-related gene.",N,include
42371282,,Targeting macrophage-associated core genes for prognostic prediction and therapeutic insights in bladder cancer.,2026,extracted,high,abstract,3,ANXA1|ST3GAL5|VIM,"Furthermore, key genes in the prognostic model were validated using PCR, Western blot, and immunohistochemistry.This study identified 11 core genes significantly associated with macrophages and developed a risk prediction model based on ANXA1, ST3GAL5, and VIM.",N,include
42436233,,Associations between the intratumoral microbiome and the host transcriptome in bladder cancer and their implications for prognostic prediction.,2026,extracted,high,abstract,4,SLC1A6|BCHE|TXNRD1|CFL2,"Through LASSO regression, we constructed and externally validated a Methylobacterium-associated four-gene prognostic signature (SLC1A6, BCHE, TXNRD1, CFL2).",N,include
42555166,,Integrated Immunological Analysis of Interactions Between CXCL13+ T Cells and LAMP3+ DC in the Immunotherapy Response of Bladder Cancer.,2026,extracted,high,abstract_window,10,CXCL13|LAMP3|CD4|TSHZ2|ALOX5AP|GADD45G|TXN|CHN1|CCL19|ICA1,"tients, 113,905 post-quality-control cells) and spatial transcriptomics to characterize CXCL13+ T cell/LAMP3+ DC subsets, their differentiation pathways (via Velocyto trajectory analysis), and intercellular crosstalk (via receptor-ligand mapping). A risk model (DTscore) was constructed using marker genes of these cells and validated in the IMvigor210 (atezolizumab-treated bladder cancer) and TCGA-BLCA cohorts. scRNA-seq clustering identified 10 immune and 3 nonimmune cell types, with T cells str",N,include
