pmid,doi,year,journal,title,abstract,pubtypes,authors,revision_screening_reasons
42371282,10.1007/s12672-026-05338-w,2026,Discover oncology,Targeting macrophage-associated core genes for prognostic prediction and therapeutic insights in bladder cancer.,"The study aims at investigating the function of macrophage-related genes (MRGs) within the bladder cancer immune microenvironment and exploring their potential value in prognosis prediction and therapeutic decision-making.This study integrated bladder cancer transcriptomic data from the TCGA and GEO databases along with single-cell RNA sequencing (scRNA-seq) data to systematically identify key MRGs. Differential expression analysis, weighted gene co-expression network analysis (WGCNA), and single-cell sequencing analysis served for screening for core MRGs. The results from LASSO Cox regression analysis were used for constructing a survival risk prediction model, together with the evaluation of the model's predictive accuracy. Besides, core MRGs were subjected to immune cell infiltration and drug sensitivity analyses for the elucidation of their roles in immune regulation and therapeutic response. Furthermore, key genes in the prognostic model were validated using PCR, Western blot, and immunohistochemistry.This study identified 11 core genes significantly associated with macrophages and developed a risk prediction model based on ANXA1, ST3GAL5, and VIM. The model demonstrated moderate predictive performance across all samples (AUC = 0.682), indicating potential utility for patient stratification. Immune analysis revealed that high-risk patients exhibited a distinctly immunosuppressive tumor microenvironment (TME), characterized by increased infiltration of M2 macrophages and neutrophils, along with a significant reduction in effector immune cells of CD8⁺ T cells and NK cells. Additionally, high-risk patients displayed greater sensitivity to targeted therapies but reduced sensitivity to conventional chemotherapy. According to in vitro and in vivo experiments, ST3GAL5 overexpression significantly promoted bladder cancer cell proliferation and tumor growth, underscoring its potential role in tumor progression.This study highlights the crucial impact of MRGs on the TME of bladder cancer and constructs a risk prediction model with moderate predictive performance that may assist in patient stratification, although further validation in independent cohorts is required.© 2026. The Author(s).",Journal Article,Liu H; Chu Y; Hou J; Wang Y; Li J; Qin J; Liang P; Liao G; Gu P; Liu X,single_gene_mechanistic
42279297,10.3390/cancers18111713,2026,Cancers,Abnormal Sialylation Promotes Chemotherapy Resistance in Bladder Cancer via the PI3K-AKT-mTOR Signaling Pathway.,"Aberrant glycosylation is closely associated with tumor progression, changes in the tumor microenvironment, and chemoresistance. This study aimed to identify prognostic sialylation-related genes in bladder cancer and define the role of ST3GAL6 in gemcitabine-cisplatin resistance.Molecular subtype analysis, prognostic analysis, and risk model construction were performed for sialylation-related genes using transcriptomic data and clinical information from the TCGA database. GC-resistant bladder cancer cell models were established for transcriptomic sequencing and untargeted metabolomic analysis. Cell proliferation and drug sensitivity assays were performed to evaluate the function of ST3GAL6. The regulatory relationship between IGF2BP3, ST3GAL6, and the PI3K pathway was further assessed by combining database analysis with molecular experiments.Sialylation-related molecular patterns were associated with patient prognosis and tumor microenvironment features, particularly fibroblast-related characteristics, in bladder cancer. The key model gene ST3GAL6 was upregulated in bladder cancer tissues and was closely associated with prognosis. In GC-resistant bladder cancer cells, ST3GAL6 expression was significantly increased and accompanied by enhanced sialylation activity. ST3GAL6 promoted bladder cancer cell proliferation and reduced sensitivity to cisplatin and gemcitabine, at least in part through the PI3K-AKT-mTOR pathway. IGF2BP3 was also upregulated in resistant cells, is positively correlated with ST3GAL6, and may help maintain ST3GAL6's expression by stabilizing its mRNA.Our findings suggest that aberrant sialylation is involved in bladder cancer progression and GC resistance. The IGF2BP3-ST3GAL6-PI3K/AKT/mTOR signaling axis may contribute to this process and may serve as a potential biomarker and therapeutic target in bladder cancer.",Journal Article,Zhu J; Wang A; Tong H; Sun Y; Li T; Wu L; Zhang X; Qin Z; He W,single_gene_mechanistic
42002631,10.1007/s00345-026-06406-0,2026,World journal of urology,A molecular landscape tracking the progression of non-muscle invasive bladder cancer.,"We aim to report transcriptomic biomarkers derived from available open-access studies that can reliably monitor the progression of bladder tumors from non-invasive (non-muscle-invasive bladder cancer, NMIBC) to invasive stages (muscle-invasive bladder cancer, MIBC) of bladder cancer, as well as within the different stages of NMIBC. These biomarkers hold exciting potential for use in clinical settings, offering valuable insights for both diagnosis and prognosis.A comprehensive literature review on bladder cancer studies was conducted in primary bibliographic databases, selecting gene expression studies that illustrate bladder tumor progression, either alone or within gene-set datasets.A plethora of dysregulated gene expression signatures guide the evolution of bladder cancer through its progressive forms and predict the oncological outcomes for cancer patients. The oncotarget genes and abnormalities in the mitotic spindle play a significant role in promoting tumor development and progression. At the cellular level, substantial tumor morphological changes in the urothelium and extracellular matrix support this process.The molecular snapshot of biomarkers reflects the heterogeneity of bladder tumors during their progression. Despite this relevance, none of these biomarkers has yet been implemented in the clinical management of bladder cancer. However, this evidence supports their potential future clinical utility for stratifying bladder cancer patients and aiding the development of targeted drug therapies.The online version contains supplementary material available at 10.1007/s00345-026-06406-0.",Journal Article; Review,Cesta G; Zolfanelli C; Lauciello V; Lorusso V; Di Giacomo F; Mazzone P; D'Amore T; Di Paola G; Bravoco D; Falco G,publication_type; not_signature_model
42079608,10.3389/fimmu.2026.1763443,2026,Frontiers in immunology,Identification of a migrasome-related lncRNA signature and its prognostic and immunological role in bladder cancer.,"Bladder cancer (BLCA) is a highly heterogeneous malignancy with considerable variability in clinical outcomes. Reliable biomarkers for prognosis and treatment guidance remain urgently needed. Migrasomes, recently identified cellular organelles involved in intercellular communication, have been implicated in cancer progression, yet their associated long non-coding RNAs (lncRNAs) and prognostic relevance in BLCA remain unclear.We integrated transcriptomic and clinical data from The Cancer Genome Atlas (TCGA) to identify migrasome-related lncRNAs through co-expression analysis. A prognostic signature was constructed using univariate Cox, LASSO, and multivariate regression analyses. Patients were stratified into high- and low-risk groups across training, validation, and entire cohorts. Kaplan-Meier survival, ROC curves, PCA, and Cox analyses were used for validation. Functional annotation was conducted via GO, KEGG, and GSEA. Immune infiltration and tumor microenvironment features were evaluated using ESTIMATE and CIBERSORT, while tumor mutation burden (TMB), immune escape potential, and drug sensitivity were also analyzed. Single-cell RNA sequencing (scRNA-seq) analysis delineated cellular heterogeneity and intercellular communication patterns related to the risk signature in the BLCA microenvironment. Finally, experimental validation of SEC24B-AS1, a key lncRNA within the model, was performed through qRT-PCR, CCK-8, colony formation, and migration assays to confirm its biological relevance.A robust prognostic signature comprising migrasome-related lncRNAs was established, effectively distinguishing patients into high- and low-risk groups with significantly different survival outcomes. The signature remained an independent prognostic factor after multivariate adjustment. Functional enrichment analyses revealed marked biological distinctions between the two groups. Immune profiling showed higher immune and stromal scores in high-risk patients, together with distinct immune cell composition and function. High-risk tumors also exhibited elevated TMB and increased immune evasion potential. Drug sensitivity analysis identified compounds with differential responses between risk subgroups. Single-cell transcriptomic analysis indicated that the signature reflects cellular heterogeneity and intercellular communication patterns within the BLCA microenvironment. Experimental validation of SEC24B-AS1, a key lncRNA in the model, demonstrated its impact on tumor cell proliferation and migration, supporting the biological relevance of the prognostic signature in BLCA.This study presents a novel migrasome-related lncRNA signature that independently predicts survival in bladder cancer and reflects the tumor immune landscape.Copyright © 2026 Shen, Wang, Li, Guan, Zhang, Li, Zhang, Liu, Tian and Shang.",Journal Article,Shen J; Wang C; Li T; Guan H; Zhang M; Li R; Zhang Y; Liu L; Tian J; Shang Z,non_mrna_feature
41862905,10.1186/s12967-026-08010-7,2026,Journal of translational medicine,A machine learning-based epigenetic signature reveals YTHDC1 stabilizes POU5F1 to oppose tumor progression.,"BACKGROUND: The prognosis and progression mechanisms of bladder cancer (BLCA) are highly heterogeneous, driven by complex genetic and epigenetic alterations. This study aimed to construct a robust prognostic signature using epigenetic modification-related genes and to investigate the underlying molecular mechanisms driving its predictive power. METHODS: We developed a prognostic signature by applying a machine learning-based approach to screen epigenetic genes in the TCGA (The Cancer Genome Atlas)-BLCA cohort. Its performance was rigorously evaluated against 101 other machine learning algorithms and 110 previously published signatures across four independent validation datasets (IMvigor210, E-MTAB-4321, GSE31684, GSE48075). Associations with clinical, genetic, and transcriptomic features were analyzed. Immune infiltration, cell-cell interactions, and drug responses were assessed using both bulk and single-cell RNA-seq data. The functional role of a key signature gene, YTHDC1 (YTH Domain-Containing 1), was investigated through in vitro assays. RESULTS: A six-gene epigenetic signature was constructed. It significantly stratified patients into high- and low-risk groups with distinct overall survival (median survival 20.5 vs. 86.8 months, HR = 2.12, p = 7.7e-7). Our signature demonstrated superior predictive accuracy (C-index and 1-year AUROC) compared to other models. High-risk scores correlated with adverse clinical features (e.g., advanced stage), elevated PD-1/PD-L1, higher genomic instability, and immunosuppressive microenvironments. Single-cell analysis revealed altered T-cell interactions in high-risk cases. Mechanistically, YTHDC1 was shown to bind and stabilize POU5F1 (OCT4) mRNA, thereby inhibiting proliferation and migration in BLCA cell lines (T24, 5637). This anti-tumor effect was dependent on POU5F1. CONCLUSION: The machine learning-derived epigenetic signature is a robust indicator of BLCA heterogeneity across multiple dimensions. YTHDC1, a core component, inhibits cancer progression by stabilizing POU5F1 mRNA, highlighting a novel regulatory axis.",Journal Article,Fang C; Dai J; Weng Z; Zhang L; Xing Y; Liu D; Wu H; Li X; Liu Q; Su G,not_bladder; single_gene_mechanistic
41668898,10.1097/CU9.0000000000000306,2026,Current urology,Revealing the function and mechanism of piRNA-related genes in bladder cancer through single-cell sequencing and methylation analyses and construction of prognostic features based on consensus clustering.,"This study aimed to explore the functions and potential mechanisms of PIWI-interacting RNA-related genes (piRPGs) in bladder cancer (BC) development and to identify potential prognostic genes.This study used differential analysis and machine learning techniques to identify the differentially expressed piRPGs in BC. Consensus clustering was performed on The Cancer Genome Atlas-Urothelial Bladder Carcinoma dataset, and univariate and multivariate analyses were conducted to construct a BC prognostic model consisting of 3 piRPGs. Kaplan-Meier survival curves were used for survival analysis. Quantitative polymerase chain reaction was performed to validate the expression levels of piRPGs in BC cells and tissues. The functional roles and potential mechanisms of piRPGs in BC were investigated via single-cell sequencing and differentially methylated position sequencing. The DSigDB and CellMiner databases were used to screen for small-molecule drugs associated with piRPGs.This study identified 6 piRPGs that were significantly associated with BC: MAPK13, INHBA, LAMB2, DDX3X, TARBP2, and CDK2. A prognostic model comprising MAPK13, INHBA, and LAMB2 was constructed using consensus clustering technology. Kaplan-Meier curves demonstrated significantly prolonged survival in cluster 2 compared with cluster 1 (p < 0.01), validating the effectiveness of the prognostic model. Single-cell sequencing confirmed that MAPK13 expression was significantly upregulated in bladder tissues (p < 0.001). Methylation site sequencing and methylation-specific polymerase chain reaction revealed significantly decreased methylation levels of INHBA and MAPK13 in BC tissues, which were inversely correlated with their expression levels.This study effectively developed a 3-gene prognostic signature comprising MAPK13, INHBA, and LAMB2 using consensus clustering and multifactorial logistic regression. In addition, the functional roles and intrinsic mechanisms of piRPGs in bladder carcinogenesis were comprehensively explored using single-cell sequencing, methylation sequencing, and functional enrichment analysis.Copyright © 2025 The Authors. Published by Wolters Kluwer Health, Inc.",Journal Article,Sun X; Jia D; Song X; Jiang Y; Wu F; Ning H; Lyu J,non_mrna_feature
41809777,10.21037/tau-2025-1-970,2026,Translational andrology and urology,Development and validation of a gemcitabine sensitivity-related long noncoding RNA signature for predicting the prognosis and subtypes of bladder cancer.,"Bladder cancer (BLCA) is a common urogenital malignancy with significant heterogeneity, and gemcitabine serves as a key chemotherapeutic agent for BLCA. This study examined gemcitabine sensitivity-related long noncoding RNA (GSRlncRNA) in BLCA and constructed a prognostic signature.Gene expression and clinical data were obtained from The Cancer Genome Atlas (TCGA) and Gene Expression Omnibus (GEO) databases. The gemcitabine sensitivity of BLCA samples was quantitatively calculated. Using weighted gene coexpression network analysis (WGCNA), we analyzed the role of GSRlncRNA in BLCA. We developed a prognostic signature using machine learning algorithm integration, with the TCGA-BLCA cohort (n=405) serving as the training set and GSE31684 (n=93) serving as the validation cohort. Patients were stratified into low- and high-risk groups based on risk scores. Comparative analyses included prognosis, immune infiltration, mutational profiles, and pathway enrichment. Single-cell RNA sequencing (scRNA-seq) and in vitro experiments further validated the expression and functional roles of GSRlncRNA in BLCA.GSRlncRNAs were identified via WGCNA. The partial least squares regression for Cox (plsRcox) was selected as the optimal modeling approach. A prognostic signature comprising 37 GSRlncRNAs effectively stratified patients into distinct risk groups, which demonstrated significant differences in survival outcomes, pathway enrichment, immune infiltration, and mutational profiles. To enhance clinical utility, a nomogram and web-based calculator were developed. scRNA-seq clarified the critical roles of LINC00930 and EMX2OS in BLCA progression. Real-time quantitative polymerase chain reaction confirmed the differential expression of GSRlncRNA in BLCA compared to that in normal tissues. Functional assays demonstrated that LINC00930 and EMX2OS suppression impaired BLCA cell proliferation, migration, invasion, apoptosis, cell cycle, and gemcitabine sensitivity.We identified critical prognostic associations between GSRlncRNAs and BLCA. Based on these findings, we constructed a GSRlncRNA-based predictive signature, which demonstrated considerable potential for risk stratification and personalized treatment decisions. Functional experiments further validated the involvement of GSRlncRNAs in BLCA progression.© AME Publishing Company.",Journal Article,Liu J; Tang X; Cui Y; Yang X; Yang Y; Du P,non_mrna_feature
41715136,10.1186/s12967-026-07857-0,2026,Journal of translational medicine,"Single-cell transcriptomic analysis and machine learning identify ATAD3A as a key gene that stabilizes mitochondrial-endoplasmic reticulum membranes, promoting bladder cancer progression.","Mitochondria-associated endoplasmic reticulum membranes (MAM) play a critical regulatory role in cancer, yet their function in bladder cancer (BCa) remains unclear.This study conducted a comprehensive analysis of extensive RNA sequencing and single-cell transcriptomic data. A MAM risk feature model was constructed and evaluated using LASSO-Cox regression, Kaplan-Meier survival curves, and receiver operating characteristic (ROC) analysis. Cell communication networks were decoded using CellChat, and tumor-infiltrating immune cells were quantified through CIBERSORT. Machine learning, OncoPredict, Scissor algorithm, and spatial transcriptomics were employed to analyze chemical reactions. The tumor-promoting functions and molecular mechanisms of ATAD3A were validated through cell and animal models, as well as transmission electron microscopy and fluorescence confocal microscopy.This study systematically delineates the gene expression profile of MAM in BCa and constructs a robust MAM prognostic signature that effectively predicts poor patient outcomes. A high MAM score is significantly associated with an immunosuppressive microenvironment and chemotherapy resistance. Using machine learning, we developed a random forest model that successfully identified ATAD3A as a key gene predicting cisplatin resistance, which is significantly correlated with platinum resistance at both single-cell and spatial transcriptomic levels. Further validation shows that ATAD3A is highly expressed in BCa tissue, and its knockdown significantly suppresses tumor growth. Mechanistically, ATAD3A maintains MAM structural integrity, regulates mitochondrial calcium homeostasis and membrane potential, thereby promoting cellular homeostasis and enhancing chemotherapy resistance.This study connects MAM to BCa chemotherapy resistance through machine learning and multi-omics analysis, establishing ATAD3A as a prognostic biomarker and potential therapeutic target in BCa.© 2026. The Author(s).",Journal Article,Zhang H; Han S; Su Z; Zheng Z; Ru D; Xu B; Jiang X; Zhao F,single_gene_mechanistic
41656395,10.1007/s10142-025-01807-7,2026,Functional & integrative genomics,The BCAA metabolism-related gene BCAT1 promotes the progression of bladder urothelial carcinoma through the PI3K/AKT/mTOR signalling pathway.,"The role and molecular mechanisms of branched-chain amino acid (BCAA) metabolism in bladder urothelial carcinoma (BLCA) have not been fully elucidated. In this study, genes associated with BCAA metabolism were identified and analysed. Based on the TCGA-BLCA dataset, BCAA metabolism-related clusters were established. The analysis revealed significant differences among clusters in terms of survival outcomes, biological functions, and immune infiltration. Hub genes were identified using Cox and LASSO regression analyses, leading to the construction of a four-gene prognostic model that included BCAT1. Patients were categorised into high- and low-risk groups, with the high-risk group showing a markedly higher risk of mortality. Key module genes were determined through weighted gene coexpression network analysis, and BCAT1 was ultimately identified as the core gene involved in BCAA metabolism. High BCAT1 expression was strongly associated with poor prognosis. Single-cell RNA sequencing data revealed that BCAT1 was highly expressed in malignant epithelial cells and correlated with the immune microenvironment. Experimental validation demonstrated that BCAA uptake and metabolism were enhanced in BLCA and that BCAT1 upregulation promoted tumour progression and epithelial-mesenchymal transition by activating the PI3K/AKT/mTOR pathway. Molecular docking and virtual screening further identified folic acid as a compound capable of binding to the BCAT1 protein and inhibiting the migration and invasion of BLCA cells. In conclusion, this study demonstrates that BCAT1 plays a pivotal role in BLCA progression by regulating the PI3K/AKT/mTOR pathway, suggesting its potential as a novel therapeutic target for BLCA.",Journal Article,Xin S; Li G; Zhao L; Su J; Li R; Qin W; Zhang Z; Wang C; Zhu Y; Feng L,single_gene_mechanistic
41533176,10.1007/s12672-026-04440-3,2026,Discover oncology,Single-cell and immune-context integration identifies basement-membrane/metastasis signatures that sharpen bladder-cancer diagnosis and prognosis.,"Bladder cancer(BLCA) has a high recurrence rate and metastasis, and its process is closely related to basement membrane remodeling. we developed an interpretable prognostic model based on metastasis-basement membrane-related genes (MBRGs) to enhance clinical and personalized treatment strategies.Differentially expressed MBRGs from TCGA and GEO cohorts were analyzed. Prognostic genes were identified by univariate Cox and LASSO regression. A six-MBRG risk model was built and externally validated. SHAP analysis quantified feature contributions. Functional enrichment analyzed via GSEA and KEGG. Immune cell profiles estimated with CIBERSORT and ssGSEA. Immunotherapy response predicted using TMB, TIDE, and mutation frequency. Single-cell and spatial transcriptomics localized key genes to cancer-associated fibroblasts(CAFs).Through analysis of metastasis and basement membrane-associated DEGs, 18 candidate MBRGs were identified and refined via univariate Cox and SHAP to a 6-gene signature (SERPINF1, DDR2, SLIT2, HSPG2, ECM1, RECK). This signature demonstrated prognostic power with AUCs of 0.638-0.674 in TCGA and 0.602-0.742 in GEO cohorts. A clinical nomogram achieved an AUC of 0.827. The high-risk group exhibited elevated M2 macrophages and TIDE scores(a computational metric for predicting tumor immune evasion and immunotherapy response), whereas the low-risk group showed enriched CD8⁺ T cells. Drug assays indicated dasatinib sensitivity in low-risk patients, and LGK974, LY2109761, and Wnt-C59 in high-risk patients. Single-cell RNA-seq and IHC confirmed CAF-specific overexpression of DDR2 and SERPINF1.The MBRG-based model effectively predicts BLCA prognosis, integrates mechanisms of basement membrane remodeling, EMT, and immune suppression, and identifies DDR2 and SERPINF1 in CAFs as potential targets for personalized therapy.© 2026. The Author(s).",Journal Article,Chen J; Liu X; Ren R; Yi R; Zhang X; Xie C; Liu X; Long W,not_bladder
41507856,10.1186/s12894-026-02046-z,2026,BMC urology,"MXRA8, a key palmitoylation-related gene, promotes bladder cancer progression via remodeling tumor microenvironment and predicts poor prognosis.","OBJECTIVE: The objective of this study was to comprehensively characterize the expression profiles and prognostic significance of palmitoylation-related genes (PRGs) in bladder cancer (BLCA). METHODS: Transcriptomic, clinical, and somatic mutation data of BLCA patients were obtained from The Cancer Genome Atlas (TCGA) and the GEO dataset (GSE13507), and batch effects were corrected using the ComBat method. Consensus clustering was performed to identify PRG-related molecular subtypes. Prognostic differentially expressed genes (DEGs) were further used for gene subtyping, and a PRG-based prognostic risk model was constructed by applying the least absolute shrinkage and selection operator (LASSO) and multivariate Cox regression. CIBERSORT assessed immune infiltration, while scRNA-seq data from Tumor Immune Single-cell Hub (TISCH) analyzed core gene expression in cell clusters. The biological function of the core gene was validated by Reverse Transcription Quantitative Polymerase Chain Reaction (RT-qPCR), Western blotting, wound-healing, colony-formation, and EdU assays. RESULTS: Two distinct PRG-related molecular subtypes and two gene subtypes were identified. The nine core genes (including MXRA8) showed robust predictive performance (AUC > 0.7 for 1-, 3-, and 5-year overall survival) and was incorporated into a nomogram along with clinical parameters. MXRA8 was highly expressed in BLCA tissues at both transcript and protein levels and predominantly expressed in fibroblast and myofibroblast clusters. Functionally, silencing MXRA8 significantly suppressed BLCA cell proliferation, migration, and invasion. CONCLUSIONS: The PRG-based risk score serves as a robust and clinically applicable tool for prognostic evaluation and predicting chemotherapy response. Furthermore, MXRA8 may serve as a potential molecular hub for developing precision medicine–oriented therapeutic strategies in BLCA.",Journal Article,Wang H; Xiong Y; He T; He M; Deng J; Song D; Wang Z,single_gene_mechanistic
40816225,10.1016/j.tranon.2025.102490,2025,Translational oncology,Exosomal gene signature in esophageal carcinoma: Insights from single-cell and bulk RNA sequencing.,"Esophageal squamous cell carcinoma (ESCA) remains a lethal disease with few reliable biomarkers for early diagnosis or treatment selection. In this study, we combined bulk RNA-seq (TCGA-ESCA, GSE53625) and single-cell RNA-seq (GSE196756) data to derive and characterize an exosome-related gene signature. Using LASSO-Cox regression on 121 literature-curated exosomal genes, we established a nine-gene risk model that stratified ESCA patients into high- and low-risk groups with significantly different overall survival. This signature was validated computationally in two independent bulk cohorts and shown to correlate with established clinical parameters. Functional assays for one model component, HAPLN3, confirmed its tumor-suppressive role: HAPLN3 overexpression inhibited ESCA cell proliferation and promoted apoptosis. To explore immunotherapy relevance, we analyzed anti-PD-L1 response in the IMvigor210 bladder cancer cohort-chosen because of shared squamous histology and PD-L1 pathways-to show that low-risk patients exhibited higher response rates and longer survival. Finally, single-cell analysis mapped each signature gene to specific tumor microenvironment compartments, and integrative genomic profiling linked risk scores to copy number variation and DNA methylation changes. Together, our findings define a functionally informed exosomal biomarker panel for ESCA prognosis and suggest its potential to guide immunotherapy, with further validation in ESCA-specific immunotherapy cohorts underway.Copyright © 2025. Published by Elsevier Inc.",Journal Article,Li H; Huang P; Wang Y; Zhang M; Gao D,not_bladder
41230155,10.21037/tau-2025-528,2025,Translational andrology and urology,Identification of molecular subtypes and prognostic risk model of glucocorticoid-related lncRNAs in bladder cancer to evaluate prognosis and immunological characteristics.,"Bladder cancer (BC) heterogeneity presents significant challenges in prognosis and personalized therapy. Long non-coding RNAs (lncRNAs) have been increasingly considered to be critical regulatory elements in tumor biology, and glucocorticoids exert complex effects on tumor biology. This investigation aimed to recognize glucocorticoid-related lncRNAs (GR-lncRNAs) and construct a prognostic signature for BC, elucidating their roles in subtype identification, prognosis, and immune characteristics.We retrieved messenger RNA (mRNA) expression profiles, mutation information, and clinical data for BC from The Cancer Genome Atlas (TCGA) repository. Glucocorticoid-associated genes were identified from GeneCards. Differentially expressed GR-lncRNAs were screened employing limma and Spearman correlation. We utilized univariate Cox regression, the least absolute shrinkage and selection operator (LASSO) method, and multivariate Cox regression analyses to generate the prognostic signature. We performed immune infiltration analysis [single-sample gene set enrichment analysis (ssGSEA), CIBERSORT, ESTIMATE, immunophenoscore (IPS), and Tumor Immune Dysfunction and Exclusion (TIDE)], enrichment analysis [gene set enrichment analysis (GSEA), Gene Ontology (GO), and Kyoto Encyclopedia of Genes and Genomes (KEGG)], tumor mutational burden (TMB) assessment, and drug sensitivity prediction. Furthermore, molecular subtypes relying on GR-lncRNAs were classified through non-negative matrix factorization (NMF) clustering.Seven GR-lncRNAs were identified to establish a prognostic framework with strong predictive capability. Patients with high-risk status had significantly unfavorable survival prognoses, higher immune checkpoint (ICP) expression, and suppressed immune infiltration. Functional enrichment analysis revealed distinct biological processes (BPs) and pathways between risk groups. Two molecular subtypes based on these lncRNAs displayed divergent survival patterns and immune profiles, indicating potential therapeutic implications.Our study presents a novel GR-lncRNA-based prognostic model and molecular subtypes for BC, providing valuable insights into disease heterogeneity and offering potential biomarkers for improved prognostic assessment and personalized therapeutic strategies.Copyright © 2025 AME Publishing Company. All rights reserved.",Journal Article,Yu L; Gao S; Li D; Chen X,non_mrna_feature
41230137,10.21037/tau-2025-365,2025,Translational andrology and urology,"Integrating transcriptomics, single-cell omics, and deep learning-based histopathological features to identify OLFML3 in bladder cancer.","Bladder cancer (BCa) represents the most common malignancy of the urinary system, characterized by a high recurrence rate, with approximately 61% of patients experiencing recurrence within 1 year post-surgery. Current monitoring methods, such as cystoscopy and urine cytology, are constrained by low sensitivity and patient discomfort. This study employed multi-omics data to investigate the role of OLFML3 in BCa recurrence, with the aim of enhancing the accuracy of recurrence prediction and improving clinical management.This study utilized RNA sequencing (RNA-seq) data and clinical information from The Cancer Genome Atlas (TCGA) to analyze patients with BCa, stratifying them into relapse and non-relapse groups. Weighted gene co-expression network analysis (WGCNA) was performed to identify gene modules associated with 1-year BCa recurrence. Subsequently, univariate Cox regression and least absolute shrinkage and selection operator (LASSO) Cox regression analyses were conducted to select eight prognostic genes, and a risk model was developed and validated in both TCGA and Gene Expression Omnibus (GEO) datasets. Additionally, single-cell RNA sequencing (scRNA-seq) data from Guangdong Provincial Second People's Hospital were analyzed to evaluate gene expression across high and low tumor stromal BCa subtypes and explore the relationship between the expression of these eight genes and clinical features. A deep learning model based on the ResNet50 architecture was developed to predict OLFML3 expression in hematoxylin and eosin-stained images. Statistical analysis was performed using R software (version 4.4.2), with significance set at P<0.05.WGCNA identified gene modules associated with BCa recurrence, with the red module exhibiting a significantly positive correlation with recurrence status. Through univariate and LASSO Cox regression analyses, we selected eight prognosis-related genes. Kaplan-Meier survival analysis demonstrated that these genes effectively differentiated between high- and low-risk groups, with statistically significant survival differences observed in both TCGA and GEO datasets. Further Kaplan-Meier survival analysis of each of the eight genes indicated that high OLFML3 expression was associated with lower survival rates. scRNA-seq revealed differential expression of OLFML3 between high and low tumor stromal subtypes, suggesting that OLFML3 may be a key gene associated with 1-year BCa recurrence. High OLFML3 expression also correlated with BCa invasiveness, grade, and stage. Using a deep learning model based on BCa pathological features, we constructed a random forest (RF) model that successfully predicted high and low OLFML3 expression levels, providing novel insights for the clinical prognosis of BCa recurrence within 1 year.Multi-omics approaches effectively identified the OLFML3 gene as a critical factor potentially associated with 1-year BCa recurrence. Furthermore, a deep learning model based on pathological features was developed to predict OLFML3 expression. Further research is warranted to elucidate its role in BCa recurrence within 1 year.Copyright © 2025 AME Publishing Company. All rights reserved.",Journal Article,Dai F; He Y; Huang X; Lin K; Zheng Z; Qiu X,imaging_or_pathology
40631135,10.1101/2025.06.28.662140,2025,bioRxiv : the preprint server for biology,Intrinsic higher potency of basal urothelial cells to intermediate and umbrella cells as the cell of origin for bladder cancer.,"Transcriptome profiling of bladder cancer has revealed distinct basal-like and luminal-like molecular subtypes, which may be correlated with pathological subtypes of different patient outcomes. However, whether these molecular subtypes originate from the corresponding cell types in the normal urothelium and whether different cells of origin influence bladder cancer progression remain unclear. Here, we conducted cell-type-specific lineage tracing in CRISPR/Cas9-induced mouse bladder cancer models of Pten and Trp53 targeting. We show that although basal, intermediate, and superficial umbrella cells can all serve as the cell of origin for bladder cancer, transformed umbrella cells were gradually displaced by tumor cells from inner layers, particularly transformed basal cells, which had highest stemness. Histological and single cell RNA-sequencing data comparing basal- and intermediate-cell-induced bladder tumors revealed that basal-induced tumors displayed higher heterogeneity, and contained unique cell clusters including Krt14+Ki67+ highly proliferative basal cells, squamous cell carcinoma, and transitioning cells towards the Gata3+ luminal subtype. Trajectory analysis confirmed the cell lineage differentiation hierarchy uncovered in lineage tracing. Moreover, human bladder cancer molecular subtype signatures were highly enriched in mouse tumor cell clusters of the corresponding cell of origin, and a gene signature derived from the unique basal-induced clusters is predictive of worse patient outcome. Overall, our results support that the basal and luminal molecular subtypes of bladder cancer have the corresponding cells of origin as their basis, and that urothelial basal cells are intrinsically more competitive than intermediate and umbrella cells in generating aggressive bladder cancer subtypes.",Journal Article; Preprint,Yu C; Chu N; Aguirre A; Green J; Xie Q; Knudsen B; Wang ZA,no_clinical_endpoint
39690336,10.1007/s12094-024-03832-7,2025,Clinical & translational oncology : official publication of the Federation of Spanish Oncology Societies and of the National Cancer Institute of Mexico,Predictive significance of MPT-driven necrosis-related genes signature in gastric cancer and their impact on the tumor microenvironment.,"Gastric cancer (GC) presents significant management challenges. MPT-driven necrosis (MPTDN) plays a significant role in various conditions, but its connection with GC is unclear. This study aimed to investigate the predictive significance of MPTDN-related genes (MPTDNRGs) in GC and their effect on the tumor immune microenvironment (TIME).RNA sequencing data for GC were sourced from TCGA and GEO databases. The mutation profiles and MPTDNRG expression between tumor and normal samples were assessed. Prognostic mRNAs were identified using univariate Cox regression and LASSO regression. GC patients were classified into high- and low-risk groups according to risk scores, followed by survival analysis and evaluation of correlations between MPTDN score and clinicopathological features, functional pathway, TIME, and responses to immunotherapy.MPTDNRGs exhibited a 64% mutation rate in GC, with 22 showing significant expression differences. Univariate Cox and LASSO regression identified 15 independently prognostic MPTDNRGs. The prognostic risk model stratified patients into two groups, revealing significant differences in overall and disease-free survival. A nomogram incorporating the signature and clinical characteristics showed strong specificity and sensitivity in predicting prognosis. The MPTDN score was significantly associated with clinical characteristics, functional pathways, and TIME. scRNA-seq analysis indicated higher MPTDN-signature expression in CD8 + T cells, malignant cells, and myofibroblasts. TIDE analysis suggested high-risk patients have reduced responses to immunotherapy, while low-risk patients could benefit more. Importantly, validation using urothelial carcinoma data confirmed a better prognosis for low-risk patients with immunotherapy.This study highlights the importance of MPTDN-related signatures in predicting GC prognosis and guiding therapeutic decisions.© 2024. The Author(s), under exclusive licence to Federación de Sociedades Españolas de Oncología (FESEO).",Journal Article,Huang S; Huang L; Jiang Q; Jiang C; Guo G,not_bladder
40574864,10.3389/fimmu.2025.1604394,2025,Frontiers in immunology,Comprehensive analysis of single-cell and bulk RNA sequencing data reveals an EGFR signature for predicting immunotherapy response and prognosis in pan-cancer.,"Immune checkpoint inhibitors (ICIs) have changed the paradigm of cancer treatment, but their effectiveness in some patients with epidermal growth factor receptor (EGFR) mutations is unsatisfactory. Therefore, it is necessary to develop a new biomarker for combined immunotherapy strategies to maximize the clinical benefits.We collected and investigated 34 pan-cancer scRNA-Seq cohorts from The Cancer Genome Atlas (TCGA) and 10 bulk RNA-Seq cohorts utilizing multiple machine learning (ML) algorithms to identify and verify a representative EGFR-related gene signature (EGFR.Sig) as a predictive biomarker for immunotherapy response. Core genes were identified as Hub-EGFR.Sig to predict the prognosis of cancers and to understand the crosstalk between EGFR and the tumor immune microenvironment (TIME).EGFR.Sig can accurately predict the ICI response with an AUC of 0.77, demonstrating superior predictive performance compared to previously established signatures. Twelve core genes in EGFR.Sig were identified as Hub-EGFR.Sig, of which 4 immune resistance genes were previously verified in different CRISPR cohorts. Notably, the prognosis most related to Hub-EGFR.Sig was bladder cancer, which can be divided into two clusters with different responses to immunotherapy based on Hub-EGFR.Sig.We developed a promising pan-cancer signature based on EGFR-related genes to serve as a biomarker for immunotherapy response and survival outcome prediction. Furthermore, core genes were identified for future targeting, which will pave the way for improving the effect of immunotherapy in the context of combination immunotherapies.Copyright © 2025 Ye, Chen, Chen, Liu, Kong, Lin, Zhu, Sun and Xu.",Journal Article,Ye C; Chen X; Chen Z; Liu S; Kong R; Lin W; Zhu M; Sun X; Xu Z,not_bladder
40511303,10.1016/j.bbrep.2025.102060,2025,Biochemistry and biophysics reports,A comprehensive risk model of disulfidoptosis-related lncRNAs predicts prognosis and therapeutic implications in bladder cancer.,"Disulfidoptosis is an emerging form of regulated cell death; however, the roles of its associated long non-coding RNAs (dr-lncRNAs) in bladder cancer (BLCA) remain poorly characterized. By leveraging the most comprehensive curated dataset of disulfidoptosis-related genes to date, we systematically developed and validated a novel dr-lncRNA signature that elucidates the prognostic significance and immune microenvironmental dynamics in BLCA.The Cancer Genome Atlas (TCGA) database was utilized to extract significant clinical and RNA sequencing data of BLCA patients. Cox and Lasso regression with several variables was used to create a risk model. ROC, Kaplan-Meier, and nomogram analyses were carefully reviewed for validity. The validated study evaluated intricate interactions between functional enrichment, immune cell infiltration, cancer mutation load, and treatment sensitivity. Unsupervised consensus clustering identified subgroup patterns that reflected immune system alterations, medication susceptibility, and prognosis.Nine lncRNAs significantly correlated with prognosis were collectively identified, subsequently forming the basis for constructing a risk model consisting of seven lncRNAs. The model exhibited significant superiority in predicting patient outcomes, effectively distinguishing between high-risk from low-risk individuals. Functional enrichment analysis uncovered their potential involvement in immune-related biological pathways. Patients in the high-risk group exhibited higher tumor mutation burdens, more active immune functions and a higher sensitivity to chemotherapeutic drugs. Variations among BLCA subgroups were identified by consensus cluster analysis, including clinical characteristics, prognosis, lncRNA expression, immune cell infiltration, and immune checkpoint profiles.The dr-lncRNAs-based risk model presents a promising tool for predicting prognosis and guiding personalized immunotherapy and treatment strategies in BLCA patients.© 2025 The Authors.",Journal Article,Zhang Z; Zhong J; Iqbal MS; Zeng Z; Duan X,non_mrna_feature
40402393,10.1007/s12672-025-02646-5,2025,Discover oncology,Establishment of a m6 A-associated lncRNAs-derived risk model for enhanced patient prognosis stratification and personalized therapy approaches in bladder cancer.,"Bladder cancer (BCa) is a leading malignancy in the urinary tract system, often resulting in poor prognosis due to rapid relapse and metastasis, with a low 5-year survival rate. Although the role of N6-methyladenosine (m6A) methylation and long noncoding RNAs (lncRNAs) is implicated in BCa progression, research on how lncRNAs influence BCa prognosis and potential therapeutic interventions remains scarce.RNA expression profiles and gene mutations for 406 BCa patients were retrieved from the The Cancer Genome Atlas (TCGA) database. A comprehensive dataset was established to correlate lncRNAs with 21 identified m6A-associated genes, categorized into writers, erasers, and readers. Pearson correlation analysis between these m6A genes and lncRNAs was performed and a prognostic model derived from m6A-associated lncRNAs was developed. Immune infiltration was analyzed using multiple evaluative methods and the correlation between single nucleotide variant (SNV) mutations and drug sensitivity was assessed for the correlative relationship with the m6A-associated lncRNA-derived risk scores.We identified 3,462 m6A-associated lncRNAslinked to BCa prognosis, of which 238 lncRNAs showed significant associations with overall survival in BCa patients. A m6A-associated lncRNA-derived risk model comprising 26 selected lncRNAs was developed using Least Absolute Shrinkage and Selection Operator (LASSO) Cox regression, where BCa patients with higher m6A-associated lncRNA-derived risk scores had poorer outcomes. The prognostic significance and reliability was validated, with an area under the curve (AUC) value exceeding 0.7 at multiple time points. Additionally, a nomogram integrating clinical features and m6A-associated lncRNA-derived risk scores had enhanced prognostic accuracy over other clinical indicators, with promise for clinical decision-making. A negative correlation was observed between m6A-associated lncRNA-derived risk scores and tumor mutational burden (TMB). Moreover, patients with high m6A-associated lncRNA-derived risk score group showed significant enrichment of regulatory T cells (Tregs), M2 macrophages, and fibroblasts, highlighting the potential involvement of immune and stromal cells in these BCa patients.These findings highlight the prognostic value and clinical relevance of m6A-associated lncRNAs in BCa for future patient stratification and personalized therapy approaches.© 2025. The Author(s).",Journal Article,Chen R; Ye Y; Zheng Y,non_mrna_feature
39269596,10.1007/s12094-024-03719-7,2025,Clinical & translational oncology : official publication of the Federation of Spanish Oncology Societies and of the National Cancer Institute of Mexico,"Liquid-liquid phase separation-related genes associated with prognosis, tumor microenvironment characteristics, and tumor cell features in bladder cancer.","This study aimed to explore the Liquid-liquid phase separation (LLPS)-related genes associated with the prognosis of bladder cancer (BCa) and assess the potential application of LLPS-related prognostic signature for predicting prognosis in BCa patients.Clinical information and transcriptome data of BCa patients were extracted from the Cancer Genome Atlas-BLCA (TCGA-BLCA) database and the GSE13507 database. Furthermore, 108 BCa patients who received treatment at our institution were subjected to a retrospective analysis. The least absolute shrinkage and selection operator (LASSO) analysis was performed to develop an LLPS-related prognostic signature for BCa. The CCK8, wound healing and Transwell assays were performed.Based on 62 differentially expressed LLPS-related genes (DELRGs), three DELRGs were screened by LASSO analysis including kallikrein-related peptidase 5 (KLK5), monoacylglycerol O-acyltransferase 2 (MOGAT2) and S100 calcium-binding protein A7 (S100A7). Based on three DELRGs, a novel LLPS-related prognostic signature was constructed for individualized prognosis assessment. Kaplan-Meier curve analyses showed that LLPS-related prognostic signature was significantly correlated with overall survival (OS) of BCa. ROC analyses demonstrated the LLPS-related prognostic signature performed well in predicting the prognosis of BCa patients in the training group (the area under the curve (AUC) = 0.733), which was externally verified in the validation cohort 1 (AUC = 0.794) and validation cohort 2 (AUC = 0.766). Further experiments demonstrated that inhibiting KLK5 could affect the proliferation, migration, and invasion of BCa cells.In this study, a novel LLPS-related prognostic signature was successfully developed and validated, demonstrating strong performance in predicting the prognosis of BCa patients.© 2024. The Author(s), under exclusive licence to Federación de Sociedades Españolas de Oncología (FESEO).",Journal Article,Wu XH; Huang XY; You Q; Zhu JM; Qiu QR; Lin YZ; Xu N; Wei Y; Xue XY; Chen YH,single_gene_mechanistic
39603145,10.1016/j.clgc.2024.102262,2025,Clinical genitourinary cancer,Transcriptome-Based Network Analysis Related to Histone Deacetylase Genes and Identified EMP1 as a Potential Biomarker for Prognosis in Bladder Cancer.,"Abnormal expression and function of histone deacetylases (HDACs) are closely associated with the development of bladder cancer (BCa). Systematic elucidation of the role of HDACs in BCa is expected to improve BCa prognosis and treatment strategies.We explored the correlation and expression patterns of HDAC family genes in BCa. Consensus clustering was employed to categorize BCa into subtypes based on HDAC expression profiles. Differential analysis, pathway enrichment analysis, and drug responsiveness evaluation were conducted to characterize HDAC subtypes. Then, a prognostic model based on HDAC cluster related genes was constructed and validated across multiple cohorts.We identified distinct HDAC expression patterns and correlations with immune cell infiltration and enrichment of pathways in cancer, highlighting their role in BCa. Consensus clustering revealed 2 HDAC gene subtypes. Gene cluster 1 showed worse survival, higher clinical stage, and lower immune cell infiltration compared to gene cluster 2. Additionally, pathway enrichment analysis revealed differences in tumor-promoting pathways between the clusters. Moreover, gene cluster 1 exhibited higher resistance to Rho kinase inhibitor drugs. Multi-omic analysis unveiled unique mutation and CNV profiles between the clusters, indicating distinct molecular features. Furthermore, a HDAC gene-related prognostic model demonstrated robust predictive accuracy and identified EMP1 as a key prognostic gene associated with poor survival and enriched metastatic pathways.Our study provides comprehensive insights into the landscape of HDACs in BCa, elucidating their roles in tumor heterogeneity, immune modulation, drug responsiveness, and molecular features. EMP1 is a potential therapeutic target and prognostic marker for BCa.Copyright © 2024 Elsevier Inc. All rights reserved.",Journal Article,Bao Q; Li Y; Chen Y; Zheng J; Zhao J; Hu T,single_gene_mechanistic
40916434,10.2174/0109298665403178250806111943,2025,Protein and peptide letters,Mevalonate Metabolic Reprogramming Drives Cisplatin Resistance in Bladder Cancer: Mechanisms and Therapeutic Targeting.,"Dysregulation of mevalonate metabolism is a hallmark of tumorigenesis and therapy resistance across malignancies, though its role in bladder cancer remains unclear. This study aimed to elucidate its impact on prognosis and cisplatin chemosensitivity in bladder cancer.Transcriptomic data and clinical information of bladder cancer patients were obtained from The Cancer Genome Atlas (TCGA) and the Gene Expression Omnibus (GEO) databases. Non-negative matrix factorization (NMF) was used to cluster mevalonate metabolism-related genes into distinct metabolic subtypes (C1 and C2). Associations between mevalonate metabolism, clinical characteristics, immune infiltration, and cisplatin resistance were analyzed using Gene Set Variation Analysis (GSVA), Kaplan-Meier survival analysis, single-sample Gene Set Enrichment Analysis (ssGSEA), and in vitro experiments.NMF clustering classified bladder cancer patients into two metabolic subtypes (C1/C2). The C1, characterized by higher mevalonate metabolism (MVAscore), was associated with a poorer prognosis, shorter overall survival (OS), and higher T-stage and pathological grades. Immune analysis showed lower immune cell infiltration in C1. Immune infiltration analysis revealed significantly lower immune infiltration levels in the C1. Further analysis revealed a positive correlation between mevalonate metabolism and platinum resistance, with a notable increase in mevalonate metabolism observed in cisplatin-resistant bladder cancer cells. In vitro, simvastatin inhibited the proliferation of bladder cancer cells and enhanced their sensitivity to cisplatin.Mevalonate metabolism drives BCa heterogeneity and chemoresistance while suppressing anti-tumor immunity. Its dysregulation serves as both a prognostic biomarker and a target for therapeutic intervention.Mevalonate metabolism contributes to cisplatin resistance in bladder cancer and represents a potential therapeutic target. Simvastatin targeting this pathway enhances the efficacy of cisplatin, providing a novel personalized chemotherapy strategy.Copyright© Bentham Science Publishers; For any queries, please email at epub@benthamscience.net.",Journal Article,Fang Q; You C; Xiao X; Liu Y; Yang W; Li Q; Qing L; Dong Z,not_signature_model; single_gene_mechanistic
39816221,10.21037/tau-24-431,2024,Translational andrology and urology,Construction of a disulfidptosis-associated lncRNA signature to predict prognosis in bladder cancer.,"Bladder cancer (BCa) is the most common neoplasm of the urinary system, and its high rates of progression and recurrence contribute to a generally poor prognosis, especially in advanced cases. It is reported that disulfidptosis is closely related with tumor proliferation. We aimed to construct a disulfidptosis-associated long non-coding RNA (lncRNA) signature that can predict prognosis and immune microenvironment in BCa.We obtained RNA-seq data, clinical information, and mutation data of BCa patients from The Cancer Genome Atlas (TCGA) database. Based on Pearson correlation and uni-Cox regression analysis, we identified disulfidptosis-associated lncRNAs related with overall survival (OS). Then a prognosis signature based on seven disulfidptosis-associated lncRNAs was constructed by least absolute shrinkage and selection operator (LASSO) Cox regression analysis and multi-Cox regression analysis. We performed Gene Ontology (GO), Kyoto Encyclopedia of Genes and Genomes (KEGG), and Gene Set Enrichment Analysis (GSEA) analyses to examine biological functional of differentially expressed genes related to the risk model. We assessed the immune microenvironment and chemotherapeutic response of several drugs. Finally, the quantitative real-time reverse transcription polymerase chain reaction (qRT-PCR) was used to detect the expression level of the disulfidptosis-associated lncRNAs.We established a prognosis signature based on seven disulfidptosis-associated lncRNAs (AP003419.3, AL161891.1, AC234917.3, LINC00536, AL021707.6, AL445649.1 and AC104785.1). According to the signature, all patients were divided in high- and low-risk group and patients in low-risk group showed a significantly better prognosis. Moreover, the risk model was confirmed to be an independent prognostic factor with high accuracy. Immune cells and several immune checkpoints were more active in high-risk group and patients in this group had a higher tumor mutation burden (TMB) that those in low-risk group. The results of qRT-PCR demonstrated that expression level of the lncRNAs were all significantly different between BCa cell lines and normal urinary epithelial cells.The disulfidptosis-associated lncRNA signature is a promising biomarker for predicting prognosis and characterizing the immune landscape in BCa, potentially guiding personalized treatment strategies.2024 AME Publishing Company. All rights reserved.",Journal Article,Wang J; Zheng Q; Jian J; Chen Z; Liu X; Wan S; Wang L,non_mrna_feature
39759522,10.3389/fimmu.2024.1522582,2024,Frontiers in immunology,Spatially-resolved analyses of muscle invasive bladder cancer microenvironment unveil a distinct fibroblast cluster associated with prognosis.,"Muscle-invasive bladder cancer (MIBC) is a prevalent cancer characterized by molecular and clinical heterogeneity. Assessing the spatial heterogeneity of the MIBC microenvironment is crucial to understand its clinical significance.In this study, we used imaging mass cytometry (IMC) to assess the spatial heterogeneity of MIBC microenvironment across 185 regions of interest in 40 tissue samples. We focused on three primary parameters: tumor (T), leading-edge (L), and nontumor (N). Cell gating was performed using the Cytobank platform. We calculated the Euclidean distances between cells to determine cellular interactions and performed single-cell RNA sequencing (scRNA-seq) to explore the molecular characteristics and mechanisms underlying specific fibroblast (FB) clusters. scRNA-seq combined with spatial transcriptomics (ST) facilitated the identification of ligand-receptor (L-R) pairs that mediate interactions between specific FB clusters and endothelial cells. Machine learning algorithms were used to construct a prognostic gene signature.The microenvironments in the N, L, and T regions of MIBC exhibited spatial heterogeneity and regional diversity in their components. A distinct FB cluster located in the L region-identified as S3-is strongly associated with poor prognosis. IMC analyses demonstrated a close spatial association between S3 and endothelial cells, with S3-positive tumors exhibiting increased blood vessel density and altered vascular morphology. The expression of vascular endothelial growth factor receptor and active vascular sprouting were significant in S3-positive tumors. scRNA-seq and ST analyses indicated that the genes upregulated in S3 were associated with angiogenesis. NOTCH1-JAG2 signaling pathway was identified as a significant L-R pair specific to S3 and endothelial cell interactions. Further analysis indicated that YAP1 was a potential regulator of S3. Machine learning algorithms and Gene Set Variation Analysis were used to establish an S3-related gene signature that was associated with the poor prognosis of tumors including MIBC, mesothelioma, glioblastoma multiforme, lower-grade glioma, stomach adenocarcinoma, uveal melanoma, kidney renal clear cell carcinoma, kidney renal papillary cell carcinoma, and lung squamous cell carcinoma.We assessed the spatial landscape of the MIBC microenvironment and revealed a specific FB cluster with prognostic potential. These findings offer novel insights into the spatial heterogeneity of the MIBC microenvironment and highlight its clinical significance.Copyright © 2024 Feng, Wang, Song, Liu, Mo, Liu, Wu, Qin, Wang, Tao, He, Tang, Xie, Wang and Li.","Journal Article; Research Support, Non-U.S. Gov't",Feng C; Wang Y; Song W; Liu T; Mo H; Liu H; Wu S; Qin Z; Wang Z; Tao Y,single_gene_mechanistic
39769061,10.3390/ijms252413296,2024,International journal of molecular sciences,Loss of Glutathione-S-Transferase Theta 2 (GSTT2) Modulates the Tumor Microenvironment and Response to BCG Immunotherapy in a Murine Orthotopic Model of Bladder Cancer.,"Loss of the glutathione-S-transferases Theta 2 (Gstt2) expression is associated with an improved response to intravesical Mycobacterium bovis, Bacillus Calmette-Guérin (BCG) immunotherapy for non-muscle-invasive bladder cancer (NMIBC) patients who receive fewer BCG instillations. To delineate the cause, Gstt2 knockout (KO) and wildtype (WT) C57Bl/6J mice were implanted with tumors before treatment with BCG or saline. RNA was analyzed via single-cell RNA sequencing (scRNA-seq) and real-time polymerase chain reaction (RT-PCR). BCG induced PD-L1 expression in WT mice bladders, while pro-inflammatory TNF-α was upregulated in KO bladders. ScRNA-seq analysis showed that Gstt2 WT mice bladders had a higher proportion of matrix remodeling fibroblasts, M2 macrophages, and neuronal cells. In KO mice, distinct tumor cell types, activated fibroblasts, and M1 macrophages were enriched in the bladders. In WT bladders, the genes expressed supported tumorigenesis and immunosuppressive PD-L1 expression. In contrast, Gstt2 KO bladders expressed genes involved in inflammation, immune activation, and tumor suppression. An 11-gene signature (Hmga2, Peak 1, Kras, Slc2a1, Ankfn1, Ahnak, Cmss1, Fmo5, Gphn, Plec, Gstt2), derived from the scRNA-seq analysis predicted response in NMIBC patients (The Cancer Genome Atlas (TCGA) database). In conclusion, our results indicate that patients with WT Gstt2 may benefit from anti-PD-L1 checkpoint inhibition therapy.",Journal Article,Patwardhan MV; Kane TQ; Chiong E; Rahmat JN; Mahendran R,no_clinical_endpoint
39682743,10.3390/cells13231993,2024,Cells,Differential Infiltration of Key Immune T-Cell Populations Across Malignancies Varying by Immunogenic Potential and the Likelihood of Response to Immunotherapy.,"Background: Solid tumors vary by the immunogenic potential of the tumor microenvironment (TME) and the likelihood of response to immunotherapy. The emerging literature has identified key immune cell populations that significantly impact immune activation or suppression within the TME. This study investigated candidate T-cell populations and their differential infiltration within different tumor types as estimated from mRNA co-expression levels of the corresponding cellular markers. Methods: We analyzed the mRNA co-expression levels of cellular biomarkers that define stem-like tumor-infiltrating lymphocytes (TILs), tissue-resident memory T-cells (TRM), early dysfunctional T-cells, late dysfunctional T-cells, activated-potentially anti-tumor (APA) T-cells and Butyrophilin 3A (BTN3A) isoforms, utilizing clinical and transcriptomic data from 1892 patients diagnosed with melanoma, bladder, ovarian, or pancreatic carcinomas. Real-world data were collected under the Total Cancer Care Protocol and the Avatar® project (NCT03977402) across 18 cancer centers. Furthermore, we compared the survival outcomes following immune checkpoint inhibitors (ICIs) based on immune cell gene expression. Results: In melanoma and bladder cancer, the estimated infiltration of APA T-cells differed significantly (p = 4.67 × 10-12 and p = 5.80 × 10-12, respectively) compared to ovarian and pancreatic cancers. Ovarian cancer had lower TRM T-cell infiltration than melanoma, bladder, and pancreatic (p = 2.23 × 10-8, 3.86 × 10-28, and 7.85 × 10-9, respectively). Similar trends were noted with stem-like, early, and late dysfunctional T-cells. Melanoma and ovarian expressed BTN3A isoforms more than other malignancies. Higher densities of stem-like TILs; TRM, early and late dysfunctional T-cells; APA T-cells; and BTN3A isoforms were associated with increased survival in melanoma (p = 0.0075, 0.00059, 0.013, 0.005, 0.0016, and 0.041, respectively). The TRM gene signature was a moderate predictor of survival in the melanoma cohort (AUROC = 0.65), with similar findings in testing independent public datasets of ICI-treated patients with melanoma (AUROC 0.61-0.64). Conclusions: Key cellular elements related to immune activation are more heavily infiltrated within ICI-responsive versus non-responsive malignancies, supporting a central role in anti-tumor immunity. In melanoma patients treated with ICIs, higher densities of stem-like TILs, TRM T-cells, early dysfunctional T-cells, late dysfunctional T-cells, APA T-cells, and BTN3A isoforms were associated with improved survival.","Journal Article; Multicenter Study; Observational Study; Research Support, Non-U.S. Gov't",Eljilany I; Coleman S; Tan AC; McCarter MD; Carpten J; Colman H; Naqash AR; Puzanov I; Arnold SM; Churchman ML,not_bladder
39687628,10.3389/fimmu.2024.1512203,2024,Frontiers in immunology,Prognostic model based on disulfidptosis-related lncRNAs for predicting survival and therapeutic response in bladder cancer.,"With poor treatment outcomes and prognosis, bladder cancer remains a focus for clinical research in the precision oncology era. However, the potential of disulfidptosis, a novel cell death mechanism, and its related long non-coding RNAs to support selective cancer cell killing in this disease is still unclear.We identified key disulfidptosis-related lncRNAs in bladder cancer, constructed a prognostic risk model with potential therapeutic targets, and confirmed the findings through quantitative PCR analysis.We identified five crucial lncRNAs (AC005840.4, AC010331.1, AL021707.6, MIR4435-2HG and ARHGAP5-AS1) and integrated them into a predictive model centered on disulfidptosis-associated lncRNAs. Reliability and validity tests demonstrated that the lncRNA prediction index associated with disulfidptosis effectively discerns patients' prognosis outcomes. Additionally, high-risk patients exhibited elevated expression levels of genes involved in the PI3K-Akt signaling pathway, extracellular matrix organization, and immune escape mechanisms, which are associated with poor prognosis. Notably, high-risk patients demonstrated higher sensitivity to Sorafenib, Oxaliplatin and MK-2206, underscoring the promise of these lncRNAs as precise therapeutic targets in bladder cancer.By revealing the predictive importance of disulfidptosis-associated lncRNAs in bladder cancer, our research offers new perspectives and pinpoints potential therapeutic targets in clinical environments.Copyright © 2024 Han, Yang, Jiang, Zhou, Ge, Yu, Li, Wang and Liu.","Journal Article; Research Support, Non-U.S. Gov't",Han L; Yang H; Jiang X; Zhou Z; Ge C; Yu K; Li G; Wang W; Liu Y,non_mrna_feature
39613992,10.1007/s12672-024-01564-2,2024,Discover oncology,Ferroptosis-related lncRNA AL136084.3 is associated with NUPR1 in bladder cancer.,"LncRNAs are critical regulators of bladder cancer (BLCA), and ferroptosis is a newly discovered cell death responsible for mediating apoptosis and tumorigenesis. The present study aims to establish a prognostic signature of differentially expressed ferroptosis-related lncRNAs (DEFRlncRNAs) and explore the DEFRlncRNA associated with NUPR1 in BLCA.DEFRlncRNAs in BLCA patients were screened using univariate and multivariate Cox and LASSO regression analyses. In vitro experiments were performed to detect the regulatory effects of DEFRlncRNAs on BLCA cells. A prognostic signature of DEFRlncRNAs in BLCA was created and validated. Moreover, we used RNA-binding protein immunoprecipitation (RIP) to evaluate the correlated DEFRlncRNA with NUPR1.A prognostic signature involving 18 DEFRlncRNAs in BLCA was created. Overexpression of AL355353.2 or knockdown of AL136084.3 promoted apoptosis in 5637 and T24 cells in vitro. Results from Starbase database estimated that AL136084.3 was positively associated with NUPR1 (R = 0.229, p < 0.001). RIP analysis revealed the reciprocal binding of NUPR1 and AL136084.3 in BLCA.The identified FRlncRNA pair signature has a good prognostic and clinical predictive value. The ferroptosis-related lncRNA AL136084.3 is correlated with NUPR1 in BLCA.© 2024. The Author(s).",Journal Article,Zhou J; Zhang L; Wu H; Gao SL; Chen XP; Zhang LF; Zhao CP; Wei BB; Bai Y,non_mrna_feature
39624133,10.7717/peerj.18530,2024,PeerJ,Prognosis and immune landscape of bladder cancer can be predicted using a novel miRNA signature associated with cuproptosis.,"Bladder cancer is characterized by a high recurrence rate and mortality, posing a significant challenge to clinical management. Recently, cuproptosis, a novel form of regulated cell death, has been identified as a potential target for therapeutic intervention in various diseases. The contribution of cuproptosis-related microRNAs (miRNAs) in bladder cancer pathogenesis, however, remains largely unexplored. Therefore, the current study aims to construct a miRNA signature related to cuproptosis for predicting the prognosis and facilitating personalized therapeutic strategies in bladder cancer patients.In this study, we retrieved transcriptomic data and clinical information pertaining to bladder cancer from publicly available databases, including the Cancer Genome Atlas (TCGA) and Gene Expression Omnibus (GEO). We identified a set of 19 cuproptosis-related genes through a comprehensive review of relevant literature. Using multivariate Cox regression and LASSO analysis, we constructed a cuproptosis-related miRNA prognostic signature. The Kaplan-Meier (K-M) and receiver operating characteristic (ROC) curves were used to validate the accuracy of prediction. Additionally, we developed a nomogram incorporating clinical characteristics and the miRNA signature to further assess its prognostic value. We evaluated the tumor microenvironment (TME) of every patient using immune ESTIMATE, CIBERSORT, and ssGSEA algorithms. We also investigated the differences in tumor mutation burden (TMB) and drug sensitivity between two groups. Finally, we validated the prognostic value of this miRNA signature using the OncomiR dataset.We developed a panel of eight cuproptosis-associated miRNAs to serve as a prognostic signature. The predictive validity of this signature was determined using Kaplan-Meier and ROC curves, and was found to be acceptable in both the TCGA training, test and total dataset. The prognostic value of this signature was confirmed by univariate and multivariate Cox regression analysis, indicating its applicability as a prognostic factor. The immune cell infiltration was significantly associated with an immunosuppressive phenotype of TME in the high-risk group of patients; meanwhile, patients in the high-risk group had a lower TMB resulted in shorter survival. Notably, higher estimate scores and IC50 value for chemotherapy drugs were observed in the high-risk group, indicating poor response to immune therapy and chemotherapy.© 2024 Zhang et al.",Journal Article,Zhang Z; Liu F; Yu Y; Xie F; Zhu T,non_mrna_feature
39550498,10.1038/s41598-024-80026-9,2024,Scientific reports,A redox-related lncRNA signature in bladder cancer.,"The redox status is intricately linked to the development and progression of cancer, a process that can be modulated by long non-coding RNAs (lncRNAs). Previous studies have demonstrated that redox regulation can be considered a potential therapeutic approach for cancer. However, the redox-related lncRNA predictive signature specific to bladder cancer (BCa) has yet to be fully elucidated. The purpose of our study is to establish a redox-related lncRNA signature to improve the prognostic prediction for BCa patients. To achieve this, we downloaded transcriptome and clinical data from the Cancer Genome Atlas (TCGA) database. Prognostic redox-related lncRNAs were identified through univariate Cox regression, least absolute shrinkage and selection operator (LASSO) regression, and multivariate Cox regression analysis, resulting in the establishment of two risk groups. A comprehensive analysis corresponding to clinical features between high-risk and low-risk groups was conducted. Eight redox-related lncRNAs (AC018653.3, AC090229.1, AL357033.4, AL662844.4, AP003352.1, LINC00649, LINC01138, and MAFG-DT) were selected to construct the risk model. The overall survival (OS) in the high-risk group was worse than that in the low-risk group (p < 0.001). The redox-related lncRNA signature exhibits superior predictive accuracy compared to traditional clinicopathological characteristics. Gene Set Enrichment Analysis (GSEA) showed that the MAPK signaling pathway and Wnt signaling pathway were enriched in the high-risk group. Compared with the low-risk group, patients in the high-risk group demonstrated increased sensitivity to cisplatin, docetaxel, and paclitaxel. Furthermore, IGF2BP2, a potential target gene of MAFG-DT, was found to be overexpressed in tumor tissues and correlated with overall survival (OS). Our study demonstrated that the predictive signature based on eight redox-related lncRNAs can independently and accurately predict the prognosis of BCa patients.© 2024. The Author(s).",Journal Article,Zhao F; Xie H; Guan Y; Teng J; Li Z; Gao F; Luo X; Ma C; Ai X,non_mrna_feature
39525026,10.21037/tcr-23-2367,2024,Translational cancer research,Identifying functional cuproptosis-related long non-coding RNAs in patients with bladder cancer.,"Bladder cancer is the most common malignancy of the urinary tract and one of the most common cancers in the world. Cuproptosis is a novel type of cell death associated with tumorigenesis. In this study, we assessed the correlation between cuproptosis-related genes and tumorigenesis. Moreover, we constructed a prognostic signature.Pearson correlation analysis and univariate Cox regression were utilized to extract cuproptosis-related long non-coding RNAs (lncRNAs) predicting prognosis in The Cancer Genome Atlas (TCGA) database. The least absolute shrinkage and selection operator (LASSO) Cox regression was utilized to establish a cuproptosizs-related prognostic signature. A nomogram signature was generated to predict individual survival.We obtained 19 cuproptosis-related genes and 14 prognostic cuproptosis-related lncRNAs. We constructed a seven-prognostic risk signature. Time-dependent receiver operating characteristic (ROC) curves demonstrated good predictive power (1-, 3-, and 5-year survival rates of 0.711, 0.673, and 0.684, respectively). The high-risk group reported a worse prognosis than the low-risk group, and the risk signature was identified as an independent factor. The biological process of risk-related genes primarily involved tumorigenesis and migration. The high-risk group expressed high chemokines and T cell inhibition and low antigen-presenting cells.Cuproptosis-related lncRNAs are central to tumorigenesis, providing a novel therapeutic target for patients with bladder cancer. We constructed an individualized predictive signature based on cuproptosis-related lncRNAs.2024 AME Publishing Company. All rights reserved.",Journal Article,Wang Y; Zhao Y; Liu Q; Yang J; Xu Z; Du W; Tang G; Zhang C; Si X; Wang J,non_mrna_feature
39160525,10.1186/s12885-024-12790-w,2024,BMC cancer,Immune checkpoint gene signature assesses immune infiltration profiles in bladder cancer and identifies KRT23 as an immunotherapeutic target.,"In the past few decades, researchers have made promising progress, including the development of immune checkpoint inhibitors (ICIs) in the therapy of bladder cancer (BLCA). Existing studies mainly focus on single immune checkpoint inhibitors but lack relevant studies on the gene expression profiles of multiple immune checkpoints.RNA-sequencing profiling data and clinical information of BLCA patients and normal human bladder samples were acquired from the Cancer Genome Atlas and Gene Expression Omnibus databases and analyzed to identify different expression profiles of immune checkpoint genes (ICGs) after consensus clustering analysis. Based on the 526 intersecting differentially expressed genes, the LASSO Cox regression analysis was utilized to construct the ICG signature.According to the expression of ICGs, BLCA patients were divided into three subtypes with different phenotypic and mechanistic characteristics. Furthermore, the developed ICG signature were independent predictors of outcome in BLCA patients, and was correlated with the immune infiltration, the expression of ICGs and chemotherapeutic effect.This study systematically and comprehensively analyzed the expression profile of immune checkpoint genes, and established the ICG signature to investigate the differences in ICGs expression and tumor immune microenvironment, which will help risk stratification and accelerate precision medicine. Finally, we identified KRT23 as the most critical model gene, and highlighted KRT23 as a potential target to enhance immunotherapy against BLCA.© 2024. The Author(s).",Journal Article,Chen D; Cao H; Zheng X; Wang H; Han Z; Wang W,no_clinical_endpoint
38968515,10.1097/MD.0000000000038750,2024,Medicine,Construction and validation of a prognostic model for bladder cancer based on disulfidptosis-related lncRNAs.,"Bladder cancer (BLCA) is a prevalent and aggressive cancer associated with high mortality and poor prognosis. Currently, studies on the role of disulfidptosis-related long non-coding RNAs (DRLs) in BLCA are limited. This study aims to construct a prognostic model based on DRLs to improve the accuracy of survival predictions for patients and identify novel targets for therapeutic intervention in BLCA management.Transcriptomic and clinical datasets for patients with BLCA were obtained from The Cancer Genome Atlas. Using multivariate Cox regression and least absolute shrinkage and selection operator techniques, a risk prognostic signature defined by DRLs was developed. The model's accuracy and prognostic relevance were assessed through Kaplan-Meier survival plots, receiver operating characteristic curves, concordance index, and principal component analysis. Functional and pathway enrichment analyses, including Gene Ontology, Kyoto Encyclopedia of Genes and Genomes, and Gene Set Enrichment Analysis, were conducted to elucidate the underlying biological processes. Immune cell infiltration was quantified using the CIBERSORT algorithm. Differences and functions of immune cells in different risk groups were evaluated through single-sample Gene Set Enrichment Analysis. The Tumor Immune Dysfunction and Exclusion predictor and tumor mutational burden (TMB) assessments were utilized to gauge the likelihood of response to immunotherapy. Drug sensitivity predictions were made using the Genomics of Drug Sensitivity in Cancer database.A robust 8-DRL risk prognostic model, comprising LINC00513, SMARCA5-AS1, MIR4435-2HG, MIR4713HG, AL122035.1, AL359762.3, AC006160.1, and AL590428.1, was identified as an independent prognostic indicator. This model demonstrated strong predictive power for overall survival in patients with BLCA, revealing significant disparities between high- and low-risk groups regarding tumor microenvironment, immune infiltration, immune functions, TMB, Tumor Immune Dysfunction and Exclusion scores, and drug susceptibility.This study introduces an innovative prognostic signature of 8 DRLs, offering a valuable prognostic tool and potential therapeutic targets for bladder carcinoma. The findings have significant implications for TMB, the immune landscape, and patient responsiveness to immunotherapy and targeted treatments.Copyright © 2024 the Author(s). Published by Wolters Kluwer Health, Inc.",Journal Article; Validation Study,Yang X; Zhang Y; Liu J; Feng Y,non_mrna_feature
38907134,10.1007/s12672-024-01108-8,2024,Discover oncology,"A novel mitochondrial-related lncRNA signature mediated prediction of overall survival, immune landscape, and the chemotherapeutic outcomes for bladder cancer patients.","To develop a prognostic risk model for Bladder Cancer (BLCA) based on mitochondrial-related long non-coding RNAs (lncRNAs).Transcriptome and clinical data of BLCA patients were retrieved from the TCGA database. Mitochondrial-related lncRNAs with independent prognostic significance were screened to develop a prognostic risk model. Patients were categorized into high- and low-risk groups using the model. Various methods including Kaplan-Meier (KM) analysis, ROC curve analysis, Gene Set Enrichment Analysis (GSEA), immune analysis, and chemotherapy drug analysis were used to verify and evaluate the model.A mitochondrial-associated lncRNA prognostic risk model with independent prognostic significance was developed. High-risk group (HRG) patients exhibited significantly shorter survival periods compared to low-risk group (LRG) patients (P < 0.01). The risk score from the model was an independent predictor of BLCA prognosis, correlating with tumor grade, pathological stage, and lymph node metastasis (P < 0.05). The HRG showed significant positive correlations with high expressions of immune checkpoints (CTLA4, LAG3, PD-1, TIGIT, PD-L1, PD-L2, and TIM-3) and lower IC50 for chemotherapy drugs (cisplatin, docetaxel, paclitaxel, methotrexate, and vinblastine) (P < 0.001).The mitochondrial-related lncRNA-based prognostic risk model effectively predicts BLCA prognosis and can guide individualized treatment for BLCA patients.© 2024. The Author(s).",Journal Article,Xiong H; Lin C; Huang X; Wang H,non_mrna_feature
38701267,10.1097/MD.0000000000038005,2024,Medicine,Identification of cuproptosis-related long non-coding RNA and construction of a novel prognostic signature for bladder cancer: An observational study.,"Bladder Urothelial Carcinoma (BLCA), a prevalent and lethal cancer, lacks understanding regarding the roles and prognostic value of cuproptosis-related lncRNAs (CRLs), a novel form of cell death induced by copper. We collected RNA-seq data, clinical information, and prognostic data for 414 BLCA samples and 19 matched controls from The Cancer Genome Atlas. Using multivariate and univariate Cox regression analyses, we identified CRLs to create a prognostic signature. Patients were then divided into low- and high-risk groups based on their risk scores. We analyzed overall survival using the Kaplan-Meier method, evaluated stromal and immune scores, and explored functional differences between these risk groups with gene set enrichment analysis. Gene Ontology (GO) and Kyoto Encyclopedia of Genes and Genomes (KEGG) analyses were also conducted to understand the links between CRLs and BLCA development. We developed a prognostic signature using 4 independent CRLs: RC3H1-IT1, SPAG5-AS1, FAM13A-AS1, and GNG12-AS1. This signature independently predicted the prognosis of BLCA patients. High-risk patients had worse outcomes, with gene set enrichment analysis revealing enrichment in tumor- and immune-related pathways in the high-risk group. Notably, high-risk patients exhibited enhanced responses to immunotherapy and conventional chemotherapy drugs like sunitinib, paclitaxel, and gemcitabine. The independent prognostic signature variables RC3H1-IT1, SPAG5-AS1, FAM13A-AS1, and GNG12-AS1 predicted the prognoses of BLCA patients and provided a basis for the study of the mechanism of CRLs in BLCA development and progression, and the guidance of clinical treatments for patients with BLCA.Copyright © 2024 the Author(s). Published by Wolters Kluwer Health, Inc.",Journal Article; Observational Study,Ye Z; Liu C; Wu S; Jin X; Lin H; Wang T; Zheng Q; Guo Z,non_mrna_feature
38715622,10.1155/2024/4285171,2024,Genetics research,"Analysis of Bladder Cancer Staging Prediction Using Deep Residual Neural Network, Radiomics, and RNA-Seq from High-Definition CT Images.","Bladder cancer has recently seen an alarming increase in global diagnoses, ascending as a predominant cause of cancer-related mortalities. Given this pressing scenario, there is a burgeoning need to identify effective biomarkers for both the diagnosis and therapeutic guidance of bladder cancer. This study focuses on evaluating the potential of high-definition computed tomography (CT) imagery coupled with RNA-sequencing analysis to accurately predict bladder tumor stages, utilizing deep residual networks. Data for this study, including CT images and RNA-Seq datasets for 82 high-grade bladder cancer patients, were sourced from the TCIA and TCGA databases. We employed Cox and lasso regression analyses to determine radiomics and gene signatures, leading to the identification of a three-factor radiomics signature and a four-gene signature in our bladder cancer cohort. ROC curve analyses underscored the strong predictive capacities of both these signatures. Furthermore, we formulated a nomogram integrating clinical features, radiomics, and gene signatures. This nomogram's AUC scores stood at 0.870, 0.873, and 0.971 for 1-year, 3-year, and 5-year predictions, respectively. Our model, leveraging radiomics and gene signatures, presents significant promise for enhancing diagnostic precision in bladder cancer prognosis, advocating for its clinical adoption.Copyright © 2024 Yao Zhou et al.","Journal Article; Research Support, Non-U.S. Gov't; Research Support, N.I.H., Extramural",Zhou Y; Zheng X; Sun Z; Wang B,non_mrna_feature; imaging_or_pathology
38439961,10.1016/j.isci.2024.109179,2024,iScience,Multiomics profiling of urothelial carcinoma in situ reveals CIS-specific gene signature and immune characteristics.,"Urothelial carcinoma in situ (CIS) is an aggressive phenotype of non-muscle-invasive bladder cancer. Molecular features unique to CIS compared to high-grade papillary tumors are underexplored. RNA sequencing of CIS, papillary tumors, and normal urothelium showed lower immune marker expression in CIS compared to papillary tumors. We identified a 46-gene expression signature in CIS samples including selectively upregulated known druggable targets MTOR, TYK2, AXIN1, CPT1B, GAK, and PIEZO1 and selectively downregulated BRD2 and NDUFB2. High expression of selected genes was significantly associated with CIS in an independent dataset. Mutation analysis of matched CIS and papillary tumors revealed shared mutations between samples across time points and mutational heterogeneity. CCDC138 was the most frequently mutated gene in CIS. The immunological landscape showed higher levels of PD-1-positive cells in CIS lesions compared to papillary tumors. We identified CIS lesions to have distinct characteristics compared to papillary tumors potentially contributing to the aggressive phenotype.© 2024 The Authors.",Journal Article,Anurag M; Strandgaard T; Kim SH; Dou Y; Comperat E; Al-Ahmadie H; Inman BA; Taber A; Nordentoft I; Jensen JB,no_clinical_endpoint
38387404,10.1016/j.ebiom.2024.105032,2024,EBioMedicine,A hypoxia biomarker does not predict benefit from giving chemotherapy with radiotherapy in the BC2001 randomised controlled trial.,"BC2001 showed combining chemotherapy (5-FU + mitomycin-C) with radiotherapy improves loco-regional disease-free survival in patients with muscle-invasive bladder cancer (MIBC). We previously showed a 24-gene hypoxia-associated signature predicted benefit from hypoxia-modifying radiosensitisation in BCON and hypothesised that only patients with low hypoxia scores (HSs) would benefit from chemotherapy in BC2001. BC2001 allowed conventional (64Gy/32 fractions) or hypofractionated (55Gy/20 fractions) radiotherapy. An exploratory analysis tested an additional hypothesis that hypofractionation reduces reoxygenation and would be detrimental for patients with hypoxic tumours.RNA was extracted from pre-treatment biopsies (298 BC2001 patients), transcriptomic data generated (Affymetrix Clariom-S arrays), HSs calculated (median expression of 24-signature genes) and patients stratified as hypoxia-high or -low (cut-off: cohort median).invasive loco-regional control (ILRC); secondary overall survival.Hypoxia affected overall survival (HR = 1.30; 95% CI 0.99-1.70; p = 0.062): more uncertainty for ILRC (HR = 1.29; 95% CI 0.82-2.03; p = 0.264). Benefit from chemotherapy was similar for patients with high or low HSs, with no interaction between HS and treatment arm. High HS associated with poor ILRC following hypofractionated (n = 90, HR 1.69; 95% CI 0.99-2.89 p = 0.057) but not conventional (n = 207, HR 0.70; 95% CI 0.28-1.80, p = 0.461) radiotherapy. The finding was confirmed in an independent cohort (BCON) where hypoxia associated with a poor prognosis for patients receiving hypofractionated (n = 51; HR 14.2; 95% CI 1.7-119; p = 0.015) but not conventional (n = 24, HR 1.04; 95% CI 0.07-15.5, p = 0.978) radiotherapy.Tumour hypoxia status does not affect benefit from BC2001 chemotherapy. Hypoxia appears to affect fractionation sensitivity. Use of HSs to personalise treatment needs testing in a biomarker-stratified trial.Cancer Research UK, NIHR, MRC.Copyright © 2024 The Author(s). Published by Elsevier B.V. All rights reserved.",Randomized Controlled Trial; Journal Article,Smith TAD; West CML; Joseph N; Lane B; Irlam-Jones J; More E; Mistry H; Reeves KJ; Song YP; Reardon M,not_bladder
38268861,10.2147/IJGM.S438501,2024,International journal of general medicine,Cuproptosis-Related lncRNAs Modulate the Prognosis of MIBC by Regulating the Expression Pattern of Immunosuppressive Molecules Within the Tumor Microenvironment.,"Cuproptosis-related gene and long non-coding RNA (lncRNA) modulation of cancer regulation is well-established. This investigation aimed to elucidate the prognostic implications of cuproptosis-associated lncRNAs in muscle-invasive bladder cancer (MIBC).Employing the Cancer Genome Atlas (TCGA) and IMvigor210 cohorts, bioinformatics and statistical analyses probed the prognostic relevance of cuproptosis-related lncRNAs.Co-expression analysis revealed tight associations between lncRNA expression and cuproptosis-linked genes, with 13 cuproptosis-related lncRNAs found to correlate with MIBC prognosis. Lasso regression identified a six-lncRNA prognostic signature, enabling patient stratification into high- and low-risk categories. Tissue validation substantiated differential expression of FAM13A-AS1, GHRLOS, LINC00456, OPA1-AS1, RAP2C-AS1, and UBE2Q1-AS1 between MIBC tumor and normal tissues. Comparative analyses of tumor microenvironments and immune profiles between risk groups disclosed elevated immunosuppressive molecule expression, including programmed cell death-1 (PD-L1) and T-cell immunoglobulin-3 (TIM-3), in high-risk individuals.These findings suggest that cuproptosis-related lncRNAs may modulate the expression of immunosuppressive molecules, thereby influencing MIBC tumorigenesis and progression. Further exploration is warranted to unveil novel therapeutic targets for MIBC based on the expression patterns of cuproptosis-related lncRNAs and their impact on immune responses in the tumor microenvironment.© 2024 Duan et al.",Journal Article,Duan H; Shen Y; Wang C; Xia W; Zhang S; Yu S; Xu D; Cao Q; Liu H; Shen H,non_mrna_feature
38306023,10.3233/CBM-230216,2024,Cancer biomarkers : section A of Disease markers,A risk model based on lncRNA-miRNA-mRNA gene signature for predicting prognosis of patients with bladder cancer.,"We aimed to analyze lncRNAs, miRNAs, and mRNA expression profiles of bladder cancer (BC) patients, thereby establishing a gene signature-based risk model for predicting prognosis of patients with BC.We downloaded the expression data of lncRNAs, miRNAs and mRNA from The Cancer Genome Atlas (TCGA) as training cohort including 19 healthy control samples and 401 BC samples. The differentially expressed RNAs (DERs) were screened using limma package, and the competing endogenous RNAs (ceRNA) regulatory network was constructed and visualized by the cytoscape. Candidate DERs were screened to construct the risk score model and nomogram for predicting the overall survival (OS) time and prognosis of BC patients. The prognostic value was verified using a validation cohort in GSE13507.Based on 13 selected. lncRNAs, miRNAs and mRNA screened using L1-penalized algorithm, BC patients were classified into two groups: high-risk group (including 201 patients ) and low risk group (including 200 patients). The high-risk group's OS time ( hazard ratio [HR], 2.160; 95% CI, 1.586 to 2.942; P= 5.678e-07) was poorer than that of low-risk groups' (HR, 1.675; 95% CI, 1.037 to 2.713; P= 3.393 e-02) in the training cohort. The area under curve (AUC) for training and validation datasets were 0.852. Younger patients (age ⩽ 60 years) had an improved OS than the patients with advanced age (age > 60 years) (HR 1.033, 95% CI 1.017 to 1.049; p= 2.544E-05). We built a predictive model based on the TCGA cohort by using nomograms, including clinicopathological factors such as age, recurrence rate, and prognostic score.The risk model based on 13 DERs patterns could well predict the prognosis for patients with BC.",Journal Article,Zhao ZY; Cao Y; Wang HL; Liu LY,non_mrna_feature
37802365,10.1016/j.mvr.2023.104614,2024,Microvascular research,PDGFRA exhibits potential as an indicator of angiogenesis within the tumor microenvironment and is up-regulated in BLCA.,"Bladder cancer (BLCA) is a common type of urogenital malignancy worldwide. The recurrence and metastasis of bladder cancer are closely related to angiogenesis, but the underlying mechanisms are unclear. In this study, we developed a method to predict survival outcomes among BLCA patients, which could be used to guide immunotherapy and chemotherapy. We obtained patient data from The Cancer Genome Atlas (TCGA) and identified angiogenesis-related genes from the GeneCards database. First, we used differential expression analysis and univariate Cox analysis to identify angiogenesis-related genes and used correlation analysis to generate molecular subtypes based on M2 macrophages. Next, we constructed a prognostic signature consisting of four genes (ECM1, EFEMP1, SLIT2, and PDGFRΑ), which was found to be an independent prognostic factor. Higher risk scores were associated with worse overall survival and higher expression of immune checkpoints. We also evaluated immune cell infiltration using the CIBERSORT and ssGSEA algorithms. Additionally, we performed stratification analyses, constructed a nomogram, and predicted chemotherapeutic responses based on the risk signature. Finally, we validated our findings by using qRT-PCR as well as IHC data to detect the expression levels of the four genes at mRNA and protein levels in BLCA patients and obtained results that were consistent with our predictions. Our study demonstrates the utility of a four-gene prognostic signature for prognostication in bladder cancer patients and designing personalized treatments, which could provide new avenues for personalized management of these patients.Copyright © 2023 Elsevier Inc. All rights reserved.",Journal Article,Hou Y; Du W; Wu Q; Chai X; Wang Y; Mi Y; Tian Y; Tang M; Li J; Yan D,single_gene_mechanistic
37625558,10.1016/j.gene.2023.147735,2023,Gene,Comprehensive analysis of N1-methylandenosine regulators and m1A-related mRNAs and lncRNAs as prognostic factors in bladder cancer.,"Bladder cancer (BC) is a lethal malignancy and recurs frequently. m1A plays a vital role in maintaining the biological functions of non-coding RNAs. The Cancer Genome Atlas (TCGA) is a free website from where transcriptome data of BC were obtained. We chose m1A methylation regulators for this study. Six m1A methylation regulator genes have a higher expression in BC tissue compared to normal tissue. The aberrant expression of those m1A regulator genes was remarkably related to BC prognosis and clinicopathological features. First, m1A-related mRNAs and long noncoding RNAs (lncRNAs) were identified. Next, univariate Cox regression, least absolute shrinkage and selection operator (LASSO) Cox regression and multivariate Cox regression were performed to get the optimum RNAs for the development of prognostic signatures. Also, a nomogram with T status, lncRNA risk scores and mRNA risk scores was constructed. It revealed an adequate capacity to predict the overall survival of BC cases in the training set as well as in the testing set and in the total TCGA cohort. In conclusion, m1A methylation regulator genes played an important role in predicting the overall survival of BC patients. In addition, m1A-related lncRNAs and mRNAs illustrated underlying mechanisms of tumorigenesis and development of BC.Copyright © 2023. Published by Elsevier B.V.",Journal Article,Luo Q; Huang C; Chen M,non_mrna_feature; not_signature_model
38071230,10.1038/s41598-023-49167-1,2023,Scientific reports,Identification and validation of telomerase related lncRNAs signature to predict prognosis and tumor immunotherapy response in bladder cancer.,"Telomerase allows eukaryotic cells to proliferate indefinitely, an important characteristic of tumor cells. Telomerase-related long no coding RNAs (TERLs) are involved in prognosis and drug sensitivity prediction; however, their association with bladder cancer (BLCA) is still unreported. The objective of this research is to determine a predictive prognostic TERL signature for OS and to provide an efficient treatment option for BLCA. The RNA sequence, clinical information, and mutational data of BLCA patients were acquired from The Cancer Genome Atlas (TCGA) database. With the help of the data from least absolute shrinkage and selection operator (LASSO) regression and Cox regression, a prognostic signature was established including 14 TERLs, which could divide BLCA patients into low-risk (L-R) and high-risk (H-R) cohorts. The time-dependent receiver operating characteristic (ROC) curve demonstrated the greater predictive power of the model. By combing the TERLs-based signature and clinical risk factors (age, sex, grade, and stage), a prognostic nomogram was constructed to forecast the survival rates of patients with BLCA at 1-, 3-, and 5-years, which was well matched by calibration plots C-index and Decision curve analysis (DCA). Furthermore, the L-R cohort showed higher tumor mutation burden (TMB) and lower tumor immune dysfunction and exclusion (TIDE) than the H-R cohort, as well as substantial variability in immune cell infiltration and immune function between the two cohorts was elucidated. As for external validation, LINC01711 and RAP2C-AS1 were identified as poor prognostic factors by survival analysis from the Kaplan-Meier Plotter database, which were validated in BLCA cell lines (EJ, 253J, T24, and 5637) and SV-HUC-1 cells as the control group using qRT-PCR. In addition, interference with the expression of RAP2C-AS1 suppresses the proliferation and migration of BLCA cells, and RAP2C-AS1 could affect the expression of CD274 and CTLA4, which could serve as prognostic markers and characterize the tumor microenvironment in BLCA. Overall, the model based on the 14-TERLs signature can efficiently predict the prognosis and drug treatment response in individuals with bladder cancer.© 2023. The Author(s).",Journal Article,Chen X; Qin Z; Zhu X; Wang L; Li C; Wang H,non_mrna_feature
38094043,10.1016/j.heliyon.2023.e21153,2023,Heliyon,Cuproptosis-related long noncoding RNAs predicts overall survival and reveal immune microenvironment of bladder cancer.,"Recently, a newly programmed cell death has been discovered, namely cuproptosis. It is considered a novel copper-dependent cell death model. Long non-coding RNA (lncRNA) influence the prognosis of bladder cancer. In this study, we established a scoring system based on 7 cuproptosis-related lncRNA to predict the prognosis and immune landscape of bladder cancer (BCa).Gene expression and clinical data of 431 tissues were downloaded from The Cancer Genome Atlas (TCGA), including 19 normal samples and 419 cancer samples. All samples were randomly categorized into train and test cohorts. Cuproptosis-related lncRNA were distinguished. Then we conduct univariate COX and multivariate COX regression, paralleled with LASSO regression to cultivate a cuproptosis-related lncRNA risk model. Kaplan-Meier curves, scatter diagram, C-index, ROC curves, nomogram, PCA analysis and univariate and multivariate Cox regression were used to test the accuracy of risk model and to predict patient survival. Additional, gene mutation status between high- and low-risk groups was calculated.GO and KEGG were used to access the DEGs (different expression genes)-related pathway.The ssGSEA and ESTIMATE algorithms were used to assess the immune function in different tumor samples. Besides, patient's response to immunotherapy and drug susceptibility were also been estimated.7 cuproptosis-related lncRNA (LINC01184, LINC00513, LINC02443, SMARCA5-AS1, BDNF-AS, SOD2-OT1, HYI-AS1) were selected to construct the risk model in the train cohort. This model can well predict the overall survival (OS) in test group and entire cohort with different stage. Despite no significant different is observed in gene mutation between high- and low-risk group, different immune infiltration, different survival and sensitivity to drugs are discovered.We established a novel cuproptosis-related lncRNA risk model which can predict the outcome and immunotherapy response with satisfactory predictive effects. This risk model can provide a new insight into prognostic evaluation and may have potential to guide comprehensive treatment in bladder cancer.© 2023 The Author(s).",Journal Article,Wang H; Lv Z; Xia H; Tang R; Liu M; Wang J; Wang J,non_mrna_feature
37271571,10.1002/jgm.3549,2023,The journal of gene medicine,Construction and validation of risk model of EMT-related prognostic genes for kidney renal clear cell carcinoma.,"Kidney renal clear cell carcinoma (KIRC) is a prevalent type of urological malignancy. The present study aimed to predict biomarkers for KIRC.We collected transcriptomic and clinical information for KIRC from The Cancer Genome Atlas and GSE22541 cohorts.Unsupervised clustering of 35 epithelial-mesenchymal transformation (EMT)-related differentially expressed gene profiles divided samples into two clusters with distinct immune characteristics. Six genes (IL20RB, DDC, ANKRD36BP2, F2RL1, TEK, and AMN) were found to construct a prognostic risk model using multivariate Cox regression analysis. Kaplan-Meier analysis suggested the better prognosis of the KIRC patients in the low-risk group than that in the high-risk group. Immune infiltration analyses was conducted using xCell and single-sample gene set enrichment analysis, indicating that the risk score was associated with the immune microenvironment of the KIRC. Prognostic marker gene-targeted medications with high drug sensitivity were predicted in KIRC patients.In summary, the present study identified IL20RB, DDC, ANKRD36BP2, F2RL1, TEK, and AMN as prognostic biomarkers, providing insight into immunotherapy and gene-targeted drugs of KIRC.© 2023 John Wiley & Sons Ltd.",Journal Article,Wu LL; Yuan SF; Lin QY; Chen GM; Zhang W; Zheng WE; Lin HL,not_bladder
37505479,10.1158/1078-0432.CCR-23-0653,2023,Clinical cancer research : an official journal of the American Association for Cancer Research,A Population of Tumor-Infiltrating CD4+ T Cells Co-Expressing CD38 and CD39 Is Associated with Checkpoint Inhibitor Resistance.,"We previously showed that elevated frequencies of peripheral blood CD3+CD4+CD127-GARP-CD38+CD39+ T cells were associated with checkpoint immunotherapy resistance in patients with metastatic melanoma. In the present study, we sought to further investigate this population of ectoenzyme-expressing T cells (Teee).Teee derived from the peripheral blood of patients with metastatic melanoma were evaluated by bulk RNA-sequencing (RNA-seq) and flow cytometry. The presence of Teee in the tumor microenvironment was assessed using publically available single-cell RNA-seq datasets of melanoma, lung, and bladder cancers along with multispectral immunofluorescent imaging of melanoma patient formalin-fixed, paraffin-embedded specimens. Suppressive function of Teee was determined by an in vitro autologous suppression assay.Teee had phenotypes associated with proliferation, apoptosis, exhaustion, and high expression of inhibitory molecules. Cells with a Teee gene signature were present in tumors of patients with melanoma, lung, and bladder cancers. CD4+ T cells co-expressing CD38 and CD39 in the tumor microenvironment were preferentially associated with Ki67- CD8+ T cells. Co-culture of patient Teee with autologous T cells resulted in decreased proliferation of target T cells. High baseline intratumoral frequencies of Teee were associated with checkpoint immunotherapy resistance and poor overall survival in patients with metastatic melanoma.These results demonstrate that a novel population of CD4+ T cells co-expressing CD38 and CD39 is found both in the peripheral blood and tumor of patients with melanoma and is associated with checkpoint immunotherapy resistance.©2023 American Association for Cancer Research.","Journal Article; Research Support, N.I.H., Extramural",Mitra A; Thompson B; Strange A; Amato CM; Vassallo M; Dolgalev I; Hester-McCullough J; Muramatsu T; Kimono D; Puranik AS,not_bladder
37393523,10.1002/jbt.23441,2023,Journal of biochemical and molecular toxicology,Identification of novel lncRNA prognostic biomarkers and their associated ceRNAs in bladder urothelial carcinoma.,"Bladder urothelial carcinoma (BUCA) is a common malignant tumor with a high rate of metastasis and recurrence. The lack of specific and sensitive biomarkers for the prognostic assessment makes it important to seek alternatives. Recent studies have demonstrated that long noncoding RNAs (lncRNAs) function as competitive endogenous RNAs (ceRNAs) and play an important role in BUCA prognosis. Therefore, this study aimed to establish a prognosis-related lncRNAs-microRNAs (miRNAs)-messenger RNA (mRNA) (pceRNA) network and identify novel prognostic biomarkers. Integrated weighted coexpression analysis, functional clustering, and ceRNA network were used for the prognostic assessment of BUCA. The transcriptome sequencing datasets of lncRNA, miRNA, and mRNA from The Cancer Genome Atlas database were used for the identification of key lncRNAs and construction of the lncRNAs expression signature for prognostic prediction of BUCA patients. Then, 14 differentially expressed lncRNAs (DE-lncRNAs) were identified as candidate prognostic RNAs based on the ceRNAs network and functional clustering. In the Cox regression analysis, two (AC008676.1 and ADAMTS9-AS1) of all DE-lncRNAs were significantly associated with overall survival (OS) of BUCA patients. This two DE-lncRNA signature was significantly correlated with OS and was an independent prognostic factor, which was confirmed in an independent dataset of GSE216037. Moreover, we constructed the pceRNA network that includes 2 DE-lncRNAs, 9 DE-miRNAs, and 10 DE-mRNAs. Pathway enrichment analysis showed that AC008676.1 and ADAMTS9-AS1 are involved in several cancer-related pathways such as proteoglycans in cancer and TGF-beta signaling pathway. The novel-identified DE-lncRNA prognostic signature and the pceRNA network in this study will be valuable risk predictors and diagnostic markers for BUCA.© 2023 Wiley Periodicals LLC.",Journal Article,Lu S; Zhang X; Cai Z; Xi Z; Wang F; Wang X; Li W; Dai P,non_mrna_feature
38639590,,2023,Zhonghua nan ke xue = National journal of andrology,[Identification of lncrnas associated with aniline toxicity in male bladder cancer and construction of tumor risk prediction models].,"Aniline poisoning is considered to be an important factor mediating the development and progression of male bladder cancer,and long non-coding RNA(lncRNA)has also been shown to affect the prognosis of male bladder cancer.Therefore,this study intended to screen and identify lncrnas associated with highly sensitive aniline poisoning of male bladder cancer,and to construct a tumor risk prediction model accordingly.Gene expression and clinical data from 410 tissues were downloaded from the Cancer Genome Atlas(TCGA),and all samples were randomly divided into training and testing groups.Lncrnas associated with aniline poisoning were distinguished.We then performed univariate COX and multivariate COX regressions,in parallel with LASSO regression,to establish a lncRNA risk model associated with aniline poisoning.Kaplan-Meier curve,scatterplot,C-index,ROCcurve,nomogram,PCAanalysis,and univariate and multivariate Cox regression were used to test the accuracy of the risk model and predict patient survival.Seven lncrnas associated with aniline poisoning(LINC01184, LINC00513,LINC02443,SMARCA5-AS1,BDNF-AS,SOD2-OT1,HYI-AS1)were screened and identified,and based on this,a risk prediction model with high sensitivity to the malignant progression of bladder cancer was constructed.It is also verified that the model can effectively predict the overall survival(OS)of the test group and the whole cohort at different stages.We identified 7 lncrnas associated with aniline poisoning and established a novel risk model of lncrnas associated with aniline poisoning,which provides new insights for prognosis assessment and may guide the comprehensive treatment of male bladder cancer.",English Abstract; Journal Article,Jiang Q; Wei ZF; Xiong Y; Jiang B; Yao AB,non_mrna_feature
37269345,10.1007/s00432-023-04886-w,2023,Journal of cancer research and clinical oncology,Identification of necroptosis-related long non-coding RNAs prognostic signature and the crucial lncRNA in bladder cancer.,"Research on the relationships between long non-coding RNAs (lncRNAs) and cancer is attractive and has progressed very rapidly. Necroptosis-related biomarkers can potentially be used for predicting the prognosis of cancer patients. This study aimed to establish a necroptosis-related lncRNA (NPlncRNA) signature to predict the prognosis of patients with bladder cancer (BCa).First, NPlncRNAs were identified using Pearson correlation analysis and machine learning algorithms, including SVM-RFE, least absolute shrinkage and selection operator (LASSO) regression, and random forest. The prognostic NPlncRNA signature was constructed using univariate and multivariate Cox regression analyses and the diagnostic efficacy and clinically predictive efficiency were evaluated and validated. The biological functions of the signature were analysed using gene set enrichment analysis (GSEA) and functional enrichment analysis. We further integrated the RNA-seq dataset (GSE133624) with our outcomes to reveal the crucial NPlncRNA that was functionally verified by assessing cell viability, proliferation, and apoptosis in BCa cells.The prognostic NPlncRNAs signature was composed of PTOV1-AS2, AC083862.2, MAFG-DT, AC074117.1, AL049840.3, and AC078778.1, and a risk score based on this signature was proven to be an independent prognostic factor for the BCa patients, indicated by poor overall survival (OS) of patients in the high-risk group. Additionally, the NPlncRNAs signature had a higher diagnostic validity than that of other clinicopathological variables, with a greater area under the receptor operating characteristic and concordance index curves. A nomogram established by integrating clinical variables and risk score confirmed that the signature can accurately predict the OS of patients and has high clinical practicability. Functional enrichment analysis and GSEA revealed that some cancer-related and necroptosis-related pathways were enriched in high-risk groups. The crucial NPlncRNA MAFG-DT was associated with poor prognosis and was highly expressed in BCa cells. MAFG-DT silencing notably inhibited proliferation and enhanced apoptosis of BCa cells.A novel prognostic NPlncRNAs signature was identified in BCa in this study, which provides potential therapeutic targets among which MAFG-DT plays critical roles in the tumorigenesis of BCa.© 2023. The Author(s), under exclusive licence to Springer-Verlag GmbH Germany, part of Springer Nature.",Journal Article,Sun YF; Chen L; Xia QJ; Wang TH,non_mrna_feature
37632832,10.18632/aging.204975,2023,Aging,Prognosis analysis and validation of lipid metabolism-associated lncRNAs and tumor immune microenvironment in bladder cancer.,"Numerous types of research revealed that long noncoding RNAs (lncRNAs) played a significant role in immune response and the tumor microenvironment of bladder cancer (BLCA). Dysregulated lipid metabolism is considered to be one of the major risk factors for BLCA, the study aimed to detect the lipid metabolism-related lncRNAs (LMRLs) along with their potential prognostic values and immune correlations in BLCA.We collected lipid metabolism-related genes, expression profiles, and clinical information on BLCA from the Molecular Signature Database (MSigDB) and the TCGA database, respectively. Differentially expressed lipid metabolism genes (DE-LMRGs) and differentially expressed long non-coding RNAs (DE-lncRNAs) were selected using the limma package. Spearman correlation analysis was employed to explore the correlations between DE-lncRNAs and DE-LMRGs and to further develop protein-protein interaction (PPI) networks and perform mutational analysis. The least absolute shrinkage and selection operator (LASSO) and univariate Cox analysis were then employed to construct a prognostic risk model. The performance of the model was evaluated using Kaplan-Meier survival analysis, receiver operating characteristic (ROC) curves, and consistency indices. In addition, we downloaded the GSE31684 dataset for external validation of the prognostic signature. Moreover, we explored the association of the risk model with immune cell infiltration and chemotherapy response analysis to reveal the tumor immune microenvironment of BLCA. Finally, RT-qPCR was utilized to validate the expression of prognostic genes.A total of 48 DE-LncRNAs and 33 DE-LMRGs were found to be robustly correlated, and were used to construct a lncRNA-mRNA co-expression network, in which ACACB, ACOX2, and BCHE showed high mutation rates. Then, a risk model based on three LMRLs (RP11-465B22.8, MIR100HG, and LINC00865) was constructed. The risk model effectively distinguished between the clinical outcomes of BLCA patients, with high-risk scores indicating a worse prognosis and with substantial prognostic prediction accuracy. The model's results were consistent in the GSE31684 dataset. In addition, a nomogram was constructed based on the risk score, age, pathological T-stage, and pathological N-stage, which showed robust predictive power. Immune landscape analysis indicated that the risk model was significantly associated with T-cell CD4 memory activation, M1 macrophage, M2 macrophage, dendritic cell activation, and T-cell regulatory. We predicted that 49 drugs would perform satisfactorily in the high-risk group. Additionally, we found five m6A regulators associated with the high- and low-risk groups, suggesting that upstream regulation of LncRNA could be a novel target for BLCA treatment. Finally, RT-qPCR showed that RP11-465B22.8 was highly expressed in BLCA, while MIR100HG and LINC00865 were downregulated in BLCA.Our findings suggest that the three LMRLs may serve as potential prognostic and immunotherapeutic biomarkers in BLCA. In addition, our study provides new ideas for understanding the pathogenic mechanisms and developing therapeutic strategies for BLCA patients.","Journal Article; Research Support, Non-U.S. Gov't",Tan Z; Fu S; Zuo J; Wang J; Wang H,non_mrna_feature
37283097,10.3724/zdxbyxb-2022-0539,2023,Zhejiang da xue xue bao. Yi xue ban = Journal of Zhejiang University. Medical sciences,Construction of prognostic risk model of bladder cancer based on cuproptosis-related long non-coding RNAs.,"To construct a prognosis risk model based on long noncoding RNAs (lncRNAs) related to cuproptosis and to evaluate its application in assessing prognosis risk of bladder cancer patients.RNA sequence data and clinical data of bladder cancer patients were downloaded from the Cancer Genome Atlas database. The correlation between lncRNAs related to cuproptosis and bladder cancer prognosis was analyzed with Pearson correlation analysis, univariate Cox regression, Lasso regression, and multivariate Cox regression. Then a cuproptosis-related lncRNA prognostic risk scoring equation was constructed. Patients were divided into high-risk and low-risk groups based on the median risk score, and the immune cell abundance between the two groups were compared. The accuracy of the risk scoring equation was evaluated using Kaplan-Meier survival curves, and the application of the risk scoring equation in predicting 1, 3 and 5-year survival rates was evaluated using receiver operating characteristic (ROC) curves. Univariate and multivariate Cox regression were used to screen for prognostic factors related to bladder cancer patients, and a prognostic risk assessment nomogram was constructed, the accuracy of which was evaluated with calibration curves.A prognostic risk scoring equation for bladder cancer patients was constructed based on nine cuproptosis-related lncRNAs. Immune infiltration analysis showed that the abundances of M0 macrophages, M1 macrophages, M2 macrophages, resting mast cells and neutrophils in the high-risk group were significantly higher than those in the low-risk group, while the abundances of CD8+ T cells, helper T cells, regulatory T cells and plasma cells in the low-risk group were significantly higher than those in the high-risk group (all P<0.05). Kaplan-Meier survival curve analysis showed that the total survival and progression-free survival of the low-risk group were longer than those of the high-risk group (both P<0.01). Univariate and multivariate Cox analysis showed that the risk score, age and tumor stage were independent factors for patient prognosis. The ROC curve analysis showed that the area under the curve (AUC) of the risk score in predicting 1, 3 and 5-year survival was 0.716, 0.697 and 0.717, respectively. When combined with age and tumor stage, the AUC for predicting 1-year prognosis increased to 0.725. The prognostic risk assessment nomogram for bladder cancer patients constructed based on patient age, tumor stage, and risk score had a prediction value that was consistent with the actual value.A bladder cancer patient prognosis risk assessment model based on cuproptosis-related lncRNA has been successfully constructed in this study. The model can predict the prognosis of bladder cancer patients and their immune infiltration status, which may also provide a reference for tumor immunotherapy.",Journal Article,Xu C; Chen A; Mao C; Cui B,non_mrna_feature
37072750,10.1186/s12885-023-10828-z,2023,BMC cancer,"Identification of immunotherapy-related lncRNA signature for predicting prognosis, immunotherapy responses and drug candidates in bladder cancer.","Bladder cancer (BC) is one of the most common malignant diseases and the most common causes of cancer death worldwide. Immunotherapy has opened new avenues for precision treatment of bladder tumours, and immune checkpoint inhibitors (ICIs) have revolutionized the clinical treatment strategy of bladder tumours. In addition, long non-coding RNA (lncRNA) plays an important role in regulating tumour development and immunotherapy efficacy.We obtained genes with significant differences between anti-PD-L1 response and non-response from the Imvogor210 data set and combined with the bladder cancer expression data in the TCGA cohort to obtain immunotherapy-related lncRNA. Based on these lncRNAs, the prognostic risk model of bladder cancer was constructed and verified by GEO external data set. The characterization of immune cell infiltration and immunotherapy effects between high-risk and low-risk groups were then analysed. We predicted the ceRNA network and performed molecular docking of key target proteins. The functional experiments verified the function of SBF2-AS1.Three immunotherapy-related lncRNAs were identified as independent prognostic biomarkers for bladder cancer and a prognostic model of immunotherapy-related prognosis was constructed. Prognosis, immune cell infiltration, and immunotherapy efficacy were significantly different between high- and low-risk groups based on risk scores. Additionally, we established a ceRNA network of lncRNA(SBF2-AS1)-miRNA(has-miR-582-5p)-mRNA (HNRNPA2B1). Targeting the protein HNRNPA2B1 identified the top eight small molecule drugs with the highest affinity.We developed a prognostic risk score model based on immune-therapy-related lncRNA, which was subsequently determined to be significantly associated with immune cell infiltration and immunotherapy response. This study not only helps to promote our understanding of immunotherapy-related lncRNA in the prognosis of BC, but also provides new ideas for clinical immunotherapy and the development of novel therapeutic drugs for patients.© 2023. The Author(s).",Journal Article,Hui P; Ni F; Zheng L; Jia L; Wang Z,non_mrna_feature
37064115,10.3389/fonc.2023.972558,2023,Frontiers in oncology,Identification of a novel defined inflammation-related long noncoding RNA signature contributes to predicting prognosis and distinction between the cold and hot tumors in bladder cancer.,"Bladder cancer (BLCA) is one of the most frequently diagnosed urological malignancies and is the 4th most common cancer in men worldwide. Molecular targets expressed in bladder cancer (BLCA) are usually used for developing targeted drug treatments. However, poor prognosis and poor immunotherapy efficacy remain major challenges for BLCA. Numerous studies have shown that long non-coding RNAs (LncRNAs) play an important role in the development of cancer. However, the role of lncRNAs related to inflammation in BLCA and their prognostic value remain unclear. Therefore, this study is aimed to explore new potential biomarkers that can predict cancer prognosis.We downloaded BLCA-related RNA sequencing data from The Cancer Genome Atlas (TCGA) and searched for inflammation-related prognostic long non-coding RNAs (lncRNAs) by univariate Cox (uniCox) regression and co-expression analysis. We used the least absolute shrinkage and selection operator (LASSO) analysis to construct an inflammation-related lncRNA prognosis risk model. Samples were divided into high-risk score (HRS) group and low-risk score (LRS) group based on the median value of risk scores. The independent variable factors were identified by univariate Cox (uni-Cox) and multivariate Cox (multi-Cox) regression analyses, and receiver operating characteristic (ROC) curves were used to compare the role of different factors in predicting outcomes. Nomogram and Calibration Plot were generated by the R package rms to analyze whether the prediction results are correct and show good consistency. Correlation coefficients were calculated by Pearson analysis. The Kaplan-Meier method was used to assess the prognostic value. The expression of 7 lncRNAs related with inflammation was also confirmed by qRT-PCR in BLCA cell lines. Kyoto Encyclopedia of Gene and Genome (KEGG) pathways that were significantly enriched (P < 0.05) in each risk group were identified by the GSEA software. The R package pRRophetic was used to predict the IC50 of common chemotherapeutic agents. TIMER, XCELL, QUANTISEQ, MCPCOUNTER, EPIC and CIBERSORT were applied to quantify the relative proportions of infiltrating immune cells. We also used package ggpubr to evaluate TME scores and immune checkpoint activation in LRS and HRS populations. R package GSEABase was used to analyze the activity of immune cells or immune function. Different clusters of principal component analysis (PCA), t-distribution random neighborhood embedding (t-SNE), and Kaplan-Meier survival were analyzed using R package Rtsne's. The R package ConsensesClusterPlus was used to class the inflammation-related lncRNAs.In this study, a model containing 7 inflammation-related lncRNAs was constructed. The calibration plot of the model was consistent with the prognosis prediction outcomes. The 1-, 3-, and 5-year ROC curve (AUC) were 0.699, 0.689, and 0.699, respectively. High-risk patients were enriched in lncRNAs related with tumor invasion and immunity, and had higher levels of immune cell infiltration and immune checkpoint activation. Hot tumors and cold tumors were effectively distinguished by clusters 2 and 3 and cluster 1, respectively, which indicated that hot tumors are more susceptible to immunotherapy.Our study showed that inflammation-related LncRNAs are closely related with BLCA, and inflammation-related lncRNA can accurately predict patient prognosis and effectively differentiate between hot and cold tumors, thus improving individualized immunotherapy for BLCA patients. Therefore, this study provides an effective predictive model and a new therapeutic target for the prognosis and clinical treatment of BLCA, thus facilitating the development of individualized tumor therapy.Copyright © 2023 Xiong, Chen, Li, Yang, Zhang, Wang, Zhang, Peng, Li and Luo.",Journal Article,Xiong X; Chen C; Li X; Yang J; Zhang W; Wang X; Zhang H; Peng M; Li L; Luo P,non_mrna_feature
36973645,10.1186/s12859-023-05241-z,2023,BMC bioinformatics,Identification and validation of tumor-infiltrating lymphocyte-related prognosis signature for predicting prognosis and immunotherapeutic response in bladder cancer.,"It has been discovered that tumor-infiltrating lymphocytes (TILs) are essential for the emergence of bladder cancer (BCa). This study aimed to research TIL-related genes (TILRGs) and create a gene model to predict BCa patients' overall survival.The RNA sequencing and clinical data were downloaded from the TGCA and GEO databases. Using Pearson correlation analysis, TILRGs were evaluated. Moreover, hub TILRGs were chosen using a comprehensive analysis. By dividing the TCGA-BCa patients into different clusters based on hub TILRGs, we were able to explore the immune landscape between different clusters.Here, we constructed a model with five hub TILRGs and split all of the patients into two groups, each of which had a different prognosis and clinical characteristics, TME, immune cell infiltration, drug sensitivity, and immunotherapy responses. Better clinical results and greater immunotherapy sensitivity were seen in the low-risk group. Based on five hub TILRGs, unsupervised clustering analysis identify two molecular subtypes in BCa. The prognosis, clinical outcomes, and immune landscape differed in different subtypes.The study identifies a new prediction signature based on genes connected to tumor-infiltrating lymphocytes, providing BCa patients with a new theoretical target.© 2023. The Author(s).",Journal Article,Li C; Xie W,not_signature_model
36978709,10.3390/bioengineering10030318,2023,"Bioengineering (Basel, Switzerland)",Development of a Molecular-Subtype-Associated Immune Prognostic Signature That Can Be Recognized by MRI Radiomics Features in Bladder Cancer.,"Background: Bladder cancer (BLCA) is highly heterogeneous with distinct molecular subtypes. This research aimed to investigate the heterogeneity of different molecular subtypes from a tumor microenvironment perspective and develop a molecular-subtype-associated immune prognostic signature that can be recognized by MRI radiomics features. Methods: Individuals with BLCA in The Cancer Genome Atlas (TCGA) and IMvigor210 were classified into luminal and basal subtypes according to the UNC classification. The proportions of tumor-infiltrating immune cells (TIICs) were examined using The Cell Type Identification by Estimating Relative Subsets of RNA Transcripts algorithm. Immune-linked genes that were expressed differentially between luminal and basal subtypes and associated with prognosis were selected to develop the immune prognostic signature (IPS) and utilized for the classification of the selected individuals into low- and high-risk groups. Functional enrichment analysis (GSEA) was performed on the IPS. The data from RNA-sequencing and MRI images of 111 BLCA samples in our center were utilized to construct a least absolute shrinkage and selection operator (LASSO) model for the prediction of patients' IPSs. Results: Half of the TIICs showed differential distributions between the luminal and basal subtypes. IPS was highly associated with molecular subtypes, critical immune checkpoint gene expression, prognoses, and immunotherapy response. The prognostic value of the IPS was further verified through several validation data sets (GSE32894, GSE31684, GSE13507, and GSE48277) and meta-analysis. GSEA revealed that some oncogenic pathways were co-enriched in the group at high risk. A novel performance of a LASSO model developed as per ten radiomics features was achieved in terms of IPS prediction in both the validation (area under the curve (AUC): 0.810) and the training (AUC: 0.839) sets. Conclusions: Dysregulation of TIICs contributed to the heterogeneity between the luminal and basal subtypes. The IPS can facilitate molecular subtyping, prognostic evaluation, and personalized immunotherapy. A LASSO model developed as per the MRI radiomics features can predict the IPSs of affected individuals.",Journal Article,Liu S; Chen H; Zheng Z; He Y; Yao X,non_mrna_feature; imaging_or_pathology
36237132,10.1002/cam4.5344,2023,Cancer medicine,A pyroptosis-related lncRNA signature in bladder cancer.,"Pyroptosis, a type of programmed cell death, is implicated in the tumorigenesis, development and migration of cancer, which can be regulated by long non-coding RNAs (lncRNAs). Our research aimed to investigate the prognostic role of pyroptosis-related lncRNAs and the relationship to the tumor immune microenvironment through bioinformatics analysis.The clinical and RNA-sequencing data of bladder cancer patients were downloaded from The Cancer Genome Atlas (TCGA). And 412 bladder cancer subjects with clinical information were divided into training and testing cohort. And 52 reported pyroptosis-related genes were used to screen pyroptosis-related lncRNAs. A pyroptosis-related lncRNA signature was constructed based on Cox regression analyses.A 9-pyroptosis-related-lncRNA signature was identified to separate patients with bladder cancer into two groups. The prognosis of bladder cancer patients in the high-risk group was significantly inferior compared with those in the low-risk group. Risk scores were validated to develop an independent prognostic indicator based on multivariate Cox regression analysis. Receiver operating characteristic curve (ROC) analysis examined the signature on overall survival. The area under time-dependent ROC curve (AUC) at 1-, 3, and 5-years measured 0.747, 0.783, and 0.768, respectively. Analysis of the immune landscape and PD-L1 expression showed that PD-L1 is upregulated in the high-risk group. The immunocyte subtypes of the two groups were different.A novel pyroptosis-related lncRNA signature was identified with prognostic value for bladder cancer patients. Pyroptosis-related lncRNAs have a potential role in cancer immunology and may serve as prognostic or therapeutic targets.© 2022 The Authors. Cancer Medicine published by John Wiley & Sons Ltd.","Journal Article; Research Support, Non-U.S. Gov't",Wang P; Wang Z; Zhu L; Sun Y; Castellano L; Stebbing J; Yu Z; Peng L,non_mrna_feature; not_signature_model
36579659,10.3892/mmr.2022.12925,2023,Molecular medicine reports,An angiogenesis‑related lncRNA signature for the prognostic prediction of patients with bladder cancer and LINC02321 promotes bladder cancer progression via the VEGFA signaling pathway.,"The mechanism underlying bladder cancer metastasis is associated with tumor angiogenesis. The present study aimed to evaluate the predictive role and value of an angiogenesis‑associated long non‑coding (lnc)RNA signature in patients with bladder cancer and the role of long intergenic non‑coding RNA (LINC)02321 in the progression of this malignancy. Angiogenesis‑related lncRNAs were screened using Pearson correlation analysis and the signaturewas constructed using Cox regression analysis and evaluated using the receiver operating characteristic curve. LINC02321, which expressed the largest difference in bladder cancer, was screened using reverse transcription‑quantitative PCR. The role of LINC02321 in the malignant progression of bladder cancer was evaluated using Transwell, wound healing and Cell Counting Kit 8 assays. A total of six angiogenesis‑associated lncRNAs (USP30‑AS1, LINC02321, PSMB8‑AS1, KRT7‑AS, LINC01767 and OCIAD1‑AS1) were identified as candidates for the prognostic signature using Cox regression analysis. The overall survival of patients in the low‑risk group was significantly longer compared with that in the high‑risk group, with the highest area under the curve value being 0.807. A nomogram was constructed based on the traditional clinical indicators (age, sex, grade, American Joint Committee on Cancer stage) and risk score of patients. Compared with the traditional clinical indicators, the risk score demonstrated better clinical prediction capacity for predicting the prognosis of patients with bladder cancer. The Cancer Genome Atlas prediction and RT‑qPCR experimental results demonstrated that only LINC02321 was highly expressed in bladder cancer tissue and promoted the proliferation, invasion, migration and cisplatin resistance of the malignancy. Gene set enrichment, Pearson's correlation analysis and experimental results demonstrated that the VEGFA signalling pathway may be involved in the LINC02321‑regulated progression of bladder cancer. In conclusion, the six angiogenesis‑associated lncRNA signatures reported in the present study may be used to predict the prognosis of patients with bladder cancer, and LINC02321 promoted malignant progression of bladder cancer via the VEGFA signalling pathway.",Journal Article,Kang Z; Dou Q; Huang T; Tu M; Zhong Y; Wang M; Li T,non_mrna_feature; single_gene_mechanistic
36685947,10.3389/fgene.2022.1082691,2022,Frontiers in genetics,A novel cuproptosis-related lncRNA signature predicts prognosis and therapeutic response in bladder cancer.,"Bladder cancer (BC) ranks the tenth in the incidence of global tumor epidemiology. LncRNAs and cuproptosis were discovered to regulate the cell death. Herein, we downloaded transcriptome profiling, mutational data, and clinical data on patients from The Cancer Genome Atlas (TCGA). High- and low-risk BC patients were categorized. Three CRLs (AL590428.1, AL138756.1 and GUSBP11) were taken into prognostic signature through least absolute shrinkage and selection operator (LASSO) Cox regression. Worse OS and PFS were shown in high-risk group (p < 0.05). ROC, independent prognostic analyses, nomogram and C-index were predicted via CRLs. Gene Ontology (GO) and Kyoto Encyclopedia of Genes and Genomes (KEGG) analysis indicated IncRNAs play a biological role in BC progression. Immune-related functions showed the high-risk group received more benefit from immunotherapy and had stronger immune responses, and the overall survival was better (p < 0.05). Finally, a more effective outcome (p < 0.05) was found from clinical immunotherapy via the TIDE algorithm and many potential anti-tumor drugs were identified. In our study, the cuproptosis-related signature provided a novel tool to predict the prognosis in BC patients accurately and provided a novel strategy for clinical immunotherapy and clinical applications.Copyright © 2023 Cai, Xie, Yan, Huang, Tang, Cao, Wang, Yang, Wen, Tan, Zhang and Shen.",Journal Article,Cai J; Xie H; Yan Y; Huang Z; Tang P; Cao X; Wang Z; Yang C; Wen J; Tan M,non_mrna_feature
36595859,10.1097/MD.0000000000032558,2022,Medicine,A prognostic risk prediction model based on ferroptosis-related long non-coding RNAs in bladder cancer: A bulk RNA-seq research and scRNA-seq validation.,"To construct a prognostic risk model of bladder cancer (BC) from the perspective of long non-coding RNAs (lncRNAs) and ferroptosis, in order to guide clinical prognosis and identify potential therapeutic targets.In-hours BC samples were collected from 4 patients diagnosed with BC, who underwent radical cystectomy. Single cell transcriptome sequencing was performed and Seurat package were used for quality control and secondary analysis. LncRNAs expression profiles of BC samples were extracted from The Cancer Genome Atlas database. And sex, age, tumor, node, metastasis stage and other clinical data was downloaded at the same time. Ferroptosis-related lncRNAs were identified by co-expression analysis. We constructed a risk model by Cox regression and least absolute shrinkage and selection operator regression analyses. The predictive strength of the risk model for overall survival (OS) of patients with BC was evaluated by the log-rank test and Kaplan-Meier method. Finally, the enrichment analysis was performed and visualized.We identified and included 15 prognostic ferroptosis-related lncRNAs (AL356740.1, FOXC2AS1, ZNF528AS1, LINC02535, PSMB8AS1, AL590428.1, AP000347.2, OCIAD1-AS1, AP001347.1, AC104986.2, AC018926.2, LINC00867, AC099518.4, USP30-AS1, and ARHGAP5-AS1), to build our ferroptosis-related lncRNAs risk model. Using this risk model, BC patients were divided into high and low-risk groups, and their respective survival lengths were calculated. The results showed that the OS of the low-risk group was significantly longer than that of the high-risk group. A nomogram was utilized to predict the survival rate of BC patients. As indicated in the nomogram, risk score was the most important indicator of OS in patients with BC. The ferroptosis-related lncRNAs risk model is an independent tool for prognostic risk assessment in patients with BC. Single cell transcriptome sequencing suggests that ferroptosis-related lncRNAs express specifically in BC tumor microenvironment. AL356740.1, LINC02535 and LINC00867 were mainly expressed in tumor cells.The risk model based on the ferroptosis-related lncRNAs and the genomic clinico-pathological nomogram could be used to accurately predict the prognosis of patients with BC. The lncRNAs used to build this model might become potential therapeutic targets in the future.Copyright © 2022 the Author(s). Published by Wolters Kluwer Health, Inc.",Journal Article,Xiang X; Guo Y; Chen Z; Zhang F; Huang J; Qin Y,non_mrna_feature
36454396,10.1007/s12672-022-00596-w,2022,Discover oncology,Identification and validation of a novel cuproptosis-related lncRNA gene signature to predict prognosis and immune response in bladder cancer.,"Bladder cancer (BCa) is one of the most common malignant tumors in the urogenital system, characterized by the high recurrence rate, mortality rate and poor prognosis. Based on cuproptosis-related long noncoding RNAs (CRLs), this study set out to create a prediction signature to evaluate the prognosis of patients with BCa.RNA-seq data including CRLs and related clinicopathological data were gathered from The Cancer Genome Atlas (TCGA) database (n = 428). The predictive signature was constructed after correlation analysis. Subsequently, relying on the analyzed data from the TCGA database and our sample collection, we examined and verified the connections between CRLs model and important indexes included prognosis, route and functional enrichment, tumor immune evasion, tumor mutation, and treatment sensitivity.Patients in the high-risk group had lower overall survival (OS) than that of low-risk group. Compared with clinicopathological variables, CRLs features have better predictive value according to receiver operating characteristic (ROC) curve. The expression level of CRLs was highly associated with the tumor progress, tumor microenvironment and tumor immune escape. Additionally, we identified that the mutation of TP53, TTN, KMT2D and MUC16 gene were founded in patients with BCa. Lapatinib, pazopanib, saracatinib, gemcitabine, paclitaxel and palenolactone had good antitumor effects for BCa patients in the high-risk group (all P < 0.001).This study revealed the effects of CRLs on BCa and further established CRLs model, which can be used in clinic for predicting prognosis, immunological response and treatment sensitivity inpatient with BCa.© 2022. The Author(s).",Journal Article,Chen J; Guan Y; Li C; Du H; Liang C,non_mrna_feature
36505486,10.3389/fimmu.2022.1055304,2022,Frontiers in immunology,Comprehensive analysis of anoikis-related long non-coding RNA immune infiltration in patients with bladder cancer and immunotherapy.,"Anoikis is a form of programmed cell death or programmed cell death(PCD) for short. Studies suggest that anoikis involves in the decisive steps of tumor progression and cancer cell metastasis and spread, but what part it plays in bladder cancer remains unclear. We sought to screen for anoikis-correlated long non-coding RNA (lncRNA) so that we can build a risk model to understand its ability to predict bladder cancer prognosis and the immune landscape.We screened seven anoikis-related lncRNAs (arlncRNAs) from The Cancer Genome Atlas (TCGA) and designed a risk model. It was validated through ROC curves and clinicopathological correlation analysis, and demonstrated to be an independent factor of prognosis prediction by uni- and multi-COX regression. In the meantime, Kyoto Encyclopedia of Genes and Genomes (KEGG) enrichment analysis, immune infiltration, and half-maximal inhibitory concentration prediction (IC50) were implemented with the model. Moreover, we divided bladder cancer patients into three subtypes by consensus clustering analysis to further study the differences in prognosis, immune infiltration level, immune checkpoints, and drug susceptibility.We designed a risk model of seven arlncRNAs, and proved its accuracy using ROC curves. COX regression indicated that the model might be an independent prediction factor of bladder cancer prognosis. KEGG enrichment analysis showed it was enriched in tumors and immune-related pathways among the people at high risk. Immune correlation analysis and drug susceptibility results indicated that it had higher immune infiltration and might have a better immunotherapy efficacy for high-risk groups. Of the three subtypes classified by consensus clustering analysis, cluster 3 revealed a positive prognosis, and cluster 2 showed the highest level of immune infiltration and was sensitive to most chemistries. This is helpful for us to discover more precise immunotherapy for bladder cancer patients.In a nutshell, we found seven arlncRNAs and built a risk model that can identify different bladder cancer subtypes and predict the prognosis of bladder cancer patients. Immune-related and drug sensitivity researches demonstrate it can provide individual therapeutic schedule with greater precision for bladder cancer patients.Copyright © 2022 Zhang, Li, Li, Zhou, Chen, Liu, Wang, Jiang, Wang, Liu, Zhao and Li.",Journal Article,Zhang YY; Li XW; Li XD; Zhou TT; Chen C; Liu JW; Wang L; Jiang X; Wang L; Liu M,non_mrna_feature
36425941,10.1155/2022/5643496,2022,Journal of oncology,A New Prognostic Signature Constructed with Necroptosis-Related lncRNA in Bladder Cancer.,"Bladder cancer (BC) accounts for the most common urologic malignancy, leading to a heavy social burden over the world. We aim to search for a novel prognostic biomarker with necroptosis-related lncRNAs of bladder cancer in this study.We download the RNA-sequencing data and corresponding clinical information of BC patients from TCGA. We performed Pearson correlation analysis to identify necroptosis-related lncRNAs (NRlncRNAs). Then, we used univariate Cox regression, Lasso Cox analysis, and multivariate Cox regression to construct the optimal prognostic model. Next, we used Kaplan-Meier curves, Cox regression, receiver operating characteristic (ROC) curves, nomogram, and stratified survival analysis to evaluate the capacity of the prognostic signature. Furthermore, gene set enrichments in the signature and the correlation between prognostic signature and necroptosis genes, tumor microenvironment, immune infiltration, and immune checkpoints of BC were also explored.A 7-NRlncRNAs signature comprising FKBP14-AS1, AL731567.1, LINC02178, AC011503.2, LINC02195, AC068196.1, and AL136084.2 was constructed to predict the prognosis of BC in this research. Cox regression analysis showed that the signature could be an independent prognostic factor for BC patients (P < 0.001). Compared to other clinicopathological characteristics, this signature displayed a better capacity of prediction with the area under the curve (AUC) of 0.745. Stratified analysis using various clinical variables demonstrated that the prognostic signature has good clinical fitness. GSEA showed that focal adhesion and the WNT signaling pathway were enriched in the high-risk group. Immune infiltration analysis indicated that the signature was significantly inversely correlated with infiltration of CD8+ T cells and CD4+ T cells while positively correlated with macrophages and cancer associated fibroblasts. Immune checkpoint analysis revealed that the expressions of protective factors were significantly lower in the high-risk group, while expressions of cancer promotors were significantly higher in this group. The gene expression analysis displayed that necroptosis genes such as FADD, FAS, MYC, STAT3, PLK1, LEF1, EGFR, RIPK3, CASP8, BRAF, ID1, GATA3, MYCN, CD40, and TNFRSF21 were significantly different between the two groups.The 7-NRlncRNAs signature can predict the overall survival of BC and may provide help for the individualized treatment of BC patients.Copyright © 2022 Zuhu Yu et al.",Journal Article,Yu Z; Lu B; Gao H; Liang R,non_mrna_feature
36451815,10.3389/fimmu.2022.1027449,2022,Frontiers in immunology,A novel cuproptosis-related lncRNA signature predicts the prognosis and immune landscape in bladder cancer.,"Bladder cancer (BLCA) is one of the deadliest diseases, with over 550,000 new cases and 170,000 deaths globally every year. Cuproptosis is a copper-triggered programmed cell death and is associated with the prognosis and immune response of various cancers. Long non-coding RNA (lncRNA) could serve as a prognostic biomarker and is involved in the progression of BLCA.The gene expression profile of cuproptosis-related lncRNAs was analyzed by using data from The Cancer Genome Atlas. Cox regression analysis and least absolute shrinkage and selection operator analysis were performed to construct a cuproptosis-related lncRNA prognostic signature. The predictive performance of this signature was verified by ROC curves and a nomogram. We also explored the difference in immune-related activity, tumor mutation burden (TMB), tumor immune dysfunction and exclusion (TIDE), and drug sensitivity between the high- and low-risk groups.We successfully constructed a cuproptosis-related lncRNA prognostic signature for BLCA including eight lncRNAs (RNF139-AS1, LINC00996, NR2F2-AS1, AL590428.1, SEC24B-AS1, AC006566.1, UBE2Q1-AS1, and AL021978.1). Multivariate Cox analysis suggested that age, clinical stage, and risk score were the independent risk factors for predicting prognosis of BLCA. Further analysis revealed that this signature not only had higher diagnostic efficiency compared to other clinical features but also had a good performance in predicting the 1-year, 3-year, and 5-year overall survival rate in BLCA. Notably, BLCA patients with a low risk score seemed to be associated with an inflamed tumor immune microenvironment and had a higher TMB level than those with a high risk score. In addition, patients with a high risk score had a higher TIDE score and a higher half maximal inhibitory concentration value of many therapeutic drugs than those with a low risk score.We identified a novel cuproptosis-related lncRNA signature that could predict the prognosis and immune landscape of BLCA.Copyright © 2022 Bai, Zhang, Liu and Quan.","Journal Article; Research Support, Non-U.S. Gov't",Bai Y; Zhang Q; Liu F; Quan J,non_mrna_feature
36309694,10.1186/s12967-022-03711-1,2022,Journal of translational medicine,m6A-immune-related lncRNA prognostic signature for predicting immune landscape and prognosis of bladder cancer.,"N6-methyladenosine (m6A) related long noncoding RNAs (lncRNAs) may have prognostic value in bladder cancer for their key role in tumorigenesis and innate immunity.Bladder cancer transcriptome data and the corresponding clinical data were acquired from the Cancer Genome Atlas (TCGA) database. The m6A-immune-related lncRNAs were identified using univariate Cox regression analysis and Pearson correlation analysis. A risk model was established using least absolute shrinkage and selection operator (LASSO) Cox regression analyses, and analyzed using nomogram, time-dependent receiver operating characteristics (ROC) and Kaplan-Meier survival analysis. The differences in infiltration scores, clinical features, and sensitivity to Talazoparib of various immune cells between low- and high-risk groups were investigated.Totally 618 m6A-immune-related lncRNAs and 490 immune-related lncRNAs were identified from TCGA, and 47 lncRNAs of their intersection demonstrated prognostic values. A risk model with 11 lncRNAs was established by Lasso Cox regression, and can predict the prognosis of bladder cancer patients as demonstrated by time-dependent ROC and Kaplan-Meier analysis. Significant correlations were determined between risk score and tumor malignancy or immune cell infiltration. Meanwhile, significant differences were observed in tumor mutation burden and stemness-score between the low-risk group and high-risk group. Moreover, high-risk group patients were more responsive to Talazoparib.An m6A-immune-related lncRNA risk model was established in this study, which can be applied to predict prognosis, immune landscape and chemotherapeutic response in bladder cancer.© 2022. The Author(s).","Journal Article; Research Support, Non-U.S. Gov't",Feng ZH; Liang YP; Cen JJ; Yao HH; Lin HS; Li JY; Liang H; Wang Z; Deng Q; Cao JZ,non_mrna_feature
36268283,10.1155/2022/8408328,2022,Journal of oncology,A Novel Risk Model for lncRNAs Associated with Oxidative Stress Predicts Prognosis of Bladder Cancer.,"Oxidative stress (OS) reactions are closely related to the development and progression of bladder cancer (BCa). This project aimed to identify new potential biomarkers to predict the prognosis of BCa and improve immunotherapy.We downloaded transcriptomic information and clinical data on BCa from The Cancer Genome Atlas (TCGA). Screening for OS genes was statistically different between tumor and adjacent normal tissue. A coexpression analysis between lncRNAs and differentially expressed OS genes was performed to identify OS-related lncRNAs. Then, differentially expressed oxidative stress lncRNAs (DEOSlncRNAs) between tumors and normal tissues were identified. Univariate/multivariate Cox regression analysis was performed to select the lncRNAs for risk assessment. LASSO analysis was conducted to establish a prognostic model. The prognostic risk model could accurately predict BCa patient prognosis and reveal a close correlation with clinicopathological features. We analyzed the principal component analysis (PCA), immune microenvironment, and half-maximal inhibitory concentration (IC50) in the risk groups.We constructed a model containing eight DEOSlncRNAs (AC021321.1, AC068196.1, AC008750.1, SETBP1-DT, AL590617.2, THUMPD3-AS1, AC112721.1, and NR4A1AS). The prognostic risk model showed better results in predicting the prognosis of BCa patients and was strongly correlated with clinicopathological characteristics. We found great agreement between the calibration plots and prognostic predictions in this model. The areas under the receiver operating characteristic (ROC) curve (AUCs) at 1, 3, and 5 years were 0.792, 0.804, and 0.843, respectively. This model also showed good predictive ability regarding the tumor microenvironment and tumor mutation burden. In addition, the high-risk group was more sensitive to eight therapeutic agents, and the low-risk group was more responsive to five therapeutic agents. Sixteen immune checkpoints were significantly different between the two risk groups.Our eight DEOSlncRNA risk models provide new insights into predicting prognosis and clinical progression in BCa patients.Copyright © 2022 Lixiang Feng et al.",Journal Article,Feng L; Yang K; Kuang Q; Peng M; Li L; Luo P,non_mrna_feature
36300085,10.3389/fonc.2022.1018285,2022,Frontiers in oncology,"Identification of a dysregulated CircRNA-associated gene signature for predicting prognosis, immune landscape, and drug candidates in bladder cancer.","Increasing evidences have demonstrated that circular RNA (circRNAs) plays a an essential regulatory role in initiation, progression and immunotherapy resistance of various cancers. However, circRNAs have rarely been studied in bladder cancer (BCa). The purpose of this research is to explore new circRNAs and their potential mechanisms in BCa. A novel ceRNA-regulated network, including 87 differentially expressed circRNAs (DE-circRNAs), 126 DE-miRNAs, and 217 DE-mRNAs was constructed to better understanding the biological processes using Cytoscape 3.7.1 based on our previously high-throughput circRNA sequencing and five GEO datasets. Subsequently, five randomly selected circRNAs (upregulated circ_0001681; downregulated circ_0000643, circ_0001798, circ_0006117 and circ_0067900) in 20 pairs of BCa and paracancerous tissues were confirmed using qRT-PCR. Functional analysis results determined that 772 GO functions and 32 KEGG pathways were enriched in the ceRNA network. Ten genes (PFKFB4, EDNRA, GSN, GAS1, PAPPA, DTL, TGFBI, PRSS8, RGS1 and TCF4) were selected for signature construction among the ceRNA network. The Human Protein Atlas (HPA) expression of these genes were consistent with the above sequencing data. Notably, the model was validated in multiple external datasets (GSE13507, GSE31684, GSE48075, IMvigor210 and GSE32894). The immune-infiltration was evaluated by 7 published algorithms (i.e., TIMER, CIBERSORT, CIBERSORT-ABS, QUANTISEQ, MCPCOUNTER, XCELL and EPIC). Next, Correlations between riskscore or risk groups and clinicopathological data, overall survival, recognized immunoregulatory cells or common chemotherapeutic agents of BCa patients were performed using wilcox rank test, chi-square test, cox regression and spearman's correlation analysis; and, these results are significant. According to R package ""GSVA"" and ""clusterProfiler"", the most significantly enriched HALLMARK and KEGG pathway was separately the 'Epithelial Mesenchymal Transition' and 'Ecm Receptor Interaction' in the high- vs. low-risk group. Additionally, the functional experiments in vitro also revealed that the overexpression of has_circ_0067900 significantly impaired the proliferation, migration, and invasion capacities of BCa cells. Collectively, the results of the current study provide a novel landscape of circRNA-associated ceRNA-regulated network in BCa. The ceRNA-associated gene model which was constructed presented a high predictive performance for the prognosis, immunotherapeutic responsiveness, and chemotherapeutic sensitivity of BCa. And, has_circ_0067900 was originally proposed as tumor suppressor for patients with BCa.Copyright © 2022 Shen, Li, Zhang, Zhang, Wu, Da, Yang, Wang, Zhang, Qie, Zhao, Lin, Huang, Zhou and Hu.",Journal Article,Shen C; Li Z; Zhang Y; Zhang Z; Wu Z; Da L; Yang S; Wang Z; Zhang Y; Qie Y,non_mrna_feature
35918812,10.1093/jnci/djac140,2022,Journal of the National Cancer Institute,Discoidin Domain Receptor-Driven Gene Signatures as Markers of Patient Response to Anti-PD-L1 Immune Checkpoint Therapy.,"Anti-programmed cell death 1 (anti-PD-1) and PD ligand 1 (PD-L1) immune checkpoint therapies (ICTs) provided durable responses only in a subset of cancer patients. Thus, biomarkers are needed to predict nonresponders and offer them alternative treatments. We recently implicated discoidin domain receptor tyrosine kinase 2 (DDR2) as a contributor to anti-PD-1 resistance in animal models; therefore, we sought to investigate whether this gene family may provide ICT response prediction.We assessed mRNA expression of DDR2 and its family member DDR1. Transcriptome analysis of bladder cancer (BCa) models in which DDR1 and 2 were perturbed was used to derive DDR1- and DDR2-driven signature scores. DDR mRNA expression and gene signature scores were evaluated using BCa-The Cancer Genome Atlas (n = 259) and IMvigor210 (n = 298) datasets, and their relationship to BCa subtypes, pathway enrichment, and immune deconvolution analyses was performed. The potential of DDR-driven signatures to predict ICT response was evaluated and independently validated through a statistical framework in bladder and lung cancer cohorts. All statistical tests were 2-sided.DDR1 and DDR2 showed mutually exclusive gene expression patterns in human tumors. DDR2high BCa exhibited activation of immune pathways and a high immune score, indicative of a T-cell-inflamed phenotype, whereas DDR1high BCa exhibited a non-T-cell-inflamed phenotype. In IMvigor210 cohort, tumors with high DDR1 (hazard ratio [HR] = 1.53, 95% confidence interval [CI] = 1.16 to 2.06; P = .003) or DDR2 (HR = 1.42, 95% CI = 1.01 to 1.92; P = .04) scores had poor overall survival. Of note, DDR2high tumors from IMvigor210 and CheckMate 275 (n = 73) cohorts exhibited poorer overall survival (HR = 1.56, 95% CI = 1.20 to 2.06; P &lt; .001) and progression-free survival (HR = 1.77 95%, CI = 1.05 to 3.00; P = .047), respectively. This result was validated in independent cancer datasets.These findings implicate DDR1 and DDR2 driven signature scores in predicting ICT response.© The Author(s) 2022. Published by Oxford University Press. All rights reserved. For permissions, please email: journals.permissions@oup.com.","Journal Article; Research Support, N.I.H., Extramural",You S; Kim M; Hoi XP; Lee YC; Wang L; Spetzler D; Abraham J; Magee D; Jain P; Galsky MD,not_bladder
35731212,10.1158/1541-7786.MCR-20-1029,2022,Molecular cancer research : MCR,TRAF4 Inhibits Bladder Cancer Progression by Promoting BMP/SMAD Signaling.,"Patients with bladder cancer often have a poor prognosis due to the highly invasive and metastatic characteristics of bladder cancer cells. Epithelial-to-mesenchymal transition (EMT) has been causally linked to bladder cancer invasion. The E3 ubiquitin ligase, tumor necrosis factor receptor-associated factor 4 (TRAF4) has been implicated as a tumor promoter in a wide range of cancers. In contrast, here we show that low TRAF4 expression is associated with poor overall survival in patients with bladder cancer. We show that the TRAF4 gene is epigenetically silenced and that ERK mediates TRAF4 phosphorylation, resulting in lower TRAF4 protein levels in bladder cancer cells. In addition, we demonstrate that TRAF4 is inversely correlated with an EMT gene signature/protein marker expression. Functionally, by manipulating TRAF4 expression, we show that TRAF4 regulates EMT genes and epithelial and invasive properties in bladder cancer cells. Transcriptomic analysis of dysregulated TRAF4 expression in bladder cancer cell lines revealed that high TRAF4 expression enhances the bone morphogenetic protein (BMP)/SMAD and inhibits the NF-κB signaling pathway. Mechanistically, we show that TRAF4 targets the E3 ubiquitin ligase SMURF1, a negative regulator of BMP/SMAD signaling, for proteasomal degradation in bladder cancer cells. This was corroborated in patient samples where TRAF4 positively correlates with phospho-SMAD1/5, and negatively correlates with phospho-NFκb-p65. Lastly, we show that genetic and pharmacologic inhibition of SMURF1 inhibits the migration of aggressive mesenchymal bladder cancer cells.Our findings identify E3 ubiquitin ligase TRAF4 as a potential therapeutic target or biomarker for bladder cancer progression.©2022 The Authors; Published by the American Association for Cancer Research.","Journal Article; Research Support, Non-U.S. Gov't",Iyengar PV; Marvin DL; Lama D; Tan TZ; Suriyamurthy S; Xie F; van Dinther M; Mei H; Verma CS; Zhang L,single_gene_mechanistic
36186475,10.3389/fgene.2022.990326,2022,Frontiers in genetics,Comprehensive analysis of cuproptosis-related long noncoding RNA immune infiltration and prediction of prognosis in patients with bladder cancer.,"Background: Bladder cancer (BCa), among the world's most common malignant tumors in the urinary system, has a high morbidity and mortality. Though cuproptosis is a new type of cell death mediated by lipoylated tricarboxylic acid (TCA) cycle proteins, the role of cuproptosis-related long noncoding RNAs (crlncRNAs) in bladder tumors awaits further elucidation. In this paper, we tried to explore how important crlncRNAs are for BCa. Methods: The crlncRNAs were first obtained through Pearson correlation analysis of the RNA-seq data and corresponding clinical data downloaded from The Cancer Genome Atlas (TCGA). Then, three lncRNAs were acquired by Cox regression and Lasso regression to build a prognostic model of crlncRNAs for verification. In the meantime, clinicopathological correlation analysis, Kyoto Encyclopedia of Genes and Genomes (KEGG) enrichment analysis, principal component analysis (PCA), immunoassay, and half-maximal inhibitory concentration prediction (IC50) were carried out. Then, an entire tumor was classified into two clusters by crlncRNA expression to further discuss the differences in prognosis, immune status and drug susceptibility among different subgroups. Results: We obtained a total of 152 crlncRNAs and built a risk model for screened crlncRNAs. We validated the model and found that calibration charts feature a high consistency in verifying nomogram prediction. Receiver operating characteristic (ROC) curve and univariate and multivariate Cox regression suggested that this model can be applied as an independent prognostic factor of bladder cancer due to its high accuracy. According to KEGG analysis, high-risk groups were enriched in cancer and immune-related pathways. During tumor immunoassay, noticeable differences were observed in both immune infiltration and checkpoints between high- and low-risk patients. Of the two subgroups divided among patients by consensus clustering, cluster 2 had a better prognosis, whereas cluster 1 had higher immunoreactivity scores, more immune cell infiltrations and immune checkpoint expressions, and different sensitivities to drugs. Conclusion: The research findings demonstrate that crlncRNAs can be used to predict the prognosis and immune microenvironment of patients suffering from BCa, and differentiate between BCa subgroups to improve the individual therapy of BCa.Copyright © 2022 Zhang, Li, Li, Zhao, Zhou, Jiang, Wen, Meng and Li.",Journal Article,Zhang Y; Li X; Li X; Zhao Y; Zhou T; Jiang X; Wen Y; Meng W; Li S,non_mrna_feature
36118856,10.3389/fgene.2022.952369,2022,Frontiers in genetics,Construction and verification of a novel hypoxia-related lncRNA signature related with survival outcomes and immune microenvironment of bladder urothelial carcinoma by weighted gene co-expression network analysis.,"Background: Bladder urothelial carcinoma (BLCA) is a common malignant tumor with the greatest recurrence rate of any solid tumor. Hypoxia is crucial in the growth and immune escape of malignant tumors. To predict clinical outcomes and immunological microenvironment of patients with BLCA, a hypoxia-related long non-coding RNA (HRlncRNA) signature was established. Methods: The Cancer Genome Atlas (TCGA) provided us with the differentially expressed profile of HRlncRNAs as well as clinical data from patients with BLCA, and we used weighted gene co-expression network analysis (WGCNA) to identify gene modules associated with malignancies. Results: Finally, Cox analysis revealed that HRlncRNAs, which comprised 13 lncRNAs, were implicated in the predictive signature. The training, testing, and overall cohorts of BLCA patients were divided into the low-risk group and high-risk group based on the median of the risk score. The Kaplan-Meier curves revealed that BLCA patients with a high-risk score had a poor prognosis, and the difference between subgroups was statistically significant. The receiver operating characteristic curves revealed that this signature outperformed other strategies in terms of predicting ability. Multivariate analysis revealed that the risk score was an independent prognostic index for overall survival (HR = 1.411; 1.259-1.582; p < 0.001). Then, a nomogram with clinicopathological features and risk score was established. This signature could effectively enhance the capacity to predict survival, according to the calibration plots, stratification, and clinical analysis. The majority of Kyoto Encyclopedia of Genes and Genomes (KEGG) were WNT, MAPK, and ERBB signaling pathways. Two groups had different immune cell subtypes, immune checkpoints, immunotherapy response, and anti-tumor drug sensitivity, which might result in differing survival outcomes. We then validated the differential expression of signature-related genes between tumor and normal tissues using TCGA paired data. Conclusion: This prognostic signature based on 13 HRlncRNAs may become a novel and potential prognostic biomarker, providing more accurate clinical decision-making and effective treatment for BLCA patients.Copyright © 2022 Cai, Zhou, Wei, Wu and Kong.",Journal Article,Cai D; Zhou Z; Wei G; Wu P; Kong G,non_mrna_feature
36061188,10.3389/fgene.2022.906880,2022,Frontiers in genetics,Integrated risk scores from N6-methyladenosine-related lncRNAs are potential biomarkers for predicting the overall survival of bladder cancer patients.,"Background: N6-methyladenosine (m6A) is the most common form of mRNA- and long noncoding RNA (lncRNA)-specific internal modification encountered in eukaryotes, with important effects on mRNA stability, translation, and splicing. The role of m6A-modified lncRNAs (m6A-lncRNAs) in bladder cancer (BLCA) is rarely reported. This study aimed to evaluate an efficient prognostic model of BLCA in patients, based on m6A-lncRNAs, and to discover potential biological targets. Methods: Differentially expressed lncRNAs were investigated in 433 BLCA samples derived from The Cancer Genome Atlas (TCGA) database. Kaplan-Meier and univariate Cox regression analyses were performed to screen for m6A-lncRNAs with prognostic roles in BLCA. We implemented Pearson correlation analysis to analyze 18 potentially prognostic lncRNAs and 20 known m6A-associated genes. Next, the data were imputed using least absolute shrinkage and selection operator (LASSO) Cox regression to establish an m6A-lncRNA prognostic signature. Results: We established an integrated risk score (RS) containing five m6A-lncRNAs and constructed a nomogram that had the ability to forecast the overall survival (OS) of patients with BLCA. We showed that the predictive accuracy of the RS for BLCA prognosis was high, which was confirmed by the area under the receiver operating characteristic (ROC) curve. We analyzed the correlation between tumor immune infiltrating cells and RS in high- and low-risk patients with BLCA and used tumor immune dysfunction and exclusion to predict the effect of immunotherapy. We screened out the most relevant modules of RS through the weighted gene co-expression network analysis network and explored their potential biological functions using GO and KEGG analyses. Conclusion: Our findings demonstrate that, compared with nomograms constructed using a single prognostic factor, the integrated RS represents a superior model for predicting survival in patients with BLCA, which may improve the clinical management of BLCA.Copyright © 2022 Huang, Wang and Huang.",Journal Article,Huang X; Wang HF; Huang S,non_mrna_feature
35964079,10.1186/s41065-022-00245-w,2022,Hereditas,A novel molecular subtypes and risk model based on inflammatory response-related lncrnas for bladder cancer.,"Inflammation and long noncoding RNAs (lncRNAs) are gradually becoming important in the development of bladder cancer (BC). Nevertheless, the potential of inflammatory response-related lncRNAs (IRRlncRNAs) as a prognostic signature remains unexplored in BC.The Cancer Genome Atlas (TCGA) provided RNA expression profiles and clinical information of BC samples, and GSEA Molecular Signatures database provided 1171 inflammation-related genes. IRRlncRNAs were identified using Pearson correlation analysis. After that, consensus clustering was performed to form molecular subtypes. After performing least absolute shrinkage and selection operator (LASSO) and multivariate Cox regression analyses, a risk model constructed based on the prognostic IRRlncRNAs was validated in an independent cohort. Kaplan-Meier (KM) analysis, univariate and multivariate Cox regression, clinical stratification analysis, and time-dependent receiver operating characteristic (ROC) curves were utilized to assess clinical effectiveness and accuracy of the risk model. In clusters and risk model, functional enrichment was investigated using GSEA and GSVA, and immune cell infiltration analysis was demonstrated by ESTIMATE and CIBERSORT analysis.A total of 174 prognostic IRRlncRNAs were confirmed, and 406 samples were divided into 2 clusters, with cluster 2 having a significantly inferior prognosis. Moreover, cluster 2 exhibited a higher ESTIMATE score, immune infiltration, and PD-L1 expression, with close relationships with the inflammatory response. Further, 12 IRRlncRNAs were identified and applied to construct the risk model and divide BC samples into low-risk and high-risk groups successfully. KM, ROC, and clinical stratification analysis demonstrated that the risk model performed well in predicting prognosis. The risk score was identified as an independently significant indicator, enriched in immune, cell cycle, and apoptosis-related pathways, and correlated with 9 immune cells.We developed an inflammatory response-related subtypes and steady prognostic risk model based on 12 IRRlncRNAs, which was valuable for individual prognostic prediction and stratification and outfitted new insight into inflammatory response in BC.© 2022. The Author(s).",Journal Article,Tang F; Zhang J; Lu Z; Liao H; Hu C; Mai Y; Lai Y; Lu Z; Tang Z; Li Z,non_mrna_feature
35593896,10.1007/s11033-022-07563-2,2022,Molecular biology reports,Epithelial-to-mesenchymal transition based diagnostic and prognostic signature markers in non-muscle invasive and muscle invasive bladder cancer patients.,"Diagnostic and prognostic significance of epithelial-to-mesenchymal transition (EMT) associated biomarkers are evaluated in a cohort of NMIBC (non-muscle invasive bladder cancer) and MIBC (muscle invasive bladder cancer) patients.Real-time quantitative polymerase chain reaction (RT-qPCR) and immunohistochemical (IHC) staining were carried out in 100 tumor specimens (59 NMIBC and 41 MIBC). The expressions of the epithelial marker, mesenchymal markers and EMT-activating transcription factors (EMT-ATFs) were determined at transcriptome and protein level followed by their statistical associations with clinicohistopathological variables of the patients. Transcriptomic expression analysis showed statistical relevance of tumor stage with increased Twist and Zeb-1; tumor type with reduced E-cadherin and increased Snail; and smoking/tobacco chewing status (S/TC) of patients with increased N-cadherin and Snail in NMIBC patients. Tumor grade with reduced message E-cadherin, gain of N-cadherin, Snail, Twist and Zeb-1; patients' age with reduced E-cadherin and Twist gain; and tumor type with increased message N-cadherin exhibited associations in MIBC patients. Protein expression analysis identified statistical relevance of tumor grade with nuclear gain of Snail and Twist; and nuclear gain of Slug with S/TC status of NMIBC patients. Novel gain of membranous Vimentin deduced association with patients' age in MIBC patients. Survival analysis identified novel Vimentin as the positive predictor of short progression free survival (PFS) and short overall survival (OS) in MIBC patients. Study established altered EMT profile as the independent negative predictor of short recurrence free survival (RFS) in NMIBC patients and positive predictor of short PFS and OS in MIBC patients.EMT associated biomarkers could provide diagnostic and prognostic risk stratification and hence could be of importance in the clinical management of bladder cancer patients.© 2022. The Author(s), under exclusive licence to Springer Nature B.V.",Journal Article; Retracted Publication,Singh R; Singh UP; Agrawal V; Garg M,publication_type
35860239,10.3389/fimmu.2022.916800,2022,Frontiers in immunology,Predicting Prognosis and Distinguishing Cold and Hot Tumors in Bladder Urothelial Carcinoma Based on Necroptosis-Associated lncRNAs.,"In reference to previous studies, necroptosis played an important role in cancer development. Our team decided to explore the potential prognostic values of long non-coding RNAs (lncRNAs) associated with necroptosis in bladder urothelial carcinoma (BLCA) and their relationship with the tumor microenvironment (TME) and the immunotherapeutic response for accurate dose.To obtain the required data, bladder urothelial carcinoma transcriptome data were searched from Cancer Genome Atlas (TCGA) (https://portal.gdc.cancer.gov/). We used co-expression analysis, differential expression analysis, and univariate Cox regression to screen out prognostic lncRNAs associated with necroptosis in BLCA. Then the least absolute shrinkage and selection operator (LASSO) was conducted to construct the necroptosis-associated lncRNAs model. Based on this model, we also performed the Kaplan-Meier analysis and time-dependent receiver operating characteristics (ROC) to estimate the prognostic power of risk score. Multivariate and univariate Cox regression analysis were performed to build up a nomogram. Calibration curves, and time-dependent ROC were also conducted to evaluate nomogram. Principal component analysis (PCA) revealed a difference between high- and low-risk groups. In addition, we explored immune analysis, gene set enrichment analyses (GSEA), and evaluation of the half-maximal inhibitory concentration (IC50) in constructed model. Finally, the entire samples were divided into three clusters based on model of necroptosis-associated lncRNAs to further compare immunotherapy in cold and hot tumors.A model was built up based on necroptosis-associated lncRNAs. The model revealed good consistence between calibration plots and prognostic prediction. The area of 1-, 3-, and 5-year OS under the ROC curve (AUC) were 0.707, 0.679, and 0.675. Risk groups could be helpful for systemic therapy due to the markedly diverse IC50 between risk groups. To our delight, clusters could effectively identify cold and hot tumors, which would be beneficial to accurate mediation. Clusters 2 and 3 were considered the hot tumor, which was more sensitive to immunotherapeutic drugs.The outcomes of our study suggested that necroptosis-associated lncRNAs could effectively predict patients with BLCA prognosis, which may be helpful for distinguishing the cold and hot tumors and improving individual treatment of BLCA.Copyright © 2022 Liu, Xu, Chang, Ma, Wang, Sun, Chen, Xu and Zhang.","Journal Article; Research Support, Non-U.S. Gov't",Liu D; Xu S; Chang T; Ma S; Wang K; Sun G; Chen S; Xu Y; Zhang H,non_mrna_feature
35814472,10.3389/fonc.2022.928204,2022,Frontiers in oncology,"A Necroptosis-Related lncRNA to Develop a Signature to Predict the Outcome, Immune Landscape, and Chemotherapeutic Responses in Bladder Urothelial Carcinoma.","Many studies have drawn their attention to the immunotherapy of bladder urothelial carcinoma in terms of immunologic mechanisms of human body. These include immunogenicity of the tumor cells and involvement of long non-coding RNA (lncRNA). We constructed a necroptosis-related long noncoding RNA (nrlncRNA) risk factor model to predict BLCA outcomes and calculate correlations with chemosensitivity and immune infiltration.Transcriptomic data from BLCA specimens were accessed from The Cancer Genome Atlas, and nrlncRNAs were identified by performing co-expression analysis. Univariate analysis was performed to identify differentially expressed nrlncRNA pairs. We constructed least absolute contraction and selector operation regression models and drew receiver operating characteristic curves for 1-, 3-, and 5-year survival rates. Akaike information criterion (AIC) values for survival over 1 year were determined as cutoff values in high- and low-risk subgroups. We reassessed the differences between subgroups in terms of survival, clinicopathological characteristics, chemotherapy efficacy, tumor-infiltrating immune cells, and markers of immunosuppression.We identified a total of 260 necroptosis-related lncRNA pairs, of which we incorporated 13 into the prognostic model. Areas under the curve of 1-, 3-, and 5- year survival time were 0.763, 0.836, and 0.842, respectively. We confirmed the excellent predictive performance of the risk model. Based on AIC values, we confirmed that the high-risk group was susceptible to unfavorable outcomes. The risk scores correlated with survival were age, clinical stage, grade, and tumor node metastases. The risk model was an independent predictor and demonstrated higher predictive power. The risk model can also be utilized to determine immune cell infiltration status, expression levels of immune checkpoint genes, and the sensitivity to cisplatin, doxorubicin, and methotrexate.We constructed a novel necroptosis-related signature that predicts BLCA outcomes and performs satisfactorily in the immune landscape and chemotherapeutic responses.Copyright © 2022 Hou, Lu, Dong, Wu, Nie, Yang, Tang, Qu and Xu.",Journal Article,Hou J; Lu Z; Dong R; Wu G; Nie H; Yang G; Tang C; Qu G; Xu Y,non_mrna_feature
35769470,10.3389/fimmu.2022.911902,2022,Frontiers in immunology,Immunological Characteristics of Alternative Splicing Profiles Related to Prognosis in Bladder Cancer.,"Several studies have found that pathological imbalance of alterative splicing (AS) events is associated with cancer susceptibility. carcinogenicity. Nevertheless, the relationship between heritable variation in AS events and carcinogenicity has not been extensively explored. Here, we downloaded AS event signatures, transcriptome profiles, and matched clinical information from The Cancer Genome Atlas (TCGA) database, identified the prognostic AS-related events via conducting the univariate Cox regression algorism. Subsequently, the prognostic AS-related events were further reduced by the least absolute shrinkage and selection operator (LASSO) logistic regression model, and employed for constructing the risk model. Single-sample (ssGSEA), ESTIMATE, and the CIBERSORT algorithms were conducted to evaluate tumor microenvironment status. CCK8, cell culture scratch, transwell invasion assays and flow cytometry were conducted to confirm the reliability of the model. We found 2751 prognostic-related AS events, and constructed a risk model with seven prognostic-related AS events. Compared with high-risk score patients, the overall survival rate of the patients with low-risk score was remarkably longer. Besides, we further found that risk score was also closely related to alterations in immune cell infiltration and immunotherapeutic molecules, indicating its potential as an observation of immune infiltration and clinical response to immunotherapy. In addition, the downstream target gene (DYM) could be a promising prognostic factor for bladder cancer. Our investigation provided an indispensable reference for ulteriorly exploring the role of AS events in the tumor microenvironment and immunotherapy efficiency, and rendered personalized prognosis monitoring for bladder cancer.Copyright © 2022 Ye, Liang, Cheng, Liu, Hu, Li, Chen, Gao and Jiang.","Journal Article; Research Support, Non-U.S. Gov't",Ye F; Liang Y; Cheng Z; Liu Y; Hu J; Li W; Chen X; Gao J; Jiang H,non_mrna_feature
34426176,10.1016/j.euo.2021.07.003,2022,European urology oncology,Gender-specific Stratification of Survival Following Immune Checkpoint Inhibitor Therapy Based on Intratumoral Expression of a B cell Gene Signature.,"There is a great need to identify biomarkers that can accurately identify patients who will obtain the most clinical benefit from immune checkpoint inhibitor (ICI) therapy. While high intratumoral B cell gene expression correlated with an ICI response in melanoma, whether it adds predictive value in other cancers is unknown.To examine the relationship between B cell gene signature (BCGS) expression and overall survival (OS) following ICI treatment.A total of 348 patients with advanced urothelial carcinoma from the IMvigor 210 phase 2 clinical trial of atezolizumab and 406 patients with muscle-invasive bladder cancer from The Cancer Genome Atlas (TCGA) were included.We analyzed tumor RNA sequencing data of included patients to examine the relationships between a BCGS and clinical outcomes.Tumors with high levels of B cell and CD8+ T cell gene signatures (BCGS/CD8TGS or B8T high/high) were associated with the longest OS of all B8T groups. Moreover, the B8T cell signature stratified patients whose tumors had a high tumor mutational burden or high programmed death ligand 1 (PD-L1) into subsets with differential OS outcomes. Whereas the B8T high/high tumors were associated with the best clinical outcomes in ICI-treated men, they were not associated with better OS in women. Conversely, women with B8T high/high tumors had the best clinical outcomes in non-ICI-treated muscle-invasive bladder cancer.These data suggest that the B8T signature can enhance OS stratification in patients with advanced urothelial carcinoma who are treated with ICI therapy and that sex-specific differences in the tumor immune microenvironment may drive disparate outcomes.We examined whether the presence of two immune cell gene signatures within tumor samples impact survival in patients with bladder cancer. High levels of both of these signatures (B cells and CD8+ T cells) associate with superior survival in patients who receive immune therapy.Copyright © 2021 European Association of Urology. Published by Elsevier B.V. All rights reserved.","Journal Article; Research Support, N.I.H., Extramural",Aragaki AK; Jing Y; Hoffman-Censits J; Choi W; Hahn NM; Trock BJ; McConkey DJ; Johnson BA,not_bladder
35600386,10.3389/fonc.2022.908832,2022,Frontiers in oncology,Corrigendum: Comprehensive Analysis of N6-Methylandenosine-Related Long Non-Coding RNAs Signature in Prognosis and Tumor Microenvironment of Bladder Cancer.,"[This corrects the article DOI: 10.3389/fonc.2022.774307.].Copyright © 2022 Chen, Zhu, Yu, Xia, Xing, Geng and Cheng.",Published Erratum,Chen K; Zhu S; Yu W; Xia Y; Xing J; Geng J; Cheng F,publication_type; non_mrna_feature; not_signature_model
35440045,10.1186/s12935-022-02575-1,2022,Cancer cell international,A novel risk score model based on five angiogenesis-related long non-coding RNAs for bladder urothelial carcinoma.,"Tumour angiogenesis is an independent risk factor for bladder urothelial carcinoma (BUC) progression, but viable and promising antiangiogenic targets are understudied. Emerging evidence suggests that long non-coding RNAs (lncRNAs) play prominent role in the tumour microenvironment and tumour angiogenesis.The clinical data of BUC patients were obtained from TCGA database and clinical specimens of 138 BUC patients. Univariate and multivariate COX regression analyses were used to identify survival-related ARLNRs (sARLNRs) from The Molecular Signatures Database v4.0. Fisher's exact probability method was used to detect the correlations between sARLNRs levels and clinicopathological characteristics. A chain of experiments including FACS, qPCR, immunohistochemistry, tube formation, migration and invasion assays, combining with co-culture models, were utilized to validate the clinical significance and angiogenetic correlation of sARLNRs.Five sARLNRs were employed to establish an angiogenesis-related risk score model, by which patients in the low-risk group obtained better overall survival than those in the high-risk group. The expression of AC005625.1 and AC008760.1 was significantly related to ECs percentage, tumour size and muscle invasion status. Besides, AC005625.1 and AC008760.1 expressed lower in BUC cell lines and tumour tissues than that in normal urothelial cells and adjacent normal tissues, with much lower levels in more advanced T stages. A prominently higher proportion of ECs was detected in tumour tissues with lower expression of AC005625.1 and AC008760.1. In the co-culture models, we found that knockdown of AC005625.1 and AC008760.1 in BUC cells increased the tube formation, migration and invasion abilities of HUVEC. The expression levels of CD31, VEGF-A, VIMENTIN and N-CADHERIN were also enhanced in HUVEC cells co-cultured with siR-AC005625.1 and siR-AC008760.1-treated T24 cells.In the study, we identify five sARLNRs and validate their clinical significance, angiogenesis correlation and prognosis-predictive values in BUC. These findings may provide a new perspective and some promising antiangiogenic targets for clinical diagnosis and treatment strategies of BUC.© 2022. The Author(s).",Journal Article,Li X; Zhang C; Peng X; Li Y; Chen G; Gou X; Zhou X; Ma C,non_mrna_feature
35371346,10.1155/2022/3117359,2022,Disease markers,5-Methylcytosine-Related Long Noncoding RNAs Are Potential Biomarkers to Predict Overall Survival and Regulate Tumor-Immune Environment in Patients with Bladder Cancer.,"The role of 5-methylcytosine-related long noncoding RNAs (m5C-lncRNAs) in bladder cancer (BLCA) remains unclear. Here, we aim to study the prognostic value, gene expression characteristics, and correlation between the m5C-lncRNA risk model and the tumor microenvironment, immune infiltration, and tumor mutations in BLCA. After collecting BLCA patient RNA sequence transcriptome data, clinical information and mutation data from the Cancer Genome Atlas (TCGA) database, 17 m5C-related lncRNAs independently correlated with OS were obtained by Lasso and multivariate Cox regression analysis, and a risk model was constructed. Univariate Cox, multivariate Cox regression analysis, and the C-index curve proved that the risk model was a significant independent prognostic indicator for patients with BLCA. ESTIMATE and CIBERSORT indicated that the higher the number of immune cells and stromal cells in TME, the higher the prognostic risk. We found that in the low-risk group, the expression levels of immune cells that predicted a good prognosis were higher, including plasma cells, regulatory T cells, and CD 8 T cells. There is a negative correlation between TMB and risk score. The TMB of the low-risk group is significantly higher than that of the high-risk group. In conclusion, the m5C-related risk model is crucial to predict the prognosis of patients with BLCA.Copyright © 2022 Zhuoyuan Li et al.",Journal Article,Li Z; Wang S; Chen Y; Huang Y; Li T,non_mrna_feature
35309900,10.3389/fcell.2022.837849,2022,Frontiers in cell and developmental biology,Identification and Development of Inflammatory Response-Related Genes Signature Associated With Prognosis Evaluation and Immune Status of Bladder Cancer.,"Background: Bladder urothelial carcinoma (BLCA) is one of the most common malignant tumors with high morbidity and recurrence rate. The study aims to establish a prediction model to elaborate the relation between inflammatory response and prognosis of BLCA and thus to evaluate the potential prognostic value of inflammatory response-related genes (IRGs) in therapeutic choices. Methods: The study utilized the gene expression profiles from the The Cancer Genome Atlas and Gene Expression Omnibus (GSE32894) datasets. Differentially expressed IRGs between normal and tumor tissues were identified, and 10 of them were correlated with overall survival (OS) (p < 0.05). Then, the LASSO-Cox regression analysis was applied to optimize the signature. RNA sequencing data of patients with BLCA from GSE32894 were applied as a validation set. Cox regression analyses of the seven-gene signature were performed to examine the efficiency of signature in predicting prognosis. Receiver operating characteristic curve analysis was applied to measure the predictive performance of the risk score for OS. Analysis of independent prognostic factors, downstream functional enrichment, drug sensitivity, and immune features were included in this study. Results: The IRG signature (LDLR, ROS1, MMP14, TNFAIP6, MYC, PTGER4, and RIPK2) was used to divide patients into high- and low-risk groups. Cox regression analyses revealed that the risk score was an independent predictive factor. Functional enrichment analysis revealed that genes were enriched in prognosis-related molecular functions and immune-related biological processes. Drug sensitivity and tumor microenvironment correlation analysis indicated that the signature was related to immunotherapy effect. Conclusion: The study defined a new prognostic signature consisting of seven IRGs, which could effectively predict the prognosis of patients with BLCA and reveal relationship of immune features in BLCA with different risk scores. The study also provided a possible indicator for targeted therapy.Copyright © 2022 Zheng, Luo, Li, Peng, Zhou, Tang, Cheng and Wu.",Journal Article,Zheng H; Luo W; Li Y; Peng G; Zhou D; Tang D; Cheng J; Wu S,single_gene_mechanistic
35217715,10.1038/s41598-022-07334-w,2022,Scientific reports,"An immune-related lncRNA model for predicting prognosis, immune landscape and chemotherapeutic response in bladder cancer.","Long noncoding RNAs (lncRNAs) participate in cancer immunity. We characterized the clinical significance of an immune-related lncRNA model and evaluated its association with immune infiltrations and chemosensitivity in bladder cancer. Transcriptome data of bladder cancer specimens were employed from The Cancer Genome Atlas. Dysregulated immune-related lncRNAs were screened via Pearson correlation and differential expression analyses, followed by recognition of lncRNA pairs. Then, a LASSO regression model was constructed, and receiver operator characteristic curves of one-, three- and five-year survival were established. Akaike information criterion (AIC) value of one-year survival was determined as the cutoff of high- and low-risk subgroups. The differences in survival, clinical features, immune cell infiltrations and chemosensitivity were compared between subgroups. Totally, 90 immune-related lncRNA pairs were identified, 15 of which were screened for constructing the prognostic model. The area under the curves of one-, three- and five-year survival were 0.806, 0.825 and 0.828, confirming the favorable predictive performance of this model. According to the AIC value, we clustered patients into high- and low-risk subgroups. High-risk score indicated unfavorable outcomes. The risk model was related to survival status, age, stage and TNM. Compared with conventional clinicopathological characteristics, the risk model displayed higher predictive efficacy and served as an independent predictor. Also, it could well characterize immune cell infiltration landscape and predict immune checkpoint expression and sensitivity to cisplatin and methotrexate. Collectively, the model conducted by paring immune-related lncRNAs regardless of expressions exhibits a favorable efficacy in predicting prognosis, immune landscape and chemotherapeutic response in bladder cancer.© 2022. The Author(s).","Journal Article; Research Support, Non-U.S. Gov't",Hou J; Liang S; Xie Z; Qu G; Xu Y; Yang G; Tang C,non_mrna_feature
35265613,10.3389/fcell.2022.810272,2022,Frontiers in cell and developmental biology,Identification and Quantification of Iron Metabolism Landscape on Therapy and Prognosis in Bladder Cancer.,"The morbidity of bladder cancer (BLCA) is high and has gradually elevated in recent years. BLCA is also characterized by high recurrence and high invasiveness. Due to the drug resistance and lack of effective prognostic indicators, the prognosis of patients with BLCA is greatly affected. Iron metabolism is considered to be a pivot of tumor occurrence, progression, and tumor microenvironment (TME) in tumors, but there is little research in BLCA. Herein, we used univariate COX regression analysis to screen 95 prognosis-related iron metabolism-related genes (IMRGs) according to transcription RNA sequencing and prognosis information of the Cancer Genome Atlas (TCGA) database. TCGA-BLCA cohort was clustered into four distinct iron metabolism patterns (C1, C2, C3, and C4) by the non-negative matrix factorization (NMF) algorithm. Survival analysis showed that C1 and C3 patterns had a better prognosis. Gene set variant analysis (GSVA) revealed that C2 and C4 patterns were mostly enriched in carcinogenic and immune activation pathways. ESTIMATE and single sample gene set enrichment analysis (ssGSEA) also confirmed the level of immune cell infiltration in C2 and C4 patterns was significantly elevated. Moreover, the immune checkpoint genes in C2 and C4 patterns were observably overexpressed. Studies on somatic mutations showed that the tumor mutation burden (TMB) of C1 and C4 patterns was the lowest. Chemotherapy response assessment revealed that C2 pattern was the most sensitive to chemotherapy, while C3 pattern was the most insensitive. Then we established the IMRG prognosis signature (IMRGscore) by the least absolute shrinkage and selection operator (LASSO), including 13 IMRGs (TCIRG1, CTSE, ATP6V0A1, CYP2C8, RNF19A, CYP4Z1, YPEL5, PLOD1, BMP6, CAST, SCD, IFNG, and ASIC3). We confirmed IMRGscore could be utilized as an independent prognostic indicator. Therefore, validation and quantification of iron metabolism landscapes will help us comprehend the formation of the BLCA immunosuppressive microenvironment, guide the selection of chemotherapeutic drugs and immunotherapy, and predict the prognosis of patients.Copyright © 2022 Song, Xin, Zhang, Mao, Duan, Cui, Chen, Li, Liu, Wang, Liu, Liu and Song.",Journal Article,Song X; Xin S; Zhang Y; Mao J; Duan C; Cui K; Chen L; Li F; Liu Z; Wang T,not_signature_model
35243106,10.1016/j.heliyon.2022.e08994,2022,Heliyon,Immunological significance of alternative splicing prognostic signatures for bladder cancer.,"Bladder cancer (BLCA) is the most common malignant tumor in the genitourinary system, and the complex tumor microenvironment (TME) of BLCA is the main factor in its difficult treatment. Accumulated evidence supports that alternative splicing (AS) events frequently occur in cancer and are closely related to the TME. Therefore, there is an urgent need to comprehensively analyze the prognostic value of AS events in BLCA.The clinical, transcriptome and AS data of BLCA were downloaded from the Cancer Genome Atlas database, and a Cox proportional hazard regression model and LASSO regression were used to establish a prognostic signature. Then, the prognostic value of the signature was verified by clinical survival status, clinicopathologic features, tumor immune microenvironment (TIME), and immune checkpoint. Next, we screened the AS-related genes with the largest expression differences between tumor and normal samples by gene differential expression analysis. Finally, the regulatory network of AS-splicing factors (SFs) was established to unravel the potential regulatory mechanism of AS events in BLCA.A BLCA prognostic signature related to seven AS events was constructed, and the prognostic value of the signature was also verified from multiple perspectives. Moreover, there was significant abnormal expression of PTGER3, a gene implicated in AS events, the expression of which was associated with the survival, clinicopathological features, TIME, and immunotherapy of BLCA, suggesting that it has potential clinical application value. Furthermore, the AS-SF regulatory network indicated that splicing factors (PRPF39, LUC7L, HSPA8 and DDX21) might be potential biomarkers of BLCA.Our study revealed the potential role of AS events in the prognosis, TIME and immunotherapy of BLCA and yielded new insights into the molecular mechanisms of and personalized immunotherapy for BLCA.© 2022 The Author(s).",Journal Article,Li X; Yang L; Huang W; Jia B; Lai Y,non_mrna_feature
35154513,10.1155/2022/7931393,2022,Disease markers,Prognosis Risk Model Based on Pyroptosis-Related lncRNAs for Bladder Cancer.,"Bladder cancer (BC) is the most common malignancy in the urinary system and is prone to recurrence and metastasis. Pyroptosis is a kind of cell necrosis that is triggered by the gasdermin protein family. lncRNAs are noncoding RNAs that are more than 200 nucleotides long. Both pyroptosis and lncRNAs are associated with tumor development and progression. This study is aimed at exploring and establishing a prognostic signature of BC based on pyroptosis-related lncRNAs.In this study, The Cancer Genome Atlas (TCGA) database provided us with the RNA sequencing transcriptome data of bladder cancer patients, and we identified differentially expressed pyroptosis-related lncRNAs in bladder cancer. Then, the prognostic significance of these lncRNAs was assessed using univariate Cox regression analysis and LASSO regression analysis. Subsequently, 4 pyroptosis-related lncRNAs, namely, AL121652.1, AL161729.4, AC007128.1, and AC124312.3, were identified by multivariate Cox regression analysis, thus constructing the prognostic risk model. Then, we compared the levels of immune infiltration, differences in cell function, immune checkpoints, and m6A-related gene expression levels between the high- and low-risk groups.Patients were divided into low-risk or high-risk groups based on the median risk score. Kaplan-Meier survival analysis indicated that the overall survival of bladder cancer patients in the low-risk group was substantially superior to that in the high-risk group (p < 0.001). The receiver operating characteristic (ROC) curve further confirmed the credibility of our model. Moreover, gene set enrichment analysis (GSEA) indicated that these were different signal pathways significantly enriched between the two groups. Immune infiltration, immune checkpoint, and N6-methyladenosine-related gene analysis also reflected that there were notable differences between the two groups.Therefore, this prognostic risk model is based on the level of pyroptotic lncRNAs, which is conducive to individualized assessment of the risk of patients and provides a reference for clinical treatment. This will also help provide insights into the prognosis and treatment of bladder cancer.Copyright © 2022 Zechao Lu et al.",Journal Article,Lu Z; Tang F; Li Z; Lai Y; Lu Z; Zhang J; Tang Z; Cai W; He Z,non_mrna_feature
35092511,10.1007/s12032-021-01635-2,2022,"Medical oncology (Northwood, London, England)",A 12-chemokine gene signature is associated with the enhanced immunogram scores and is relevant for precision immunotherapy.,"Advances in the understanding of checkpoint blockade immunotherapy have suggested that boosting the cancer-immunity cycle (CIC) can help induce regression of tumors. However, good efficacy only occurs in a subset of patients. Predictive biomarkers that can reflect the tumor microenvironment (TME) and CIC may have great potential. More recently, the presence of intratumoral tertiary lymphoid structures (TLSs) has also been correlated with clinical benefit in patients. In this study, we comprehensively measured the immunogram scores (IGSs) for the CIC and explored the associations between immunological and mutational features and a 12-chemokine metagene TLS signature in data from The Cancer Genome Atlas (TCGA). Three immunotherapy datasets were further applied for validation. In the TCGA dataset, we observed that the 12-chemokine TLS signature score was positively associated with the enhanced IGSs as represented by increased tumor mutational burden (TMB) and neoantigen burden (TNB), enriched immune cell (IC) infiltration, and elevated cytolytic activity and checkpoint expression. Specifically, in bladder cancer and melanoma, the high 12-chemokine TLS signature score was found to potentially reflect an expanded cancer-immunity status characterized by high TNB and an immune-inflamed feature. The predictive and prognostic value of the 12-chemokine TLS signature was further validated in several immunotherapy datasets. The score of the 12-chemokine TLS signature may serve as a pancancer marker of the immune-active phenotype. The 12-chemokine TLS signature showed promise as a predictive and prognostic biomarker for ICB efficacy, especially in melanoma and bladder cancer.© 2022. The Author(s), under exclusive licence to Springer Science+Business Media, LLC, part of Springer Nature.",Journal Article,Li X; Wan Z; Liu X; Ou K; Yang L,not_bladder
35141159,10.3389/fonc.2022.774307,2022,Frontiers in oncology,Comprehensive Analysis of N6-Methylandenosine-Related Long Non-Coding RNAs Signature in Prognosis and Tumor Microenvironment of Bladder Cancer.,"To investigate the role of N6-methyladenosine (m6A)- related long non-coding RNAs (lncRNAs) in bladder cancer (BC). 50 m6A-related lncRNAs were screened out and were correlated with prognosis from BC samples in The Cancer Genome Atlas (TCGA). The lncRNAs were subdivided into cluster 1 and cluster 2 with consensus cluster analysis, and it was found that lncRNAs in cluster 2 were associated with poor prognosis and increased PD-L1 expression. Gene set enrichment analysis (GSEA) revealed tumor-related pathways in cluster 2. Through least absolute shrinkage and selection operator (LASSO) Cox regression analysis, univariate and multivariate Cox regression, and ROC analyses, 14 prognostic lncRNAs were selected and used to construct the m6A-related lncRNA prognostic signature (m6A-LPS), furthermore, that m6A-LPS was as a valuable independent prognostic factor. Interestingly, the m6A-LPS risk score was positively correlated with the immune score, PD-L1 expression, and the infiltration of immune cell subtypes in BC. SNHG16, a member of the high-risk group based on m6A-LPS, was highly expressed in BC tissues and cell lines and interfered with siRNA resulted in suppressed proliferation, migration, and invasion in vitro. Our study illustrates the role of m6A-related lncRNAs in BC. The m6A-LPS may be an important regulatory target of the tumor microenvironment (TME) in BC.Copyright © 2022 Chen, Zhu, Yu, Xia, Xing, Geng and Cheng.",Journal Article,Chen K; Zhu S; Yu W; Xia Y; Xing J; Geng J; Cheng F,non_mrna_feature
34530089,10.1016/j.gene.2021.145966,2022,Gene,Construction and verification of a prognostic risk model based on immunogenomic landscape analysis of bladder caner.,"This study was designed to construct a prognostic risk model to predict prognosis and immunotherapy response of bladder cancer (BCa) patinets. 350 differential expressed immune-related genes (DEIRGs) were obtained according to the transcriptome profiling and immune-related genes from the Cancer Genome Atlas (TCGA) database and ImmPort database, respectively. A prognostic risk model was constructed based on 15 hub genes through univariate, multivariate, and LASSO Cox regression analyses. The area under the receiver operating characteristic (ROC) curve was 0.743, indicating the superiority of the model. The scatter plot showed that as the risk score increased, the overall survival decreased significantly. In addition, all results were internally verified by the TCGA cohort. The model showed that the higher the grade, clinical stage, and TNM stage of BCa, the higher the risk score of patients. The tumor mutation burden of the low-risk group was generally higher than that of the high-risk group. Immune cell infiltration analysis showed that CD8 T cells, naive CD4 T cells, follicular helper T cells and M0 Macrophage were significantly different between the two groups. Several key immune checkpoint genes were found to be significantly different between the two groups, such as CTLA4, PD-L1, CD47, CD276, CXCL8, and HAVCR2/TIM3. Finally, the analysis of immunotherapy revealed that the efficacy of CTLA4 or PD1 blockers alone was better in the low-risk group than in the high-risk group. Taken together, we developed and validated a prognostic risk model based on 15 hub genes, which performed well in predicting prognosis and immunotherapy response of BCa patients.Copyright © 2021 The Author(s). Published by Elsevier B.V. All rights reserved.",Journal Article,Zhang Y; Xie Y; Feng Y; Wang Y; Xu X; Zhu S; Xu F; Feng N,not_bladder
34816620,10.1002/cam4.4443,2022,Cancer medicine,Long noncoding RNAs to predict postoperative recurrence in bladder cancer and to develop a new molecular classification system.,"Reliable molecular markers are much needed for early prediction of recurrence in muscle-invasive bladder cancer (MIBC) patients. We aimed to build a long-noncoding RNA (lncRNA) signature to improve recurrence prediction and lncRNA-based molecular classification of MIBC.LncRNAs of 320 MIBC patients from the Cancer Genome Atlas (TCGA) database were analyzed, and a nomogram was established. A molecular classification system was created, and immunotherapy and chemotherapy response predictions, immune score analysis, immune infiltration analysis, and mutational data analysis were conducted. Survival analysis validation was also performed.An eight-lncRNA signature classifed the patients into high- and low-risk subgroups, and these groups had significantly different (disease-free survival) DFS. The ability of the eight-lncRNA signature to make an accurate prognosis was tested using a validation dataset from our samples. The nomogram achieved a C-index of 0.719 (95% CI, 0.674-0.764). Time-dependent receiver operating characteristic curve (ROC) analysis indicated the superior prognostic accuracy of nomograms for DFS prediction (0.76, 95% CI, 0.697-0.807). Further, the four clusters (median DFS = 11.8, 15.3, 17.9, and 18.9 months, respectively) showed a high frequency of TTN (cluster 1), fibroblast growth factor receptor-3 (cluster 2), TP53 (cluster 3), and TP53 mutations (cluster 4), respectively. They were enriched with M2 macrophages (cluster 1), CD8+ T cells (cluster 2), M0 macrophages (cluster 3), and M0 macrophages (cluster 4), respectively. Clusters 2 and 3 demonstrated potential sensitivity to immunotherapy and insensitivity to chemotherapy, whereas cluster 4 showed potential insensitivity to immunotherapy and sensitivity to chemotherapy.The eight-lncRNA signature risk model may be a reliable prognostic signature for MIBC, which provides new insights into prediction of recurrence of MIBC. The model may help clinical decision and eventually benefit patients.© 2021 The Authors. Cancer Medicine published by John Wiley & Sons Ltd.","Journal Article; Research Support, Non-U.S. Gov't",Li Z; Jiang L; Zhang Z; Deng M; Wei W; Tang H; Guo S; Ye Y; Yao K; Liu Z,non_mrna_feature
34738881,10.1080/21655979.2021.2000122,2021,Bioengineered,Multi-Omics analysis identifies a lncRNA-related prognostic signature to predict bladder cancer recurrence.,"Bladder cancer (BLCA) is one of the most common cancers worldwide with high recurrence rate. Hence, we intended to establish a recurrence-related long non-coding RNA (lncRNA) model of BLCA as a potential biomarker based on multi-omics analysis. Multi-omics data including copy number variation (CNV) data, mutation annotation files, RNA expression profiles and clinical data of The Cancer Genome Atlas (TCGA) BLCA cohort (303 cases) and GSE31684 (93 cases) were downloaded from public database. With multi-omics analysis, twenty lncRNAs were identified as the candidates related with BLCA recurrence, CNVs and mutations in training set. Ten-lncRNA signature were established using least absolute shrinkage and selection operation (LASSO) and Cox regression. Then, various survival analysis was used to assess the power of lncRNA model in predicting BLCA recurrence. The results showed that the recurrence-free survival time of high-risk group was significantly shorter than that of low-risk group in training and testing sets, and the predictive value of ten-lncRNA signature was robust and independent of other clinical variables. Gene Set Enrichment Analysis (GSEA) showed this signature were associated with immune disorders, indicating this signature may be involved in tumor immunology. After compared with the other reported lncRNA signatures, ten-lncRNA signature was validated as a superior prognostic model in predicting the recurrence of BLCA. The effectiveness of the model was also evaluated in bladder cancer samples via qRT-PCR. Thus, the novel ten-lncRNA signature, constructed based on multi-omics data, had robust prognostic power in predicting the recurrence of BLCA and potential clinical implications as biomarkers.","Journal Article; Research Support, Non-U.S. Gov't",Xu Z; Chen H; Sun J; Mao W; Chen S; Chen M,non_mrna_feature
34802433,10.1186/s12885-021-08981-4,2021,BMC cancer,An effective N6-methyladenosine-related long non-coding RNA prognostic signature for predicting the prognosis of patients with bladder cancer.,"Bladder cancer (BLCA) typically has a poor prognosis due to high relapse and metastasis rates. A growing body of evidence indicates that N6-methyladenosine (m6A) and long non-coding RNAs (lncRNAs) play crucial roles in the progression of BLCA and the treatment response of patients with BLCA. Therefore, we conducted a comprehensive RNA-seq analysis of BLCA using data from The Cancer Genome Atlas (TCGA) to establish an m6A-related lncRNA prognostic signature (m6A-RLPS) for BLCA.Consensus clustering analysis was used to investigate clusters of BLCA patients with varying prognoses. The least absolute shrinkage and selection operator Cox regression were used to develop the m6A-RLPS. The ESTIMATE and CIBERSORT algorithms were used to evaluate the immune composition.A total of 745 m6A-related lncRNAs were identified using Pearson correlation analysis (|R| > 0.4, p < 0.001). Fifty-one prognostic m6A-related lncRNAs were screened using univariate Cox regression analysis. Through consensus clustering analysis, patients were divided into two clusters (clusters 1 and 2) with different overall survival rates and tumor stages based on the differential expression of the lncRNAs. Enrichment analysis demonstrated that terms related to tumor biological processes and immune-related activities were increased in patient cluster 2, which was more likely to exhibit low survival rates. Nine m6A-related prognostic lncRNAs were finally determined and subsequently used to construct the m6A-RLPS, which was verified to be an independent predictor of prognosis using univariate and multivariate Cox regression analyses. Further, a nomogram based on age, tumor stage, and the m6A-RLPS was generated and showed high accuracy and reliability with respect to predicting the survival outcomes of BLCA patients. The prognostic signature was found to be strongly correlated to tumor-infiltrating immune cells and immune checkpoint expression.We established a novel m6A-RLPS with a favorable prognostic value for patients with BLCA. We believe that this prognostic signature can provide new insights into the tumorigenesis of BLCA and predict the treatment response in patients with BLCA.© 2021. The Author(s).",Journal Article,Ma T; Wang X; Meng L; Liu X; Wang J; Zhang W; Tian Z; Zhang Y,non_mrna_feature
34663340,10.1186/s12957-021-02419-8,2021,World journal of surgical oncology,Prognostic value of immune-related lncRNA pairs in patients with bladder cancer.,"The characteristics of immune-related long non-coding ribonucleic acids (ir-lncRNAs), regardless of their specific levels, have important implications for the prognosis of patients with bladder cancer.Based on The Cancer Genome Atlas database, original transcript data were analyzed. The ir-lncRNAs were obtained using a coexpression method, and their differentially expressed pairs (DE-ir-lncRNAs) were identified by univariate analysis. The lncRNA pairs were verified using a Lasso regression test. Thereafter, receiver operating characteristic curves were generated, and an optimal risk model was established. The clinical value of the model was verified through the analysis of patient survival rates, clinicopathological characteristics, presence of tumor-infiltrating immune cells, and chemotherapy efficacy evaluation.In total, 49 pairs of DE-ir-lncRNAs were identified, of which 21 were included in the Cox regression model. A risk regression model was established on the premise of not involving the specific expression value of the transcripts.The method and model used in this study have important clinical predictive value for bladder cancer and other malignant tumors.© 2021. The Author(s).",Journal Article,Gao Z; Wu D; Zheng W; Zhu T; Sun T; Yuan L; Fei F; Fu P,non_mrna_feature
33869042,10.3389/fonc.2021.647236,2021,Frontiers in oncology,Autophagy-Related Long Non-coding RNA Is a Prognostic Indicator for Bladder Cancer.,"Bladder cancer (BC) is one of the most common malignant urinary system tumors, and its prognosis is poor. In recent years, autophagy has been closely linked to the development of BC. Therefore, we investigated the potential prognostic role of autophagy-related long non-coding RNA (lncRNA) in patients with BC. We obtained the lncRNA information and autophagy genes, respectively, from The Cancer Genome Atlas (TCGA) data set and the human autophagy database (HADb) and performed a co-expression analysis to identify autophagy gene-associated lncRNAs. Then, we divided the data into training group and testing group. In the training group, 15 autophagy-related lncRNAs were found to have a prognostic value (AC026369.3, USP30-as1, AC007991.2, AC104785.1, AC010503.4, AC037198.1, AC010331.1, AF131215.6, AC084357.2, THUMPD3-AS1, U62317.4, MAN1B1-DTt, AC024060.1, AL662844.4, and AC005229.4). The patients were divided into low-risk group and high-risk group based on the prognostic lncRNAs. The overall survival (OS) time for the high-risk group was shorter than that for the low-risk group [risk ratio (hazard ratio, HR) = 1.08, 95% CI: 1.06-1.10; p < 0.0001]. Using our model, the defined risk value can predict the prognosis of a patient. Next, the model was assessed in the TCGA testing group to further validate these results. A total of 203 patients with BC were recruited to verify the lncRNA characteristics. We divided these patients into high-risk group and low-risk group. The results of testing data set show that the survival time of high-risk patients is shorter than that of low-risk patients. In the training group, the area under the curve (AUC) was more than 0.7, indicating a high level of accuracy. The AUC for a risk model was greater than that for each clinical feature alone, indicating that the risk value of a model was the best indicator for predicting the prognosis. Further training data analysis showed that the gene set was significantly enriched in cancer-related pathways, including actin cytoskeleton regulation and gap junctions. In conclusion, our 15 autophagy-related lncRNAs have a prognostic potential for BC, and may play key roles in the biology of BC.Copyright © 2021 Wan, Guo, Fang, Xu, Hu and Luo.",Journal Article,Wan J; Guo C; Fang H; Xu Z; Hu Y; Luo Y,non_mrna_feature
33850758,10.21037/tau-20-1353,2021,Translational andrology and urology,Identification and validation of a prognostic immune-related lncRNA signature in bladder cancer.,"Recently, researches have implied that immune-related lncRNAs (IR-lncRNAs) have a vital role in tumor occurrence and development. However, the study in bladder cancer (Bca) is still unclear. New biomarkers and reliable prognostic models for Bca are still limited. Here, we investigated the potential application value of immune-related lncRNAs in the prognostic evaluation of Bca patients.We obtained clinical information and corresponding sequencing data from the The Cancer Genome Atlas (TCGA) database, and the cohort of Bca patients was divided into training and validation cohorts (ratio 7:3) randomly. An immune-related lncRNA co-expression network was constructed to identify immune-related lncRNAs. The candidate module intimately associated with overall survival (OS) was identified by using weighted gene co-expression network analysis (WGCNA). Univariate, multivariate Cox regression and LASSO analysis were performed to build the immune-related lncRNA signature. A prognostic model was further developed and its prognostic value was evaluated by Kaplan-Meier (KM) analysis. GSEA, KEGG analysis and GO annotation were used for functional annotation in this study.Totally, we identified 1,249 differentially expressed IR-lncRNAs were and six of which (AC005674.2, AC090948.1, TFAP2A-AS1, AL354919.2, AC011468.1 and AC018809.2) were finally selected in the gene signature. According to survival analysis, patients with high-risk scores were significantly related to poor survival outcomes. Furthermore, we established a novel gene signature demonstrated high prognostic value, and can be utilized as an independent risk factor (validation cohort: P<0.001, HR =3.832; training cohort: P<0.001, HR =2.843). Additionally, we built a nomogram on account of the clinicopathologic characteristics and gene signature to predict the survival probability of 1-, 3- and 5-year in Bca patients. The value of AUC curve of 1-, 3- and 5-year survival probability was 0.724, 0.777 and 0.77, severally. Furthermore, some enrichment pathways were identified by KEGG and GO analysis, and might be useful to display the potential mechanism for Bca.Our results indicated that the signature of six immune-related lncRNAs had an underlying value in the prognosis of Bca patients and might be helpful for the immunotherapy of Bca.2021 Translational Andrology and Urology. All rights reserved.",Journal Article,Zhao K; Zhang Q; Zeng T; Zhang J; Song N; Wang Z,non_mrna_feature
33535616,10.3390/ijms22031450,2021,International journal of molecular sciences,A Molecular Signature Determines the Prognostic and Therapeutic Subtype of Non-Muscle-Invasive Bladder Cancer Responsive to Intravesical Bacillus Calmette-Guérin Therapy.,"Non-muscle-invasive bladder cancer (NMIBC) is clinically heterogeneous; thus, many patients fail to respond to treatment and relapse. Here, we identified a molecular signature that is both prognostic and predictive for NMIBC heterogeneity and responses to Bacillus Calmette-Guérin (BCG) therapy. Transcriptomic profiling of 948 NMIBC patients identified a signature-based subtype predictor, MSP888, along with three distinct molecular subtypes: DP.BCG+ (related to progression and response to BCG treatment), REC.BCG+ (related to recurrence and response to BCG treatment), and EP (equivocal prognosis). Patients with the DP.BCG+ subtype showed worse progression-free survival but responded to BCG treatment, whereas those with the REC.BCG+ subtype showed worse recurrence-free survival but responded to BCG treatment. Multivariate analyses revealed that MSP888 showed independent clinical utility for predicting NMIBC prognosis (each p = 0.001 for progression and recurrence, respectively). Comparative analysis of this classifier and previously established molecular subtypes (i.e., Lund taxonomy and UROMOL class) revealed that a great proportion of patients were similar between subtypes; however, the MSP888 predictor better differentiated biological activity or responsiveness to BCG treatment. Our data increase our understanding of the mechanisms underlying the poor prognosis of NMIBC and the effectiveness of BCG therapy, which should improve clinical practice and complement other diagnostic tools.",Journal Article,Kim SK; Park SH; Kim YU; Byun YJ; Piao XM; Jeong P; Kim K; Lee HY; Seo SP; Kang HW,not_signature_model
33552945,10.3389/fonc.2020.542140,2020,Frontiers in oncology,Identification of Immune-Related lncRNA Signature to Predict Prognosis and Immunotherapeutic Efficiency in Bladder Cancer.,"Identify immune-related lncRNA (IRL) signature related to the prognosis and immunotherapeutic efficiency for bladder cancer (BLCA) patients.A total of 397 samples, which contained RNA-seq and clinical information from The Cancer Genome Atlas (TCGA) database, were used for the following study. Then the Lasso penalized Cox proportional hazards regression model was used to construct prognostic signature. According to the optimal cut-off value determined by time-dependent ROC curve, low and high-risk groups were set up. One immunotherapy microarray dataset as validation set was used to verify the ability of predicting immunotherapy efficacy. Furthermore, more evaluation between two risk groups related clinical factors were conducted. Finally, external validation of IRL-signature was conducted in Zhengzhou cohort.Four IRLs (HCP5, IPO5P1, LINC00942, and LINC01356) with significant prognostic value (P<0.05) were distinguished. This signature can accurately predict the overall survival of BLCA patients and was verified in the immunotherapy validation set. IRL-signatures can be used as independent prognostic risk factor in various clinical subgroups. According to the results of GSVA and MCP algorithm, we found that IRL-signature risk score is strikingly negative correlated with tumor microenvironment (TME) CD8+T cells and Cytotoxic lymphocytes infiltration, indicating that the better prognosis and immunotherapy might be caused partly by these. Then, the results from the TIDE analysis revealed that IRL could efficiently predict the response of immunotherapy in BLCA. External validation had similar results with TCGA-BLCA cohort.The novel IRL-signature has a significant prognostic value for BLCA patients might facilitate predicting the efficacy of immunotherapy.Copyright © 2021 Zhang, Li, Zhan, Wang, Zhu and Zhang.",Journal Article,Zhang L; Li L; Zhan Y; Wang J; Zhu Z; Zhang X,non_mrna_feature
33270518,10.1089/dna.2020.6014,2021,DNA and cell biology,A Competing Endogenous RNA Network and an 8-lncRNA Prognostic Signature Identify MYO16-AS1 as an Oncogenic lncRNA in Bladder Cancer.,"Recently, growing evidence has shed light on the competitive endogenous RNAs (ceRNAs) activity of long noncoding RNAs (lncRNAs) in carcinogenesis and tumor progression. To better elucidate the regulatory mechanisms of lncRNA in muscle-invasive bladder cancer (MIBC), we identified aberrantly expressed mRNAs, lncRNAs, and miRNAs in tumor tissues by using RNA sequence profiles from The Cancer Genome Atlas. The MIBC-specific ceRNA network, including 58 lncRNAs, 22 miRNAs, and 52 mRNAs, was constructed and visualized in Cytoscape. Further, using the univariate and multivariate Cox regression model, we screened 8 lncRNAs (AC078778.1, LINC00525, AC008676.1, AP000553.1, SACS-AS1, AC009065.1, AC127496.3, and MYO16-AS1) to construct an lncRNA signature for predicting the overall survival of MIBC patients. Kaplan-Meier analysis and a receiver operating characteristic curve were applied to evaluate the performance of the signature. Real-time quantitative PCR analysis was carried out to test expression levels of the 8 lncRNAs in MIBC patient tissues. Transwell assays demonstrated that overexpressing MYO16-AS1 can enhance UMUC2 migration and invasion. Our study offers a novel lncRNA-correlated ceRNA model to better understand the molecular mechanisms involved in MIBC. In addition, we developed an independent 8-lncRNAs biomarker for prognostic prediction and identified MYO16-AS1 as an oncogenic lncRNA in bladder cancer.",Journal Article,Shen D; Zhang Y; Zheng Q; Yu S; Xia L; Cheng S; Li G,non_mrna_feature
32471889,10.1136/jclinpath-2020-206631,2021,Journal of clinical pathology,Immune gene expression profiles in high-grade urothelial carcinoma of the bladder: a NanoString study.,"The advent of immune checkpoint inhibitor therapy has proven beneficial in a subset of high-grade urothelial carcinomas (HGUC) of the bladder. Although treatment selection is currently largely determined by programmed death-ligand 1 (PD-L1) status, multiple factors in the immune system may modulate the host immune response to HGUC and immunotherapy. In this pilot study, we used a transcriptomic approach to identify the immune milieu associated with PD-L1 expression to enhance our understanding of the HGUC immune evasion network.The immune transcriptome of 40 HGUC cystectomy cases was profiled using the NanoString nCounter Human V.1.1 PanCancer Panel. All cases were assessed for associated PD-L1 status (SP263) using whole tissue sections. PD-L1 status was determined as high or low using 25% tumour and/or immune cell staining.The most significantly differentially expressed gene was PD-L1 messenger RNA (CD274), which strongly correlated with protein expression (r=0.720, p<0.001). The sensitivity, specificity, positive and negative predictive values of CD274 for PD-L1 expression were 85%, 96%, 92% and 93%, respectively. The PD-L1 associated gene signature also included complement components C1QA and CD46 and NOD2 (innate immune system), proinflammatory cytokines CXCL14, CXCL16, CCL3, CCL3L1 and OSM along with the immune response mediator SMAD3, among others. Pathway analysis determined enrichment of these genes in interleukin-10 production, lymphocyte chemotaxis and aberrant IFNγ, NF-κB and ERK signalling networks.We report key genes and pathways in the immune transcriptome and their association with PD-L1 status, which may be involved in immune evasion of HGUC and warrants further investigation.© Author(s) (or their employer(s)) 2021. No commercial re-use. See rights and permissions. Published by BMJ.",Journal Article,Olkhov-Mitsel E; Hodgson A; Liu SK; Vesprini D; Bayani J; Bartlett J; Xu B; Downes MR,no_clinical_endpoint
33324071,10.2147/OTT.S284167,2020,OncoTargets and therapy,Extracellular Matrix-Related Six-lncRNA Signature as a Novel Prognostic Biomarker for Bladder Cancer.,"Bladder cancer (BC) is the fourth-commones cancer and the sixth-leading cause of cancer-related death among men. However, a lack of reliable biomarkers remains a problem forprognosis and treatment of BC. lncRNAs have been shown to play important roles in various cancers, and have emerged as promising biomarkers for cancer prognosis and treatment.In this study, using univariate and multivariate Cox regression analysis, we examined the differential expression profiles of 1,651 lncRNAs in the TCGA BLCA cohort and created a prognostic gene signature composed of six lncRNAs (for SNHG12, MAFG- DT, ASMTL-AS1, LINC02321, LINC01322, and LINC00922), designed the SMALLL signature.The SMALLL signature displayed significant prognostic power for overall survival for BC patients in multiple cohorts. Gene Ontology analysis showed that genes coexpressed with the SMALLL signature were associated with the extracellular matrix network, and immune cell-infiltration analysis showed that activated naïve B cells, regulatory T cells, M0 macrophages, eosinophils, resting memory CD4 T cells and resting NK cells were significantly different in high- and low-risk groups. We also confirmed differential expression of the lncRNAs of the SMALLL signature in BC tissue and paracancer normal tissue by qRT-PCR analysis. Cell-invasion and -migration experiments showed that MAFG-AS1, ASMTL-AS1, LINC02321, and LINC00922 significantly affected cell invasion and migration.Our study revealed that the lncRNA signature is an important predictive factor of prognosis and provides a promising biomarker for BC.© 2020 Qing et al.",Journal Article,Qing L; Gu P; Liu M; Shen J; Liu X; Guang R; Ke K; Huang Z; Lee W; Zhao H,non_mrna_feature
32882873,10.3390/cancers12092476,2020,Cancers,Cancer-Specific Immune Prognostic Signature in Solid Tumors and Its Relation to Immune Checkpoint Therapies.,"To elucidate the role of immune cell infiltration as a prognostic signature in solid tumors, we analyzed immune-function-related genes from four publicly available single-cell RNA-Seq data sets and twenty bulk tumor RNA-Seq data sets from The Cancer Genome Atlas (TCGA). Unsupervised clustering of pan-cancer transcriptomic signature showed two major immune function types: one related to NK-, T-, and B-cell functions and the other related to monocyte, macrophage, dendritic cell, and Toll-like receptor functions. Kaplan-Meier analysis showed differential prognosis of these two groups, dependent on the cancer type. Our analysis of TCGA solid tumors with an elastic net model identified 155 genes associated with disease-free survival in different tumor types with varied influence across different cancer types. With this gene set, we computed cancer-specific prognostic immune score models for individual cancer types that predicted disease-free and overall survival. Validation of our model on available published data of immune checkpoint blockade therapies on melanoma, kidney renal cell carcinoma, non-small cell lung cancer, gastric cancer and bladder cancer confirmed that cancer-specific higher immune scores are associated with response to immunotherapy. Our analysis provides a comprehensive map of cancer-specific immune-related prognostic gene sets that are associated with immunotherapy response.",Journal Article,Das S; Camphausen K; Shankavaram U,not_bladder
32805727,10.18632/aging.103718,2020,Aging,An autophagy-related long non-coding RNA prognostic signature accurately predicts survival outcomes in bladder urothelial carcinoma patients.,"In this study, we analyzed the prediction accuracy of an autophagy-related long non-coding RNA (lncRNA) prognostic signature using bladder urothelial carcinoma (BLCA) patient data from The Cancer Genome Atlas (TCGA) database. Univariate and multivariate Cox regression analyses showed significant correlations between five autophagy-related lncRNAs, LINC02178, AC108449.2, Z83843.1, FAM13A-AS1 and USP30-AS1, and overall survival (OS) among BCLA patients. The risk scores based on the autophagy-related lncRNA prognostic signature accurately distinguished high- and low-risk BCLA patients that were stratified according to age; gender; grade; and AJCC, T, and N stages. The autophagy-related lncRNA signature was an independent prognostic predictor with an AUC value of 0.710. The clinical nomogram with the autophagy-related lncRNA prognostic signature showed a high concordance index of 0.73 and accurately predicted 1-, 3-, and 5-year survival times among BCLA patients in the high- and low-risk groups. The lncRNA-mRNA co-expression network contained 77 lncRNA-mRNA links among 5 lncRNAs and 49 related mRNAs. Gene set enrichment analysis showed that cancer- and autophagy-related pathways were significantly enriched in the high-risk group, and immunoregulatory pathways were enriched in the low-risk group. These findings demonstrate that an autophagy-related lncRNA signature accurately predicts the prognosis of BCLA patients.",Journal Article,Sun Z; Jing C; Xiao C; Li T,non_mrna_feature
32441304,10.1042/BSR20194432,2020,Bioscience reports,Development of a novel prognostic signature for predicting the overall survival of bladder cancer patients.,"Bladder cancer is one of the most common malignancies. So far, no effective biomarker for bladder cancer prognosis has been identified. Aberrant DNA methylation is frequently observed in the bladder cancer and holds considerable promise as a biomarker for predicting the overall survival (OS) of patients.We downloaded the DNA methylation and transcriptome data for bladder cancer from The Cancer Genome Atlas (TCGA), a public database, screened hypo-methylated and up-regulated genes, similarly, hyper-methylation with low expression genes, then retrieved the relevant methylation sites. Cox regression analysis was used to identify a nine-methylation site signature of a training group. Predictive ability was validated in a test group by receiver operating characteristic (ROC) analysis.We identified nine bladder cancer-specific methylation sites as potential prognostic biomarkers and established a risk score system based on the methylation site signature to evaluate the OS. The performance of the signature was accurate, with area under curve was 0.73 in the training group and 0.71 in the test group. Taking clinical features into consideration, we constructed a nomogram consisting of the nine-methylation site signature and patients' clinical variables, and found that the signature was an independent risk factor.Overall, the significant nine methylation sites could be novel prediction biomarkers, which could aid in treatment and also predict the overall survival likelihoods of bladder cancer patients.© 2020 The Author(s).","Journal Article; Research Support, Non-U.S. Gov't; Validation Study",Tang H; Kan L; Ou T; Chen D; Dou X; Wu W; Ji X; Wang M; Zong Z; Mo H,methylation_model
32497499,10.1016/j.cell.2020.05.017,2020,Cell,Intratumoral CD4+ T Cells Mediate Anti-tumor Cytotoxicity in Human Bladder Cancer.,"Responses to anti-PD-1 immunotherapy occur but are infrequent in bladder cancer. The specific T cells that mediate tumor rejection are unknown. T cells from human bladder tumors and non-malignant tissue were assessed with single-cell RNA and paired T cell receptor (TCR) sequencing of 30,604 T cells from 7 patients. We find that the states and repertoires of CD8+ T cells are not distinct in tumors compared with non-malignant tissues. In contrast, single-cell analysis of CD4+ T cells demonstrates several tumor-specific states, including multiple distinct states of regulatory T cells. Surprisingly, we also find multiple cytotoxic CD4+ T cell states that are clonally expanded. These CD4+ T cells can kill autologous tumors in an MHC class II-dependent fashion and are suppressed by regulatory T cells. Further, a gene signature of cytotoxic CD4+ T cells in tumors predicts a clinical response in 244 metastatic bladder cancer patients treated with anti-PD-L1.Copyright © 2020 The Authors. Published by Elsevier Inc. All rights reserved.","Journal Article; Research Support, N.I.H., Extramural; Research Support, Non-U.S. Gov't",Oh DY; Kwek SS; Raju SS; Li T; McCarthy E; Chow E; Aran D; Ilano A; Pai CS; Rancan C,no_clinical_endpoint
32579540,10.18632/aging.103369,2020,Aging,Identification of an immune-related long non-coding RNA signature and nomogram as prognostic target for muscle-invasive bladder cancer.,"To identify an immune-related prognostic signature based on long non-coding RNAs (lncRNAs) and find immunotherapeutic targets for bladder urothelial carcinoma, we downloaded RNA-sequencing data from The Cancer Genome Atlas (TCGA) dataset. Functional enrichment analysis demonstrated bladder urothelial carcinoma was related to immune-related functions. We obtained 332 immune-related genes and 262 lncRNAs targeting immune-related genes. We constructed a signature based on eight lncRNAs in training cohort. Patients were classified as high-risk and low-risk according to signature risk score. High-risk patients had poor overall survival compared with low-risk patients (P < 0.001). Multivariate Cox regression suggested the signature was an independent prognostic indicator. The findings were further validated in testing, entire TCGA and external validation cohorts. Gene set enrichment analysis indicated significant enrichment of immune-related phenotype in high-risk group. Immunohistochemistry and online analyses validated the functions of 4 key immune-related genes (LIG1, TBX1, CTSG and CXCL12) in bladder urothelial carcinoma. Nomogram proved to be a good classifier for muscle-invasive bladder cancer through combining the signature. In conclusion, our immune-related prognostic signature and nomogram provided prognostic indicators and potential immunotherapeutic targets for muscle-invasive bladder cancer.","Journal Article; Research Support, Non-U.S. Gov't; Validation Study",Song Y; Jin D; Chen J; Luo Z; Chen G; Yang Y; Liu X,non_mrna_feature
32165065,10.1016/j.eururo.2020.02.028,2020,European urology,Impact of Molecular Subtyping and Immune Infiltration on Pathological Response and Outcome Following Neoadjuvant Pembrolizumab in Muscle-invasive Bladder Cancer.,"The PURE-01 study (NCT02736266) evaluated the use of pembrolizumab before radical cystectomy (RC) in muscle-invasive bladder cancer (MIBC).To evaluate the ability of molecular signatures to predict the pathological complete response (CR: ypT0N0) and progression-free survival (PFS) after pembrolizumab and RC.We analyzed the expression data from patients with T2-4aN0M0 MIBC enrolled in the PURE-01 study (N=84) and from patients of a retrospective multicenter cohort treated with cisplatin-based neoadjuvant chemotherapy (NAC; N=140).Neoadjuvant pembrolizumab or NAC and RC.Immune signatures and molecular subtyping (The Cancer Genome Atlas, consensus model, and genomic subtyping classifier [GSC]) were evaluated in relation to CR and PFS. Multivariable logistic regression analyses for CR were used, adjusting for gender and clinical T stage.The Immune190 signature was significant for CR on multivariable logistic regression analyses (p= 0.02) in PURE-01, but not in the NAC cohort (p= 0.7). Hallmark signatures for interferon gamma (IFNγ; p= 0.004) and IFNα response (p= 0.006) were also associated with CR for PURE-01, but not for NAC (IFNγ: p= 0.9 and IFNα: p= 0.8). In PURE-01, 93% of patients with the highest Immune190 scores (>1st quartile) had 2-yr PFS versus 79% of those with lower scores; no difference was observed in NAC patients, as well as for the other hallmarks in both groups. The neuroendocrine-like subtype had the worst 2-yr PFS in all three subtyping models (33%) and the GSC claudin-low subtype had the best, with no recurrences in 2 yr. Basal subtypes (across classifications) with higher Immune190 scores showed 100% 2-yr PFS after pembrolizumab therapy (p = 0.04, compared with basal-Immune190 low). Statistical analyses are limited by the small number of events and short follow-up.Higher RNA-based immune signature scores were significantly associated with CR and numerically improved PFS outcomes after pembrolizumab, but not after NAC. These data emphasize that RNA profiling is a potential tool for personalizing neoadjuvant therapy selection.We used gene expression profiling to evaluate the association between immune gene expression and response to neoadjuvant immunotherapy, compared with standard chemotherapy, in patients with muscle-invasive bladder cancer (MIBC). We found a significant association between immune gene expression and response to pembrolizumab, but not chemotherapy. We conclude that gene expression profiling has the potential to guide personalized neoadjuvant therapy in MIBC.Copyright © 2020 European Association of Urology. Published by Elsevier B.V. All rights reserved.","Journal Article; Multicenter Study; Research Support, Non-U.S. Gov't",Necchi A; Raggi D; Gallina A; Ross JS; Farè E; Giannatempo P; Marandino L; Colecchia M; Lucianò R; Bianchi M,not_signature_model
30998483,10.1109/JBHI.2019.2911528,2020,IEEE journal of biomedical and health informatics,Computational Identification of RNA-Seq Based miRNA-Mediated Prognostic Modules in Cancer.,"Systematic identification of miRNA prognostic signature can help decipher the effects of biomarkers in cancer treatment. A number of previous studies have only characterized a single miRNA as a promising prognostic biomarker. There is currently a trend toward combining several miRNAs as a panel of prognostic signatures, but few attempts to explain the mechanism of miRNA combination. Throughout this paper, we refer to ""miRNA-mediated prognostic modules"" and propose a novel computational approach called ProModule to analyze prognostic biomarkers from the module perspective. ProModule works in two main stages: it first uses univariate and multivariable Cox proportional hazard regressions to find individual miRNA biomarkers and then employs a clustering method to systematically detect miRNA-mediated modules with statistical prognostic significance. We applied ProModule to three data sets in bladder cancer, breast cancer, and liver cancer, and identified several miRNA prognostic modules for each data set. We found that miRNA prognostic modules have more powerful prognostic value than individuals while presenting coherent miRNA-miRNA expression as well as significant functional enrichment, and thus are likely to be biologically meaningful. Availability: ProModule is implemented in R and available at https://github.com/chupan1218/ProModule.","Journal Article; Research Support, Non-U.S. Gov't",Pan C; Luo J; Zhang J,not_bladder; non_mrna_feature
31610173,10.1016/j.ajpath.2019.09.007,2020,The American journal of pathology,RNA Expression Profiling of Lymphoepithelioma-Like Carcinoma of the Bladder Reveals a Basal-Like Molecular Subtype.,"Lymphoepithelioma-like carcinoma of the bladder (LELC-B) is a rare subtype of urothelial carcinoma consisting of undifferentiated epithelial cells within a dense inflammatory cell infiltrate. We set out to molecularly characterize LELC-B through RNA expression profiling as well as immunohistochemistry (IHC) to understand its underlying biology. Sixteen cases of LELC-B were identified at Johns Hopkins University. RNA sequencing was performed on 14 cases. IHC staining for programmed cell death ligand 1 (PD-L1) and mismatch repair proteins MutL homolog 1 (MLH1), MutS homolog 2 (MSH2), MSH6, and PMS1 homolog, mismatch repair system component 2 (PMS2) was performed. Transcriptomic profiling of LELC-B showed that they are enriched in a basal-like phenotype, with 12 of 14 LELC-B cases correlating to the basal centroid of the bladder cancer analysis of subtypes by gene expression 47 (BASE47) predictive analysis of microarrays (PAM) classifier. Gene signature analysis confirmed the lymphocyte infiltration profile consistent with the histomorphology. LELC-B lacked features to explain the robust lymphocytic infiltrate, such as loss of mismatch repair protein expression or expression of Epstein-Barr virus transcripts. Nonetheless, PD-L1 IHC was positive in 93% of LELC cases. Our study demonstrates that LELC-B tumors are enriched in a basal-like molecular subtype and share a high level of immune infiltration and PD-L1 expression, similar to basal tumors. The basal-like phenotype is consistent with the known sensitivity of LELC-B to chemotherapy and suggests that immune checkpoint therapy should be explored in this rare disease.Copyright © 2020 American Society for Investigative Pathology. Published by Elsevier Inc. All rights reserved.","Journal Article; Research Support, N.I.H., Extramural; Research Support, Non-U.S. Gov't",Manocha U; Kardos J; Selitsky S; Zhou M; Johnson SM; Breslauer C; Epstein JI; Kim WY; Wobker SE,no_clinical_endpoint
30403777,10.1093/carcin/bgy139,2019,Carcinogenesis,Elucidating the role of Agl in bladder carcinogenesis by generation and characterization of genetically engineered mice.,"Amylo-α-1,6-glucosidase,4-α-glucanotransferase (AGL) is an enzyme primarily responsible for glycogen debranching. Germline mutations lead to glycogen storage disease type III (GSDIII). We recently found AGL to be a tumor suppressor in xenograft models of human bladder cancer (BC) and low levels of AGL expression in BC are associated with poor patient prognosis. However, the impact of low AGL expression on the susceptibility of normal bladder to carcinogenesis is unknown. We address this gap by developing a germline Agl knockout (Agl-/-) mouse that recapitulates biochemical and histological features of GSDIII. Agl-/- mice exposed to N-butyl-N-(4-hydroxybutyl) nitrosamine (BBN) had a higher BC incidence compared with wild-type mice (Agl+/+). To determine if the increased BC incidence observed was due to decreased Agl expression in the urothelium specifically, we developed a urothelium-specific conditional Agl knockout (Aglcko) mouse using a Uroplakin II-Cre allele. BBN-induced carcinogenesis experiments repeated in Aglcko mice revealed that Aglcko mice had a higher BC incidence than control (Aglfl/fl) mice. RNA sequencing revealed that tumors from Agl-/- mice had 19 differentially expressed genes compared with control mice. An 'Agl Loss' gene signature was developed and found to successfully stratify normal and tumor samples in two BC patient datasets. These results support the role of AGL loss in promoting carcinogenesis and provide a rationale for evaluating Agl expression levels, or Agl Loss gene signature scores, in normal urothelium of populations at risk of BC development such as older male smokers.© The Author(s) 2018. Published by Oxford University Press. All rights reserved. For Permissions, please email: journals.permissions@oup.com.","Journal Article; Research Support, N.I.H., Extramural; Research Support, Non-U.S. Gov't",Sottnik JL; Mallaredy V; Chauca-Diaz A; Ritterson Lew C; Owens C; Dancik GM; Pagliarani S; Lucchiari S; Moggio M; Ripolone M,not_bladder
30784602,10.1016/j.celrep.2019.01.095,2019,Cell reports,Whole-Organ Genomic Characterization of Mucosal Field Effects Initiating Bladder Carcinogenesis.,"We used whole-organ mapping to study the locoregional molecular changes in a human bladder containing multifocal cancer. Widespread DNA methylation changes were identified in the entire mucosa, representing the initial field effect. The field effect was associated with subclonal low-allele frequency mutations and a small number of DNA copy alterations. A founder mutation in the RNA splicing gene, ACIN1, was identified in normal mucosa and expanded clonally with an additional 21 mutations in progression to carcinoma. The patterns of mutations and copy number changes in carcinoma in situ and foci of carcinoma were almost identical, confirming their clonal origins. The pathways affected by the DNA copy alterations and mutations, including the Kras pathway, were preceded by the field changes in DNA methylation, suggesting that they reinforced mechanisms that had already been initiated by methylation. The results demonstrate that DNA methylation can serve as the initiator of bladder carcinogenesis.Copyright © 2019 The Author(s). Published by Elsevier Inc. All rights reserved.","Journal Article; Research Support, N.I.H., Extramural",Majewski T; Yao H; Bondaruk J; Chung W; Lee S; Lee JG; Zhang S; Cogdell D; Yang G; Choi W,not_bladder; not_signature_model; no_clinical_endpoint
29703843,10.1158/1535-7163.MCT-17-1049,2018,Molecular cancer therapeutics,MKAD-21 Suppresses the Oncogenic Activity of the miR-21/PPP2R2A/ERK Molecular Network in Bladder Cancer.,"Bladder cancer represents a disease associated with significant morbidity and mortality. MiR-21 has been found to have oncogenic activity in multiple cancers, including bladder cancer, whereas inhibition of its expression suppresses tumor growth. Here, we examine the molecular network regulated by miR-21 in bladder cancer and evaluate the effects of i.v. and i.p. administration of a novel miR-21 chemical inhibitor in vivo LNA miR-21 reduced the oncogenic potential of bladder cancer cells, whereas the MKAD-21 chemically modified antisense oligo against miR-21 dose-dependently blocked xenograft growth. I.v. administration of LNA miR-21 was more effective in suppressing tumor growth than was i.p. administration. Integration of computational and transcriptomic analyses in a panel of 28 bladder cancer lines revealed a 15-gene signature that correlates with miR-21 levels. Protein Phosphatase 2 Regulatory Subunit Balpha (PPP2R2A) was one of these 15 genes and was experimentally validated as a novel miR-21 direct target gene. Gene network and molecular analyses showed that PPP2R2A is a potent negative regulator of the ERK pathway activation and bladder cancer cell proliferation. Importantly, we show that PPP2R2A acts as a mediator of miR-21-induced oncogenic effects in bladder cancer. Integrative analysis of human bladder cancer tumors and a large panel of human bladder cancer cell lines revealed a novel 15-gene signature that correlates with miR-21 levels. Importantly, we provide evidence that PPP2R2A represents a new miR-21 direct target and regulator of the ERK pathway and bladder cancer cell growth. Furthermore, i.v. administration of the MKAD-21 inhibitor effectively suppressed tumor growth through regulation of the PPP2R2A-ERK network in mice. Mol Cancer Ther; 17(7); 1430-40. ©2018 AACR.©2018 American Association for Cancer Research.","Journal Article; Research Support, Non-U.S. Gov't",Koutsioumpa M; Chen HW; O'Brien N; Koinis F; Mahurkar-Joshi S; Vorvis C; Soroosh A; Luo T; Issakhanian S; Pantuck AJ,no_clinical_endpoint; single_gene_mechanistic
29729848,10.1016/j.ebiom.2018.04.019,2018,EBioMedicine,Development and Validation of a 28-gene Hypoxia-related Prognostic Signature for Localized Prostate Cancer.,"Hypoxia is associated with a poor prognosis in prostate cancer. This work aimed to derive and validate a hypoxia-related mRNA signature for localized prostate cancer.Hypoxia genes were identified in vitro via RNA-sequencing and combined with in vivo gene co-expression analysis to generate a signature. The signature was independently validated in eleven prostate cancer cohorts and a bladder cancer phase III randomized trial of radiotherapy alone or with carbogen and nicotinamide (CON).A 28-gene signature was derived. Patients with high signature scores had poorer biochemical recurrence free survivals in six of eight independent cohorts of prostatectomy-treated patients (Log rank test P < .05), with borderline significances achieved in the other two (P < .1). The signature also predicted biochemical recurrence in patients receiving post-prostatectomy radiotherapy (n = 130, P = .007) or definitive radiotherapy alone (n = 248, P = .035). Lastly, the signature predicted metastasis events in a pooled cohort (n = 631, P = .002). Prognostic significance remained after adjusting for clinic-pathological factors and commercially available prognostic signatures. The signature predicted benefit from hypoxia-modifying therapy in bladder cancer patients (intervention-by-signature interaction test P = .0026), where carbogen and nicotinamide was associated with improved survival only in hypoxic tumours.A 28-gene hypoxia signature has strong and independent prognostic value for prostate cancer patients.Copyright © 2018. Published by Elsevier B.V.","Clinical Trial, Phase III; Journal Article; Randomized Controlled Trial; Validation Study",Yang L; Roberts D; Takhar M; Erho N; Bibby BAS; Thiruthaneeswaran N; Bhandari V; Cheng WC; Haider S; McCorry AMB,not_bladder
29896284,10.7150/jca.23762,2018,Journal of Cancer,Development Of A Three-Gene Prognostic Signature For Hepatitis B Virus Associated Hepatocellular Carcinoma Based On Integrated Transcriptomic Analysis.,"Integration of public genome-wide gene expression data together with Cox regression analysis is a powerful weapon to identify new prognostic gene signatures for cancer diagnosis and prognosis. Hepatitis B virus (HBV) is a major cause of hepatocellular carcinoma (HCC), however, it remains largely unknown about the specific gene prognostic signature of HBV-associated HCC. Using Robust Rank Aggreg (RRA) method to integrate seven whole genome expression datasets, we identified 82 up-regulated genes and 577 down-regulated genes in HBV-associated HCC patients. Combination of several enrichment analysis, univariate and multivariate Cox proportional hazards regression analysis, we revealed that a three-gene (SPP2, CDC37L1, and ECHDC2) prognostic signature could act as an independent prognostic indicator for HBV-associated HCC in both the discovery cohort and the internal testing cohort. Gene set enrichment analysis showed that the high-risk group with lower expression levels of the three genes was enriched in bladder cancer and cell cycle pathway, whereas the low-risk group with higher expression levels of the three genes was enriched in drug metabolism-cytochrome P450, PPAR signaling pathway, fatty acid and histidine metabolisms. This indicates that patients of HBV-associated HCC with higher expression of these three genes may preserve relatively good hepatic cellular metabolism and function, which may also protect HCC patients from persistent drug toxicity in response to various medication. Our findings suggest a three-gene prognostic model that serves as a specific prognostic signature for HBV-associated HCC.",Journal Article,Yang Y; Lu Q; Shao X; Mo B; Nie X; Liu W; Chen X; Tang Y; Deng Y; Yan J,not_bladder
30048970,10.1159/000492094,2018,"Cellular physiology and biochemistry : international journal of experimental cellular physiology, biochemistry, and pharmacology",Prognostic Signature of Alternative Splicing Events in Bladder Urothelial Carcinoma Based on Spliceseq Data from 317 Cases.,"Increasing evidences indicated the important roles of alternative splicing in the progression and prognosis of bladder urothelial carcinoma (BLCA). However, most previous research has focused on one or several alternative splicing events, without a comprehensive evaluation of the prognostic value of splicing events in BLCA. In this study, we aimed to determine risk scores for predicting prognosis of BLCA patients based on splicing events.RNA-sequencing data and clinical information of BLCA patients were downloaded from The Cancer Genome Atlas, and data of splicing events were obtained from the SpliceSeq database. Univariate and multivariate Cox regression analyses were employed to identify survival-associated alternative spicing events (SASEs) and to calculate risk scores. Protein-protein interaction analysis of genes of the SASEs was performed using STRING, a database of known and predicted protein-protein interactions, and pathway enrichment analysis of the genes was implemented using the Database for Annotation, Visualization and Integrated Discovery (version 6.8). Receiver operating characteristic (ROC) curves and Kaplan-Meier analysis were used to evaluate the clinical significance of genes from the SASEs for building a risk score in BLCA. Correlation between splicing events of splicing factors and non-splicing factors were analyzed with Pearson correlation coefficient. A potential regulatory network was then built using Cytoscape 3.5.In total, 39,508 alternative splicing events in 317 patients with BLCA were analyzed, including 4,632 SASEs. The area under the curve of the ROC of risk score (all) was 0.748 for predicting survival status of BLCA patients. Low- and high-risk score groups classified using the median ""risk score (all)"" value displayed remarkably different survival time (Low vs. High = 3304.841±239.758 vs 1198.614±152.460 days). The potential regulatory network with SASEs of splicing factors and other genes was constructed, which might be part of the biological mechanisms associated with prognosis of BLCA patients.In this study, prognostic signatures constructed using splicing events could be used for predicting the prognosis of BLCA patients.© 2018 The Author(s). Published by S. Karger AG, Basel.",Journal Article,He RQ; Zhou XG; Yi QY; Deng CW; Gao JM; Chen G; Wang QY,non_mrna_feature
28493171,10.1007/s40265-017-0748-7,2017,Drugs,Immunotherapy in Urothelial Cancer: Recent Results and Future Perspectives.,"Cytotoxic chemotherapy has been the only systemic treatment of locally advanced and metastatic urothelial carcinoma for decades. Long-term survival remains stagnant around 12-14 months for patients with advanced disease who have progressed on or recurred after receiving first-line platinum-based chemotherapy. Improving clinical outcomes for patients with urothelial carcinoma in all disease settings requires the development of novel treatments, especially for patients who failed on first-line chemotherapy. Since the discovery of intravesical Bacillus-Calmette Guerin (BCG) in the 1970s for non-muscle invasive disease, there have not been any major breakthrough drugs that exploit the immune-sensitivity of bladder cancer until recently. Immune-checkpoint inhibitors targeting the programmed death 1/programmed death-ligand 1 (PD-1/PD-L1) and cytotoxic T-lymphocyte-associated protein 4 (CTLA-4) pathways have shown significant anti-tumor activity, tolerable safety profiles and durable, long-term responses in clinical trials. Atezolizumab, avelumab, durvalumab, nivolumab and pembrolizumab are promising PD-1/PD-L1 blockade drugs under investigation that will redefine the standard of care for bladder cancer. CTLA-4 inhibitors are also under investigation in this setting. Atezolizumab, approved in May 2016, and nivolumab, approved in February 2017, are the first Food and Drug Administration (FDA)-approved immune-checkpoint inhibitors in bladder cancer for platinum-pretreated patients based on phase II data. On March 16, 2017, results from the phase III trial KEYNOTE-045 demonstrated that survival was significantly longer in patients treated with pembrolizumab when compared with the standard second-line chemotherapy. Research into biomarkers such as PD-L1 expression, messenger RNA subtype, mutational and neoantigen load and gene signature expression will be crucial to determining why some patients respond to immunotherapy and others do not. This review article describes the advances in immunotherapy since the development of BCG, presents results from clinical trials investigating immune-checkpoint inhibitors and discusses biomarkers and prognostic factors associated with response to these new drugs.",Journal Article; Review,Farina MS; Lundgren KT; Bellmunt J,publication_type
27189164,10.1158/1078-0432.CCR-15-2581,2016,Clinical cancer research : an official journal of the American Association for Cancer Research,Biased Expression of the FOXP3Δ3 Isoform in Aggressive Bladder Cancer Mediates Differentiation and Cisplatin Chemotherapy Resistance.,"The transcriptional regulation mediating cancer cell differentiation into distinct molecular subtypes and modulating sensitivity to existing treatments is an enticing therapeutic target. Our objective was to characterize the ability of the forkhead/winged transcription factor FOXP3 to modulate the differentiation of bladder cancer.Expression of FOXP3 was analyzed by immunohistochemistry in a tumor microarray of 587 samples and overall survival in a subset of 187 patients following radical cystectomy. Functional assays were performed in SW780 and HT1376 cell lines in vitro and in vivo and gene expression profiling performed by RNA-Seq. Validation was undertaken using gene expression profiles of 131 patients from The Cancer Genome Atlas (TCGA) consortium in bladder cancer.FOXP3 expression correlates with bladder cancer stage and inversely with overall survival, with biased expression of the FOXP3Δ3 isoform. Functional assays of FOXP3Δ3 demonstrated resistance to chemotherapy in vitro, whereas subcutaneous xenografts overexpressing FOXP3Δ3 developed larger and more poorly differentiated bladder cancers. RNA expression profiling revealed a unique FOXP3Δ3 gene signature supporting a role in chemotherapy resistance. Accordingly, knockdown of Foxp3 by siRNA in HT1376 cells conferred sensitivity to cisplatin- and gemcitabine-induced cytotoxicity. Validation in TCGA dataset demonstrated increased expression of FOXP3 in subtypes II to IV and skewing of molecular subtypes based on FOXP3Δ3-specific gene expression.(i) Biased expression of the FOXP3Δ3 isoform in bladder cancer inversely correlates with overall survival, (ii) FOXP3Δ3 induces a unique gene program that mediates cancer differentiation, and (iii) FOXP3Δ3 may augment chemotherapy resistance. Clin Cancer Res; 22(21); 5349-61. ©2016 AACR.©2016 American Association for Cancer Research.",Journal Article,Zhang H; Prado K; Zhang KX; Peek EM; Lee J; Wang X; Huang J; Li G; Pellegrini M; Chin AI,single_gene_mechanistic
26802582,10.1016/j.juro.2016.01.039,2016,The Journal of urology,Integrative Pathway Analysis of Metabolic Signature in Bladder Cancer: A Linkage to The Cancer Genome Atlas Project and Prediction of Survival.,"We used targeted mass spectrometry to study the metabolic fingerprint of urothelial cancer and determine whether the biochemical pathway analysis gene signature would have a predictive value in independent cohorts of patients with bladder cancer.Pathologically evaluated, bladder derived tissues, including benign adjacent tissue from 14 patients and bladder cancer from 46, were analyzed by liquid chromatography based targeted mass spectrometry. Differential metabolites associated with tumor samples in comparison to benign tissue were identified by adjusting the p values for multiple testing at a false discovery rate threshold of 15%. Enrichment of pathways and processes associated with the metabolic signature were determined using the GO (Gene Ontology) Database and MSigDB (Molecular Signature Database). Integration of metabolite alterations with transcriptome data from TCGA (The Cancer Genome Atlas) was done to identify the molecular signature of 30 metabolic genes. Available outcome data from TCGA portal were used to determine the association with survival.We identified 145 metabolites, of which analysis revealed 31 differential metabolites when comparing benign and tumor tissue samples. Using the KEGG (Kyoto Encyclopedia of Genes and Genomes) Database we identified a total of 174 genes that correlated with the altered metabolic pathways involved. By integrating these genes with the transcriptomic data from the corresponding TCGA data set we identified a metabolic signature consisting of 30 genes. The signature was significant in its prediction of survival in 95 patients with a low signature score vs 282 with a high signature score (p = 0.0458).Targeted mass spectrometry of bladder cancer is highly sensitive for detecting metabolic alterations. Applying transcriptome data allows for integration into larger data sets and identification of relevant metabolic pathways in bladder cancer progression.Copyright © 2016 American Urological Association Education and Research, Inc. Published by Elsevier Inc. All rights reserved.","Journal Article; Research Support, N.I.H., Extramural; Research Support, Non-U.S. Gov't",von Rundstedt FC; Rajapakshe K; Ma J; Arnold JM; Gohlke J; Putluri V; Krishnapuram R; Piyarathna DB; Lotan Y; Gödde D,no_clinical_endpoint
26171066,10.3892/ol.2015.3231,2015,Oncology letters,Bioinformatics analysis of the target gene of fibroblast growth factor receptor 3 in bladder cancer and associated molecular mechanisms.,"The aim of the present study was to elucidate the molecular mechanisms of fibroblast growth factor receptor 3 (FGFR3) activation via overexpression or mutation of the FGFR3 target gene in bladder cancer (BC). The transcription profile data GSE41035, which included 18 BC samples, containing 3 independent FGFR3 short hairpin (sh)RNA, and 6 control samples, containing enhanced green fluorescent protein (EGFP) shRNA, were obtained from the National Center of Biotechnology Information Gene Expression Omnibus database. The Limma package with multiple testing correction was used to identify differentially expressed genes (DEGs) between FGFR3 knockdown and control samples. Gene ontology (GO) and pathway enrichment analysis were conducted in order to investigate the DEGs at the functional level. In addition, differential co-expression analysis was employed to construct a gene co-expression network. A total of 196 DEGs were acquired, of which 101 were downregulated and 95 were upregulated. In addition, a gene signature was identified linking FGFR3 signaling with de novo sterol biosynthesis and metabolism using GO and pathway enrichment analysis. Furthermore, the present study demonstrated that the genes NME2, CCNB1 and H2AFZ were significantly associated with BC, as determined by the protein-protein interaction network of DEGs and co-expressed genes. In conclusion, the present study revealed the involvement of FGFR3 in the regulation of sterol biosynthesis and metabolism in the maintenance of BC; in addition, the present study provided a novel insight into the molecular mechanisms of FGFR3 in BC. These results may therefore contribute to the theoretical guidance into the detection and therapy of BC.",Journal Article,Ai X; Jia ZM; Wang J; DI GP; Zhang XU; Sun F; Zang T; Liao X,no_clinical_endpoint
