pmid,title,abstract,reviewer1_decision,reviewer2_decision,reviewer2_reason,adjudicator_decision,adjudicator_reason
29226853,Clinical and RNA expression integrated signature for urothelial bladder cancer prognosis.,"Accumulating evidence shows that clinical factors alone are not adequate for predicting the survival of patients with urothelial bladder cancer (UBC), and many genes have been found to be associated with UBC prognosis.The objective of this study is to develop a signature which integrates clinical and molecular information to predict the overall survival of UBC patients more accurate.We integrated messenger RNA (mRNA) and microRNA (miRNA) expression profiles and the corresponding clinical data of 402 UBC patients and 19 normal controls from The Cancer Genome Atlas. Univariate Cox regression followed by a multiple testing correction and an elastic net-regulated Cox regression were adopted to identify a prognostic signature.We generated an integrated clinical-RNA signature which consisting of 3 clinical variables, 3 protective mRNAs, 7 risky mRNAs, 2 protective miRNAs and 1 risky miRNA. The area under the receiver operating characteristic curve of the integrated clinical-RNA signature was 0.802, larger than that of the clinical-alone signature (0.709) or the RNA-alone signature (0.726). UBC patients in the high-risk group had a significantly shorter overall survival time compared with patients in the low-risk group (clinical-RNA signature, hazard ratio = 2.441).Our conclusions that we have identified an integrated clinical-RNA signature that was superior to the traditional clinical-alone signature for ascertaining the overall survival prognosis of patients with UBC. These findings provide some novel genes for tumor molecular biologist to further study their functions and mechanisms in UBC tumorigenesis and malignance, and may be useful for effective clinical risk management of UBC patients.",include,exclude,签名同时纳入miRNA，不符合纳入标准,exclude,Integrated signature includes miRNA components
29896284,Development Of A Three-Gene Prognostic Signature For Hepatitis B Virus Associated Hepatocellular Carcinoma Based On Integrated Transcriptomic Analysis.,"Integration of public genome-wide gene expression data together with Cox regression analysis is a powerful weapon to identify new prognostic gene signatures for cancer diagnosis and prognosis. Hepatitis B virus (HBV) is a major cause of hepatocellular carcinoma (HCC), however, it remains largely unknown about the specific gene prognostic signature of HBV-associated HCC. Using Robust Rank Aggreg (RRA) method to integrate seven whole genome expression datasets, we identified 82 up-regulated genes and 577 down-regulated genes in HBV-associated HCC patients. Combination of several enrichment analysis, univariate and multivariate Cox proportional hazards regression analysis, we revealed that a three-gene (SPP2, CDC37L1, and ECHDC2) prognostic signature could act as an independent prognostic indicator for HBV-associated HCC in both the discovery cohort and the internal testing cohort. Gene set enrichment analysis showed that the high-risk group with lower expression levels of the three genes was enriched in bladder cancer and cell cycle pathway, whereas the low-risk group with higher expression levels of the three genes was enriched in drug metabolism-cytochrome P450, PPAR signaling pathway, fatty acid and histidine metabolisms. This indicates that patients of HBV-associated HCC with higher expression of these three genes may preserve relatively good hepatic cellular metabolism and function, which may also protect HCC patients from persistent drug toxicity in response to various medication. Our findings suggest a three-gene prognostic model that serves as a specific prognostic signature for HBV-associated HCC.",include,exclude,研究对象为Hepatocellular Carcinoma，非膀胱癌或尿路上皮癌,exclude,Primary cancer is hepatocellular carcinoma
30642841,Serum Metabolic Profiling Identified a Distinct Metabolic Signature in Bladder Cancer Smokers: A Key Metabolic Enzyme Associated with Patient Survival.,"The current system to predict the outcome of smokers with bladder cancer is insufficient due to complex genomic and transcriptomic heterogeneities. This study aims to identify serum metabolite-associated genes related to survival in this population.We performed LC/MS-based targeted metabolomic analysis for >300 metabolites in serum obtained from two independent cohorts of bladder cancer never smokers, smokers, healthy smokers, and healthy never smokers. A subset of differential metabolites was validated using Biocrates absoluteIDQ p180 Kit. Genes associated with differential metabolites were integrated with a publicly available cohort of The Cancer Genome Atlas (TCGA) to obtain an intersecting signature specific for bladder cancer smokers.Forty metabolites (FDR < 0.25) were identified to be differential between bladder cancer never smokers and smokers. Increased abundance of amino acids (tyrosine, phenylalanine, proline, serine, valine, isoleucine, glycine, and asparagine) and taurine were observed in bladder cancer smokers. Integration of differential metabolomic gene signature and transcriptomics data from TCGA cohort revealed an intersection of 17 genes that showed significant correlation with patient survival in bladder cancer smokers. Importantly, catechol-O-methyltransferase, iodotyrosine deiodinase, and tubulin tyrosine ligase showed a significant association with patient survival in publicly available bladder cancer smoker datasets and did not have any clinical association in never smokers.Serum metabolic profiling of bladder cancer smokers revealed dysregulated amino acid metabolism. It provides a distinct gene signature that shows a prognostic value in predicting bladder cancer smoker survival.Serum metabolic signature-derived genes act as a predictive tool for studying the bladder cancer progression in smokers.©2019 American Association for Cancer Research.",include,exclude,基于代谢物签名，不符合纳入标准,include,17-gene mRNA signature derived from metabolomics
30846479,Multi-omics Integration Analysis Robustly Predicts High-Grade Patient Survival and Identifies CPT1B Effect on Fatty Acid Metabolism in Bladder Cancer.,"The perturbation of metabolic pathways in high-grade bladder cancer has not been investigated. We aimed to identify a metabolic signature in high-grade bladder cancer by integrating unbiased metabolomics, lipidomics, and transcriptomics to predict patient survival and to discover novel therapeutic targets.We performed high-resolution liquid chromatography mass spectrometry (LC-MS) and bioinformatic analysis to determine the global metabolome and lipidome in high-grade bladder cancer. We further investigated the effects of impaired metabolic pathways using in vitro and in vivo models.We identified 519 differential metabolites and 19 lipids that were differentially expressed between low-grade and high-grade bladder cancer using the NIST MS metabolomics compendium and lipidblast MS/MS libraries, respectively. Pathway analysis revealed a unique set of biochemical pathways that are highly deregulated in high-grade bladder cancer. Integromics analysis identified a molecular gene signature associated with poor patient survival in bladder cancer. Low expression of CPT1B in high-grade tumors was associated with low FAO and low acyl carnitine levels in high-grade bladder cancer, which were confirmed using tissue microarrays. Ectopic expression of the CPT1B in high-grade bladder cancer cells led to reduced EMT in in vitro, and reduced cell proliferation, EMT, and metastasis in vivo.Our study demonstrates a novel approach for the integration of metabolomics, lipidomics, and transcriptomics data, and identifies a common gene signature associated with poor survival in patients with bladder cancer. Our data also suggest that impairment of FAO due to downregulation of CPT1B plays an important role in the progression toward high-grade bladder cancer and provide potential targets for therapeutic intervention.©2019 American Association for Cancer Research.",exclude,include,,include,Multi-gene transcriptomic prognostic signature
32165065,Impact of Molecular Subtyping and Immune Infiltration on Pathological Response and Outcome Following Neoadjuvant Pembrolizumab in Muscle-invasive Bladder Cancer.,"The PURE-01 study (NCT02736266) evaluated the use of pembrolizumab before radical cystectomy (RC) in muscle-invasive bladder cancer (MIBC).To evaluate the ability of molecular signatures to predict the pathological complete response (CR: ypT0N0) and progression-free survival (PFS) after pembrolizumab and RC.We analyzed the expression data from patients with T2-4aN0M0 MIBC enrolled in the PURE-01 study (N=84) and from patients of a retrospective multicenter cohort treated with cisplatin-based neoadjuvant chemotherapy (NAC; N=140).Neoadjuvant pembrolizumab or NAC and RC.Immune signatures and molecular subtyping (The Cancer Genome Atlas, consensus model, and genomic subtyping classifier [GSC]) were evaluated in relation to CR and PFS. Multivariable logistic regression analyses for CR were used, adjusting for gender and clinical T stage.The Immune190 signature was significant for CR on multivariable logistic regression analyses (p= 0.02) in PURE-01, but not in the NAC cohort (p= 0.7). Hallmark signatures for interferon gamma (IFNγ; p= 0.004) and IFNα response (p= 0.006) were also associated with CR for PURE-01, but not for NAC (IFNγ: p= 0.9 and IFNα: p= 0.8). In PURE-01, 93% of patients with the highest Immune190 scores (>1st quartile) had 2-yr PFS versus 79% of those with lower scores; no difference was observed in NAC patients, as well as for the other hallmarks in both groups. The neuroendocrine-like subtype had the worst 2-yr PFS in all three subtyping models (33%) and the GSC claudin-low subtype had the best, with no recurrences in 2 yr. Basal subtypes (across classifications) with higher Immune190 scores showed 100% 2-yr PFS after pembrolizumab therapy (p = 0.04, compared with basal-Immune190 low). Statistical analyses are limited by the small number of events and short follow-up.Higher RNA-based immune signature scores were significantly associated with CR and numerically improved PFS outcomes after pembrolizumab, but not after NAC. These data emphasize that RNA profiling is a potential tool for personalizing neoadjuvant therapy selection.We used gene expression profiling to evaluate the association between immune gene expression and response to neoadjuvant immunotherapy, compared with standard chemotherapy, in patients with muscle-invasive bladder cancer (MIBC). We found a significant association between immune gene expression and response to pembrolizumab, but not chemotherapy. We conclude that gene expression profiling has the potential to guide personalized neoadjuvant therapy in MIBC.Copyright © 2020 European Association of Urology. Published by Elsevier B.V. All rights reserved.",exclude,include,,include,Multi-gene molecular subtypes and response endpoint
32497499,Intratumoral CD4+ T Cells Mediate Anti-tumor Cytotoxicity in Human Bladder Cancer.,"Responses to anti-PD-1 immunotherapy occur but are infrequent in bladder cancer. The specific T cells that mediate tumor rejection are unknown. T cells from human bladder tumors and non-malignant tissue were assessed with single-cell RNA and paired T cell receptor (TCR) sequencing of 30,604 T cells from 7 patients. We find that the states and repertoires of CD8+ T cells are not distinct in tumors compared with non-malignant tissues. In contrast, single-cell analysis of CD4+ T cells demonstrates several tumor-specific states, including multiple distinct states of regulatory T cells. Surprisingly, we also find multiple cytotoxic CD4+ T cell states that are clonally expanded. These CD4+ T cells can kill autologous tumors in an MHC class II-dependent fashion and are suppressed by regulatory T cells. Further, a gene signature of cytotoxic CD4+ T cells in tumors predicts a clinical response in 244 metastatic bladder cancer patients treated with anti-PD-L1.Copyright © 2020 The Authors. Published by Elsevier Inc. All rights reserved.",exclude,include,,exclude,No multi-gene prognostic model
32882873,Cancer-Specific Immune Prognostic Signature in Solid Tumors and Its Relation to Immune Checkpoint Therapies.,"To elucidate the role of immune cell infiltration as a prognostic signature in solid tumors, we analyzed immune-function-related genes from four publicly available single-cell RNA-Seq data sets and twenty bulk tumor RNA-Seq data sets from The Cancer Genome Atlas (TCGA). Unsupervised clustering of pan-cancer transcriptomic signature showed two major immune function types: one related to NK-, T-, and B-cell functions and the other related to monocyte, macrophage, dendritic cell, and Toll-like receptor functions. Kaplan-Meier analysis showed differential prognosis of these two groups, dependent on the cancer type. Our analysis of TCGA solid tumors with an elastic net model identified 155 genes associated with disease-free survival in different tumor types with varied influence across different cancer types. With this gene set, we computed cancer-specific prognostic immune score models for individual cancer types that predicted disease-free and overall survival. Validation of our model on available published data of immune checkpoint blockade therapies on melanoma, kidney renal cell carcinoma, non-small cell lung cancer, gastric cancer and bladder cancer confirmed that cancer-specific higher immune scores are associated with response to immunotherapy. Our analysis provides a comprehensive map of cancer-specific immune-related prognostic gene sets that are associated with immunotherapy response.",include,exclude,泛癌研究，研究对象不限于膀胱癌或尿路上皮癌,exclude,"Pan-cancer signature, not bladder-specific"
32929335,Identification of glycogene-type and validation of ST3GAL6 as a biomarker predicts clinical outcome and cancer cell invasion in urinary bladder cancer.,"Background: Urinary bladder cancer (UBC) is one of the most common causes of morbidity and mortality worldwide characterized by a high risk of invasion and metastasis; however, the molecular classification biomarkers and underlying molecular mechanisms for UBC patient stratification on clinical outcome need to be investigated. Methods: A systematic transcriptomic analysis of 185 glycogenes in the public UBC datasets with survival information and clinicopathological parameters were performed using unsupervised hierarchical clustering. The gene signature for glycogene-type classification was identified using Limma package in R language, and correlated to 8 known molecular features by Gene Set Variation Analysis (GSVA). The clinical relevance and function of a glycogene was characterized by immunohistochemistry in UBC patient samples, and quantitative RT-PCR, Western blotting, promoter activity, MAL II blotting, immunofluorescence staining, wound healing, and transwell assays in UBC cells. Results: A 14-glycogene signature for glycogene-type classification was identified. Among them, ST3GAL6, a glycotransferase to transfer sialic acid to 3'-hydroxyl group of a galactose residue, showed a significant negative association with the subtype with luminal feature in UBC patients (n=2,130 in total). Increased ST3GAL6 was positively correlated to tumor stage, grade, and survival in UBCs from public datasets or our cohort (n=52). Transcription factor GATA3, a luminal-specific marker for UBC, was further identified as a direct upstream regulator of ST3GAL6 to negatively regulate its transactivation. ST3GAL6 depletion decreased MAL II level, cell invasion and migration in 5637 and J82 UBC cells. ST3GAL6 could reverse the effects of GATA3 on global sialylation and cell invasion in SW780 cells. Conclusions: Herein, we successfully identified a novel 14-gene signature for glycogene-type classification of UBC patients. ST3GAL6 gene, from this signature, was demonstrated as a potential biomarker for poor outcomes and cell invasion in UBCs.© The author(s).",exclude,include,,include,14-glycogene classification signature
33096258,An 18-gene signature based on glucose metabolism and DNA methylation improves prognostic prediction for urinary bladder cancer.,"Glucose metabolism and DNA methylation play important roles in cancers. We aimed to identify glucose metabolism-related genes that were DNA methylation associated to establish a prognostic signature of bladder cancer (BLCA).With BLCA sample transcriptome data from The Cancer Genome Atlas (TCGA) and methylation data from TCGA 450 K microarray, glucose metabolism-related genes associated to prognosis and DNA methylation were identified and a prognostic signature was established. GSEA and WGCNA analysis were performed and two genes, UCHL1 and PYCR1, were selected for functional validations.18 target genes were identified and the signature based on them was considered an effective and independent prognostic factor. Several pathways were enriched in the high-risk group by GSEA and three modules of genes were identified by WGCNA. UCHL1 and PYCR1 proliferated proliferation, migration and invasion ability of bladder cancer cells.The 18-gene signature is an independent prognostic factor for bladder cancer patients.Copyright © 2020 Elsevier Inc. All rights reserved.",exclude,include,,include,18-gene expression signature
33208770,Transcriptomic analysis of micropapillary high grade T1 urothelial bladder cancer.,"No consensus currently exist on the optimal treatment of patients with high-risk nonmuscle invasive (HGT1) micropapillary variant of bladder cancer (MPBC). Transcripsome analysis may allow stratification of MPBC-HGT1 enabling prediction of recurrence and guide therapeutic management for individual patients. Whole transcriptome RNA-Sequencing of tumors from 23 patients with MPBC-HGT1 and 64 conventional urothelial carcinomas (cUC) (reference set) was performed. Differentially expressed genes between MPBC-HGT1 and cUC-HGT1 were explored. Cox proportional hazard models and Kapplan-Meier methods were used to assess the relation between time to progression (TTP) and individual gene expression adjusting for clinical covariates. Over 3000 genes were differentially expressed in MPBC-HGT1 as compared with cUC-HGT1 and a 26-gene signature is characteristic of MPBC within HGT1. A set of three genes; CD36, FAPB3 and RAETE1; were significantly associated with TTP. High expression of FABP3 and CD36 were associated with shorter TTP (p = 0.045 and p = 0.08) as was low expression of RAET1E (p = 0.01). Our study suggest that a 26-gene signature can define MPBC-HGT1 within conventional urothelial carcinomas. A prognostic risk index of three genes (FABP3, CD36 and RAET1E) was found to be associated with shorter TTP and may help classify a group of patients with MPBC-HGT1 with high-risk of early progression. These observations might have implications in terms of radical cystectomy recommendation in MPBC patients.",exclude,include,,include,26-gene signature and 3-gene progression index
33392066,Dysregulation of the Immune Microenvironment Contributes to Malignant Progression and Has Prognostic Value in Bladder Cancer.,"The malignant progression from non-muscle-invasive bladder cancer (NMIBC) to muscle-invasive bladder cancer (MIBC) is common and has detrimental effect on patients. We aimed to elucidate the underlying mechanisms of the malignant progression from an immunological perspective and establish a reliable signature for prognostic prediction and immunotherapeutic strategies.The Cell Type Identification by Estimating Relative Subsets of RNA Transcripts algorithm was applied to the GSE32894 data set to identify the different tumor-infiltrating immune cells involved in NMIBC and MIBC. Using weighted gene correlation network analysis, survival analysis and least absolute shrinkage and selection operator Cox analysis, we established an immune prognostic signature (IPS) based on 14 overall survival-associated immune genes in The Cancer Genome Atlas (TCGA). Functional enrichment analyses and nomogram were performed to explore the potential effects and prognostic performance of the IPS. Furthermore, the RNA-sequence data from our center were used to validate the expression levels of the selected immune genes in BLCA samples.Diverse proportions of macrophage subtypes were observed between NMIBC and MIBC. Patients with high risk scores had a worse prognosis than patients with low risk scores in training (TCGA) and validation data sets (GSE32894, GSE13507, and GSE48277). The IPS was a useful prognostic factor for patients treated with immunotherapy in the IMvigor210 trial. Hallmarks of multiple oncogenic pathways were significantly enriched in the high risk group. A novel nomogram model was established for prognostic predictions. The dysregulated expression of the selected immune genes between NMIBC and MIBC was also validated in BLCA samples.Dysregulation of the immune microenvironment promoted the malignant progression from NMIBC to MIBC. The IPS can stratify patients into different risk groups with distinct prognoses and immunotherapeutic susceptibility, thus facilitating personalized immunotherapy.Copyright © 2020 Zheng, Mao, Zhang, Liu, Li, Wang and Yao.",exclude,include,,include,14-gene immune prognostic signature
33837006,Myeloid Cell-associated Resistance to PD-1/PD-L1 Blockade in Urothelial Cancer Revealed Through Bulk and Single-cell RNA Sequencing.,"To define dominant molecular and cellular features associated with PD-1/PD-L1 blockade resistance in metastatic urothelial cancer.We pursued an unbiased approach using bulk RNA sequencing data from two clinical trials to discover (IMvigor 210) and validate (CheckMate 275) pretreatment molecular features associated with resistance to PD-1/PD-L1 blockade in metastatic urothelial cancer. We then generated single-cell RNA sequencing (scRNA-seq) data from muscle-invasive bladder cancer specimens to dissect the cellular composition underlying the identified gene signatures.We identified an adaptive immune response gene signature associated with response and a protumorigenic inflammation gene signature associated with resistance to PD-1/PD-L1 blockade. The adaptive immune response:protumorigenic inflammation signature expression ratio, coined the 2IR score, best correlated with clinical outcomes, and was externally validated. Mapping these bulk gene signatures onto scRNA-seq data uncovered their underlying cellular diversity, with prominent expression of the protumorigenic inflammation signature by myeloid phagocytic cells. However, heterogeneity in expression of adaptive immune and protumorigenic inflammation genes was observed among single myeloid phagocytic cells, quantified as the myeloid single cell immune:protumorigenic inflammation ratio (Msc2IR) score. Single myeloid phagocytic cells with low Msc2IR scores demonstrated upregulation of proinflammatory cytokines/chemokines and downregulation of antigen presentation genes, were unrelated to M1 versus M2 polarization, and were enriched in pretreatment blood samples from patients with PD-L1 blockade-resistant metastatic urothelial cancer.The balance of adaptive immunity and protumorigenic inflammation in individual tumor microenvironments is associated with PD-1/PD-L1 resistance in urothelial cancer with the latter linked to a proinflammatory cellular state of myeloid phagocytic cells detectable in tumor and blood.See related commentary by Drake, p. 4139.©2021 American Association for Cancer Research.",exclude,include,,include,Multi-gene 2IR immune signature
33985530,Metabolic classification of bladder cancer based on multi-omics integrated analysis to predict patient prognosis and treatment response.,"Currently, no molecular classification is established for bladder cancer based on metabolic characteristics. Therefore, we conducted a comprehensive analysis of bladder cancer metabolism-related genes using multiple publicly available datasets and aimed to identify subtypes according to distinctive metabolic characteristics.RNA-sequencing data of The Cancer Genome Atlas were subjected to non-negative matrix fractionation to classify bladder cancer according to metabolism-related gene expression; Gene Expression Omnibus and ArrayExpress datasets were used as validation cohorts. The sensitivity of metabolic types to predicted immunotherapy and chemotherapy was assessed. Kaplan-Meier curves were plotted to assess patient survival. Differentially expressed genes between subtypes were identified using edgeR. The differences among identified subtypes were compared using the Kruskal-Wallis non-parametric test. To better clarify the subtypes of bladder cancer, their relationship with clinical characteristics was examined using the Fisher's test. We also constructed a risk prediction model using the random survival forest method to analyze right-censored survival data based on key metabolic genes. To identify genes of prognostic significance, univariate Cox regression, lasso analysis, and multivariate regression were performed sequentially.Three bladder cancer subtypes were identified according to the expression of metabolism-related genes. The M1 subtype was characterized by high metabolic activity, low immunogenicity, and better prognosis. M2 exhibited moderate metabolic activity, high immunogenicity, and the worst prognosis. M3 was associated with low metabolic activity, low immunogenicity, and poor prognosis. M1 showed the best predicted response to immunotherapy, whereas patients with M1 were predicted to be the least sensitive to cisplatin. By contrast, M2 showed the worst predicted response to immunotherapy but was predicted to be more sensitive to cisplatin, doxorubicin, and other first-line anticancer drugs. M3 was the most sensitive to gemcitabine. The risk model based on metabolic genes effectively predicted the prognosis of bladder cancer patients.Metabolic classification of bladder cancer has potential clinical value and therapeutic feasibility by inhibiting the associated pathways. This classification can provide valuable insights for developing precise bladder cancer treatment.",exclude,include,,include,Metabolic subtypes and multi-gene risk model
34329197,Identification of immune-related genes that predict prognosis and risk of bladder cancer: bioinformatics analysis of TCGA database.,"Bladder cancer (BLCA) is the major tumor of the urinary system, and immune-related genes (IRGs) contribute significantly to its initiation and prognosis.A total of 51 prognostic IRGs significantly associated with overall survival were identified. Functional enrichment analysis revealed that these genes were actively involved in tumor-related functions and pathways. Using multivariate Cox regression analysis, we detected 11 optimal IRGs (ADIPOQ, PPY, NAMPT, TAP1, AHNAK, OLR1, PDGFRA, IL34, MMP9, RAC3, and SH3BP2). We validated the prognostic value of this signature in two validation cohorts: GSE13507 (n = 165) and GSE32894 (n = 224). Furthermore, we performed a western blot and found that the expression of these IRGs matched their mRNA expression in TCGA. Moreover, correlations between risk score and immune-cell infiltration indicated that the prognostic signature reflected infiltration by several types of immune cells.We identified and validated an 11-IRG-based risk signature that may be a reliable tool to evaluate the prognosis of BLCA patients and help to devise individualized immunotherapies.Bioinformatics analysis was performed using TCGA and ImmPort databases. Cox regression was used to identify prognostic signatures. Two external GEO cohorts and western blotting of samples were performed to validate the IRG signature.",exclude,include,,include,Multi-gene immune prognostic model
34521394,Cross-talk and clinical value of m[superscript 6]A regulatory gene in bladder cancer.,"RNA modification is a regulation at the post-transcriptional level. RNA methylation modification accounts for more than 60% of all RNA modifications, and m[superscript 6]A(6-methyladenine) is the most common type of RNA methylation modification on mRNA of higher organisms. The modification level of transcription m[superscript 6]A is dynamically regulated by methyltransferase (reader), binding protein (writer) and demethylase (eraser). Furthermore, m[superscript 6]A methylation has been found to have an impact on tumor initiation and progression through various mechanisms.13 genes related m[superscript 6]A from all the gene expressions in The Cancer Genome Atlas (TCGA) were screened. Gene Ontology (GO) and KEGG analysis were applied to explore the functions of genes identified in study. We clustered the related regulators of m[superscript 6]A into three subgroups with ""ConsensusClusterPlus"". 13 genes were used for univariate Cox analysis to find genes associated with prognosis, and the risk model was constructed based on lasso regression. According to the median risk score of each patient, the patients were divided into high and low risk groups for survival analysis. The ROC curve evaluates the model. Then the risk group and clinical characteristics were analyzed.The three subgroups had different clinical characteristics. Our tumor clusters were related to grade, survival status. Moreover, we observed a significantly longer overall survival (OS) in the cluster 1 than the cluster 2 and cluster 3. Three m[superscript 6]A-related genes related to prognosis were used to construct a prognostic risk model. We found age are independent prognostic marker. What's more, risk score can also be an independent prognostic factor.Revealing the regulation and functional mechanism of cross-talk among m[superscript 6]A writers, erasers, and readers, and determine its role in bladder cancer may help in developing novel and efficient strategies for the diagnosis, prognosis and treatment of bladder cancer.© 2021. The Author(s).",exclude,include,,include,3-gene m6A prognostic model
34901008,Hypoxic Characteristic Genes Predict Response to Immunotherapy for Urothelial Carcinoma.,"Objective: Resistance to immune checkpoint inhibitors (ICIs) has been a massive obstacle to ICI treatment in metastatic urothelial carcinoma (MUC). Recently, increasing evidence indicates the clinical importance of the association between hypoxia and immune status in tumor patients. Therefore, it is necessary to investigate the relationship between hypoxia and prognosis in metastatic urothelial carcinoma. Methods: Transcriptomic and clinical data from 348 MUC patients who underwent ICI treatment from a large phase 2 trial (IMvigor210) were investigated in this study. The cohort was randomly divided into two datasets, a training set (n = 213) and a testing set (n = 135). Data of hypoxia-related genes were downloaded from the molecular signatures database (MSigDB), and screened by univariate and multivariate Cox regression analysis to construct a prognosis-predictive model. The robustness of the model was evaluated in two melanoma cohorts. Furthermore, an external validation cohort, the bladder cancer cohort, from the Cancer Genome Atlas (TCGA) database, was t used to explore the mechanism of gene mutation, immune cell infiltration, signaling pathway enrichment, and drug sensitivity. Results: We categorized patients as the high- or low- risk group using a four-gene hypoxia risk model which we constructed. It was found that patients with high-risk scores had significantly worse overall survival (OS) compared with those with low-risk scores. The prognostic model covers 0.71 of the area under the ROC curve in the training set and 0.59 in the testing set, which is better than the survival prediction of MUC patients using the clinical characteristics. Mutation analysis results showed that deletion mutations in RB1, TP53, TSC1 and KDM6A were correlated with hypoxic status. Immune cell infiltration analysis illustrated that the infiltration T cells, B cells, Treg cells, and macrophages was correlated with hypoxia. Functional enrichment analysis revealed that a hypoxic microenvironment activated inflammatory pathways, glucose metabolism pathways, and immune-related pathways. Conclusion: In this investigation, a four-gene hypoxia risk model was developed to evaluate the degree of hypoxia and prognosis of ICI treatment, which showed a promising clinical prediction value in MUC. Furthermore, the hypoxia risk model revealed a close relationship between hypoxia and the tumor immune microenvironment.Copyright © 2021 Hong, Zhang, Cao, Lin, Yang, Zhang, Luo and Guo.",exclude,include,,include,4-gene hypoxia risk model
35092511,A 12-chemokine gene signature is associated with the enhanced immunogram scores and is relevant for precision immunotherapy.,"Advances in the understanding of checkpoint blockade immunotherapy have suggested that boosting the cancer-immunity cycle (CIC) can help induce regression of tumors. However, good efficacy only occurs in a subset of patients. Predictive biomarkers that can reflect the tumor microenvironment (TME) and CIC may have great potential. More recently, the presence of intratumoral tertiary lymphoid structures (TLSs) has also been correlated with clinical benefit in patients. In this study, we comprehensively measured the immunogram scores (IGSs) for the CIC and explored the associations between immunological and mutational features and a 12-chemokine metagene TLS signature in data from The Cancer Genome Atlas (TCGA). Three immunotherapy datasets were further applied for validation. In the TCGA dataset, we observed that the 12-chemokine TLS signature score was positively associated with the enhanced IGSs as represented by increased tumor mutational burden (TMB) and neoantigen burden (TNB), enriched immune cell (IC) infiltration, and elevated cytolytic activity and checkpoint expression. Specifically, in bladder cancer and melanoma, the high 12-chemokine TLS signature score was found to potentially reflect an expanded cancer-immunity status characterized by high TNB and an immune-inflamed feature. The predictive and prognostic value of the 12-chemokine TLS signature was further validated in several immunotherapy datasets. The score of the 12-chemokine TLS signature may serve as a pancancer marker of the immune-active phenotype. The 12-chemokine TLS signature showed promise as a predictive and prognostic biomarker for ICB efficacy, especially in melanoma and bladder cancer.© 2022. The Author(s), under exclusive licence to Springer Science+Business Media, LLC, part of Springer Nature.",include,exclude,泛癌研究，研究对象不限于膀胱癌或尿路上皮癌,exclude,Pan-cancer 12-chemokine signature
35265613,Identification and Quantification of Iron Metabolism Landscape on Therapy and Prognosis in Bladder Cancer.,"The morbidity of bladder cancer (BLCA) is high and has gradually elevated in recent years. BLCA is also characterized by high recurrence and high invasiveness. Due to the drug resistance and lack of effective prognostic indicators, the prognosis of patients with BLCA is greatly affected. Iron metabolism is considered to be a pivot of tumor occurrence, progression, and tumor microenvironment (TME) in tumors, but there is little research in BLCA. Herein, we used univariate COX regression analysis to screen 95 prognosis-related iron metabolism-related genes (IMRGs) according to transcription RNA sequencing and prognosis information of the Cancer Genome Atlas (TCGA) database. TCGA-BLCA cohort was clustered into four distinct iron metabolism patterns (C1, C2, C3, and C4) by the non-negative matrix factorization (NMF) algorithm. Survival analysis showed that C1 and C3 patterns had a better prognosis. Gene set variant analysis (GSVA) revealed that C2 and C4 patterns were mostly enriched in carcinogenic and immune activation pathways. ESTIMATE and single sample gene set enrichment analysis (ssGSEA) also confirmed the level of immune cell infiltration in C2 and C4 patterns was significantly elevated. Moreover, the immune checkpoint genes in C2 and C4 patterns were observably overexpressed. Studies on somatic mutations showed that the tumor mutation burden (TMB) of C1 and C4 patterns was the lowest. Chemotherapy response assessment revealed that C2 pattern was the most sensitive to chemotherapy, while C3 pattern was the most insensitive. Then we established the IMRG prognosis signature (IMRGscore) by the least absolute shrinkage and selection operator (LASSO), including 13 IMRGs (TCIRG1, CTSE, ATP6V0A1, CYP2C8, RNF19A, CYP4Z1, YPEL5, PLOD1, BMP6, CAST, SCD, IFNG, and ASIC3). We confirmed IMRGscore could be utilized as an independent prognostic indicator. Therefore, validation and quantification of iron metabolism landscapes will help us comprehend the formation of the BLCA immunosuppressive microenvironment, guide the selection of chemotherapeutic drugs and immunotherapy, and predict the prognosis of patients.Copyright © 2022 Song, Xin, Zhang, Mao, Duan, Cui, Chen, Li, Liu, Wang, Liu, Liu and Song.",exclude,include,,include,13-gene iron-metabolism risk model
35593896,Epithelial-to-mesenchymal transition based diagnostic and prognostic signature markers in non-muscle invasive and muscle invasive bladder cancer patients.,"Diagnostic and prognostic significance of epithelial-to-mesenchymal transition (EMT) associated biomarkers are evaluated in a cohort of NMIBC (non-muscle invasive bladder cancer) and MIBC (muscle invasive bladder cancer) patients.Real-time quantitative polymerase chain reaction (RT-qPCR) and immunohistochemical (IHC) staining were carried out in 100 tumor specimens (59 NMIBC and 41 MIBC). The expressions of the epithelial marker, mesenchymal markers and EMT-activating transcription factors (EMT-ATFs) were determined at transcriptome and protein level followed by their statistical associations with clinicohistopathological variables of the patients. Transcriptomic expression analysis showed statistical relevance of tumor stage with increased Twist and Zeb-1; tumor type with reduced E-cadherin and increased Snail; and smoking/tobacco chewing status (S/TC) of patients with increased N-cadherin and Snail in NMIBC patients. Tumor grade with reduced message E-cadherin, gain of N-cadherin, Snail, Twist and Zeb-1; patients' age with reduced E-cadherin and Twist gain; and tumor type with increased message N-cadherin exhibited associations in MIBC patients. Protein expression analysis identified statistical relevance of tumor grade with nuclear gain of Snail and Twist; and nuclear gain of Slug with S/TC status of NMIBC patients. Novel gain of membranous Vimentin deduced association with patients' age in MIBC patients. Survival analysis identified novel Vimentin as the positive predictor of short progression free survival (PFS) and short overall survival (OS) in MIBC patients. Study established altered EMT profile as the independent negative predictor of short recurrence free survival (RFS) in NMIBC patients and positive predictor of short PFS and OS in MIBC patients.EMT associated biomarkers could provide diagnostic and prognostic risk stratification and hence could be of importance in the clinical management of bladder cancer patients.© 2022. The Author(s), under exclusive licence to Springer Nature B.V.",exclude,include,,include,Multi-gene EMT prognostic markers
35784457,Characterization of Ligand-Receptor Pair in Bladder Cancer Develops a Validated Scoring Model for Prognosis and Treatment Response.,"The role of ligand-receptor (LR) pairs in disease progression has been explored in bladder cancer. However, the relationship of LR pairs with cancer prognosis and treatment response remains poorly understood. We characterized the LR pair network and identified three distinct molecular subtypes with distinct biologic features based on the TCGA database (n = 406) and validated in GSE13507 (n = 165) and GSE32894 (n = 224). Three subtypes were compared for differences in patient clinical characteristics, genomic, and transcriptomic features. A multivariate Lasso Cox regression model was applied to construct an LR pairs-based scoring model to stratify the prognostic risk of patients. We demonstrated the high LR. score patients had better responses in chemotherapy, while low LR. score patients may benefit from immune checkpoint blockade (ICB). Collectively, we identified three LR pair-related subtypes associated with prognosis. We constructed and validated a LR pairs-based gene signature, which helps to predict prognosis and differentiate the susceptible population to chemotherapy and immunotherapy in patients with bladder cancer. Among the LR pairs significantly related to prognosis, ANAX1-EGFR axis was found to be potential therapeutic target for treatment of bladder cancer.Copyright © 2022 Wang, Wan, Zhang, Yang, Huang and Sun.",exclude,include,,include,Ligand-receptor scoring model
35804889,The Prognostic Value of the Circulating Tumor Cell-Based Four mRNA Scoring System: A New Non-Invasive Setting for the Management of Bladder Cancer.,"Bladder cancer (BC) is one of the most expensive lifetime cancers to treat because of the high recurrence rate, repeated surgeries, and long-term cystoscopy monitoring and treatment. The lack of an accurate classification system predicting the risk of recurrence or progression leads to the search for new biomarkers and strategies. Our pilot study aimed to identify a prognostic gene signature in circulating tumor cells (CTCs) isolated by ScreenCell devices from muscle invasive and non-muscle invasive BC patients. Through the PubMed database and Cancer Genome Atlas dataset, a panel of 15 genes modulated in BC with respect to normal tissues was selected. Their expression was evaluated in CTCs and thanks to the univariate and multivariate Cox regression analysis, EGFR, TRPM4, TWIST1, and ZEB1 were recognized as prognostic biomarkers. Thereafter, by using the risk score model, we demonstrated that this 4-gene signature significantly grouped patients into high- and low-risk in terms of recurrence free survival (HR = 2.704, 95% CI = 1.010−7.313, Log-rank p < 0.050). Overall, we identified a new prognostic signature that directly impacted the prediction of recurrence, improving the choice of the best treatment for BC patients.",exclude,include,,include,4-mRNA CTC scoring model
35846128,Discovery of Notch Pathway-Related Genes for Predicting Prognosis and Tumor Microenvironment Status in Bladder Cancer.,"Background: Notch signaling is a key regulator of immune cell differentiation and linked to autoimmune diseases, tumorigenesis and tumor-induced immunomodulation. An abnormally activated Notch signaling pathway contributes to almost all of the key features of cancer, including tumor angiogenesis, stemness, and epithelial-mesenchymal transition. Consequently, we investigated Notch pathway-related genes for developing prognostic marker and assessing immune status in bladder cancer. Methods: The Cancer Genome Atlas (TCGA) and Gene Expression Omnibus (GEO) databases were utilized to analyze RNA-seq data for bladder cancer. Cluster subtypes were identified using the NMF algorithm. In order to establish a prognostic risk signature, the least absolute shrinkage and selection operator (Lasso) and Cox regression analysis was utilized. GSEA was carried out to investigate the molecular mechanisms. Immune cell infiltration levels in bladder cancer were calculated using the CIBERSORT algorithm. External clinical tissue samples were used to validate the expression levels of signature genes. Results: Based on the NMF algorithm, bladder cancer samples were divided into two cluster subtypes and displayed different survival outcome and immune microenvironment. A six-gene risk signature (DTX3L, CNTN1, ENO1, GATA3, MAGEA1, and SORBS2) was independent for prognosis and showed good stability. The infiltration of immune cells and clinical variables were significantly different among the risk groups of patients. Response to immunotherapy also differed between different risk groups. Furthermore, the mRNA expression levels of the signature genes were verified in tissue samples by qRT-PCR. Conclusion: We established a 6-gene signature associated with Notch pathway in bladder cancer to effectively predict prognosis and reflect immune microenvironment status.Copyright © 2022 Sun, Xin, Li, Zhang and Ye.",exclude,include,,include,6-gene Notch risk model
35958598,Comprehensive FGFR3 alteration-related transcriptomic characterization is involved in immune infiltration and correlated with prognosis and immunotherapy response of bladder cancer.,"Bladder cancer (BC) threatens the health of human beings worldwide because of its high recurrence rate and mortality. As an actionable biomarker, fibroblast growth factor receptor 3 (FGFR3) alterations have been revealed as a vital biomarker and associated with favorable outcomes in BC. However, the comprehensive relationship between the FGFR3 alteration associated gene expression profile and the prognosis of BC remains ambiguous.Genomic alteration profile, gene expression data, and related clinical information of BC patients were downloaded from The Cancer Genomics database (TCGA), as a training cohort. Subsequently, the Weighted Gene Co-expression Network Analysis (WGCNA) was conducted to identify the hub modules correlated with FGFR3 alteration. The univariate, multivariate, and least absolute shrinkage and selection operator (LASSO) Cox regression analyses were used to obtain an FGFR3 alteration-related gene (FARG) prognostic signature and FARG-based nomogram. The receiver operating characteristic (ROC) curve analysis was used for evaluation of the ability of prognosis prediction. The FARG signature was validated in four independent datasets, namely, GSE13507, GSE31684, GSE32548, and GSE48075, from Gene Expression Omnibus (GEO). Then, clinical feature association analysis, functional enrichment, genomic alteration enrichment, and tumor environment analysis were conducted to reveal differential clinical and molecular characterizations in different risk groups. Lastly, the treatment response was evaluated in the immunotherapy-related dataset of the IMvigor210 cohort and the frontline chemotherapy dataset of GSE48276, and the chemo-drug sensitivity was estimated via Genomics of Drug Sensitivity in Cancer (GDSC).There were a total of eleven genes (CERCAM, TPST1, OSBPL10, EMP1, CYTH3, NCRNA00201, PCDH10, GAP43, COLQ, DGKB, and SETBP1) identified in the FARG signature, which divided BC patients from the TCGA cohort into high- and low-risk groups. The Kaplan-Meier curve analysis demonstrated that BC patients in the low-risk group have superior overall survival (OS) than those in the high-risk group (median OS: 27.06 months vs. 104.65 months, p < 0.0001). Moreover, the FARG signature not only showed a good performance in prognosis prediction, but also could distinguish patients with different neoplasm disease stages, notably whether patients presented with muscle invasive phenotype. Compared to clinicopathological features, the FARG signature was found to be the only independent prognostic factor, and subsequently, a FARG-based prognostic nomogram was constructed with better ability of prognosis prediction, indicated by area under ROC curve (AUC) values for 1-, 3-, and 5-year OS of 0.69, 0.71, and 0.79, respectively. Underlying the FARG signature, multiple kinds of metabolism- and immune-related signaling pathways were enriched. Genomic alteration enrichment further identified that FGFR3 alterations, especially c.746C>G (p.Ser249Cys), were more prevalent in the low-risk group. Additionally, FARG score was positively correlated with ESTIMATE and TIDE scores, and the low-risk group had abundant enrichment of plasma B cells, CD8+ T cells, CD4+ naive T cells, and helper follicular T cells, implying that patients in the low-risk group were likely to make significant responses to immunotherapy, which was further supported by the analysis in the IMvigor210 cohort as there was a significantly higher response rate among patients with lower FARG scores. The analysis of the GDSC database finally demonstrated that low-risk samples were more sensitive to methotrexate and tipifarnib, whereas those in the high-risk group had higher sensitivities in cisplatin, docetaxel, and paclitaxel, instead.The novel established FARG signature based on a comprehensive FGFR3 alteration-related transcriptomic profile performed well in prognosis prediction and was also correlated with immunotherapy and chemotherapy treatment responses, which had great potential in future clinical applications.Copyright © 2022 Xu, Xu, Zheng, Li, Cai, Xu, Zou and Yu.",exclude,include,,include,11-gene FARG signature
36186809,An enhancer RNA-based risk model for prediction of bladder cancer prognosis.,"Bladder cancer patients have a high recurrence and poor survival rates worldwide. Early diagnosis and intervention are the cornerstones for favorable prognosis. However, commonly used predictive tools cannot meet clinical needs because of their insufficient accuracy.We have developed an enhancer RNA (eRNA)-based signature to improve the prediction for bladder cancer prognosis. First, we analyzed differentially expressed eRNAs in gene expression profiles and clinical data for bladder cancer from The Cancer Genome Atlas database. Then, we constructed a risk model for prognosis of bladder cancer patients, and analyzed the correlation between this model and tumor microenvironment (TME). Finally, regulatory network of downstream genes of eRNA in the model was constructed by WGCNA and enrichment analysis, then Real-time quantitative PCR verified the differentiation of related genes between tumor and adjacent tissue.We first constructed a risk model composed of eight eRNAs, and found the risk model could be an independent risk factor to predict the prognosis of bladder cancer. Then, the log-rank test and time-dependent ROC curve analysis shown the model has a favorable ability to predict prognosis. The eight risk eRNAs may participate in disease progression by regulating cell adhesion and invasion, and up-regulating immune checkpoints to suppress the immunity in TME. mRNA level change in related genes further validated regulatory roles of eRNAs in bladder cancer. In summary, we constructed an eRNA-based risk model and confirmed that the model could predict the prognosis of bladder cancer patients.Copyright © 2022 Xu, Xu, Wang, Ma, Li, Liu, Peng, Tan, Zhao, Han, Zhang and Yang.",include,exclude,基于增强子RNA风险模型，不属于mRNA/基因表达模型,exclude,Enhancer RNA model
36300085,"Identification of a dysregulated CircRNA-associated gene signature for predicting prognosis, immune landscape, and drug candidates in bladder cancer.","Increasing evidences have demonstrated that circular RNA (circRNAs) plays a an essential regulatory role in initiation, progression and immunotherapy resistance of various cancers. However, circRNAs have rarely been studied in bladder cancer (BCa). The purpose of this research is to explore new circRNAs and their potential mechanisms in BCa. A novel ceRNA-regulated network, including 87 differentially expressed circRNAs (DE-circRNAs), 126 DE-miRNAs, and 217 DE-mRNAs was constructed to better understanding the biological processes using Cytoscape 3.7.1 based on our previously high-throughput circRNA sequencing and five GEO datasets. Subsequently, five randomly selected circRNAs (upregulated circ_0001681; downregulated circ_0000643, circ_0001798, circ_0006117 and circ_0067900) in 20 pairs of BCa and paracancerous tissues were confirmed using qRT-PCR. Functional analysis results determined that 772 GO functions and 32 KEGG pathways were enriched in the ceRNA network. Ten genes (PFKFB4, EDNRA, GSN, GAS1, PAPPA, DTL, TGFBI, PRSS8, RGS1 and TCF4) were selected for signature construction among the ceRNA network. The Human Protein Atlas (HPA) expression of these genes were consistent with the above sequencing data. Notably, the model was validated in multiple external datasets (GSE13507, GSE31684, GSE48075, IMvigor210 and GSE32894). The immune-infiltration was evaluated by 7 published algorithms (i.e., TIMER, CIBERSORT, CIBERSORT-ABS, QUANTISEQ, MCPCOUNTER, XCELL and EPIC). Next, Correlations between riskscore or risk groups and clinicopathological data, overall survival, recognized immunoregulatory cells or common chemotherapeutic agents of BCa patients were performed using wilcox rank test, chi-square test, cox regression and spearman's correlation analysis; and, these results are significant. According to R package ""GSVA"" and ""clusterProfiler"", the most significantly enriched HALLMARK and KEGG pathway was separately the 'Epithelial Mesenchymal Transition' and 'Ecm Receptor Interaction' in the high- vs. low-risk group. Additionally, the functional experiments in vitro also revealed that the overexpression of has_circ_0067900 significantly impaired the proliferation, migration, and invasion capacities of BCa cells. Collectively, the results of the current study provide a novel landscape of circRNA-associated ceRNA-regulated network in BCa. The ceRNA-associated gene model which was constructed presented a high predictive performance for the prognosis, immunotherapeutic responsiveness, and chemotherapeutic sensitivity of BCa. And, has_circ_0067900 was originally proposed as tumor suppressor for patients with BCa.Copyright © 2022 Shen, Li, Zhang, Zhang, Wu, Da, Yang, Wang, Zhang, Qie, Zhao, Lin, Huang, Zhou and Hu.",exclude,include,,include,10-mRNA signature from circRNA network
36358715,The Urothelial Transcriptomic Response to Interferon Gamma: Implications for Bladder Cancer Prognosis and Immunotherapy.,"Interferon gamma (IFNγ) is central to the inflammatory immune response, such as that entrained by BCG immunotherapy for bladder cancer. However, immune-mediated tumour cell killing is subject to modulation by immunoinhibitory ""checkpoint"" receptors such as PD-L1. We investigated the effects of IFNγ on barrier-forming in vitro-differentiated normal human urothelium using mRNA-sequencing, and showed canonical upregulation of MHC class I/II and de novo expression of the T cell tropic CXCL9-11 chemokines. Normal urothelium constitutively expressed immunoinhibitory B7 family member VSIR (VISTA), while CD274 (PD-L1) expression was induced/upregulated by IFNγ. We generated a urothelial IFNγ response gene signature. When applied to the unsupervised clustering of non-muscle-invasive bladder cancers, the IFNγ-signature predicted longer recurrence-free survival. In muscle-invasive cancers, the IFNγ-signature split the basal/squamous consensus subtype, with significantly worse overall survival when weak or absent. This study offers novel insights into strategies to enhance immunotherapy via the IFNγ and VISTA/PD-L1 nexus.",exclude,include,,include,IFN-gamma gene signature with survival endpoint
36428492,Oncogenic Roles of Polycomb Repressive Complex 2 in Bladder Cancer and Upper Tract Urothelial Carcinoma.,"Cancers of the urinary tract are one of the most common malignancies worldwide, causing high morbidity and mortality, and representing a social burden. Upper tract urothelial carcinoma (UTUC) accounts for 5−10% of urinary tract cancers, and its oncogenic mechanisms remain elusive. We postulated that cancers of the lower and the upper urinary tract may share some important oncogenic mechanisms. Therefore, the oncogenic mechanisms discovered in the lower urinary tract may guide the investigation of molecular mechanisms in the upper urinary tract. Based on this strategy, we revisited a high-quality transcriptome dataset of 510 patients with non-muscle invasive bladder cancer (NMIBC), and performed an innovative gene set enrichment analysis of the transcriptome. We discovered that the epigenetic regulation of polycomb repressive complex 2 (PRC2) is responsible for the recurrence and progression of lower-track urinary cancers. Additionally, a PRC2-related gene signature model was discovered to be effective in classifying bladder cancer patients with distinct susceptibility of subsequent recurrence and progression (log-rank p < 0.001 and = 0.001, respectively). We continued to discover that the same model can differentiate stage T3 UTUC patients from stage Ta/T1 patients (p = 0.026). Immunohistochemical staining revealed the presence of PRC2 components (EZH2, EED, and SUZ12) and methylated PRC2 substrates (H3K27me3) in the archived UTUC tissues. The H3K27me3 exhibited higher intensity and area intensity product in stage T3 UTUC tissues than in stage Ta/T1 tissues (p = 0.006 and 0.015, respectively), implicating stronger PRC2 activity in advanced UTUC. The relationship between H3K27 methylation and gene expression is examined using correlations. The H3K27me3 abundance is positively correlated with the expression levels of CDC26, RP11-2B6, MAPK1IP1L, SFR1, RP11-196B3, CDK5RAP2, ANXA5, STX11, PSMD5, and FGFRL1. It is also negatively correlated with CNPY2, KB-1208A12, RP11-175B9, ZNF692, RANP8, RP11-245C17, TMEM266, FBXW9, SUGT1P2, and PRH1. In conclusion, PRC2 and its epigenetic effects are major oncogenic mechanisms underlying both bladder cancer and UTUC. The epigenetically regulated genes of PRC2 in urothelial carcinoma were also elucidated using correlation statistics.",exclude,include,,include,PRC2-related gene signature model
36468020,Clinical value of M1 macrophage-related genes identification in bladder urothelial carcinoma and in vitro validation.,"Background: Tumor microenvironment (TME) takes a non-negligible role in the progression and metastasis of bladder urothelial carcinoma (BLCA) and tumor development could be inhibited by macrophage M1 in TME. The role of macrophage M1-related genes in BLCA adjuvant therapy has not been studied well. Methods: CIBERSOR algorithm was applied for identification tumor-infiltrating immune cells (TICs) subtypes of subjects from The Cancer Genome Atlas (TCGA) and Gene Expression Omnibus (GEO) data sets. We identified potential modules of M1 macrophages by weighted gene co-expression network analysis (WGCNA). Nomogram was determined by one-way Cox regression and lasso regression analysis for M1 macrophage genes. The data from GEO are taken to verify the models externally. Kaplan-Meier and receiver operating characteristic (ROC) curves validated prognostic value of M1 macrophage genes. Finally, we divided patients into the low-risk group (LRG) and the high-risk group (HRG) based on the median risk score (RS), and the predictive value of RS in patients with BLCA immunotherapy and chemotherapy was investigated. Bladder cancer (T24, 5637, and BIU-87) and bladder uroepithelial cell line (SV-HUC-1) were used for in vitro validation. Reverse transcription-quantitative polymerase chain reaction (RT-qPCR) was employed to validate the associated genes mRNA level. Results: 111 macrophage M1-related genes were identified using WGCNA. RS model containing three prognostically significant M1 macrophage-associated genes (FBXO6, OAS1, and TMEM229B) was formed by multiple Cox analysis, and a polygenic risk model and a comprehensive prognostic line plot was developed. The calibration curve clarified RS was a good predictor of prognosis. Patients in the LRG were more suitable for programmed cell death protein 1 (PD1) and cytotoxic T lymphocyte associate protein-4 (CTLA4) combination immunotherapy. Finally, chemotherapeutic drug models showed patients in the LRG were more sensitive to gemcitabine and mitomycin. RT-qPCR result elucidated the upregulation of FBXO6, TMEM229B, and downregulation of OAS1 in BLCA cell lines. Conclusion: A predictive model based on M1 macrophage-related genes can help guide us in the treatment of BLCA.Copyright © 2022 Yu, Huang, Li, Ou, Xu and Kang.",exclude,include,,include,3-gene M1 macrophage risk model
36505302,The predictive value of pyroptosis for the prognosis and immune escape of bladder cancer.,"To evaluate the predictive value of pyroptosis-related genes for the prognosis and immune escape of bladder cancer (BC).Transcriptomic and single nucleotide polymorphisms (SNPs) data were downloaded from The Cancer Genome Atlas (TCGA) and Gene Expression Omnibus (GEO) portal. Least absolute shrinkage and selection operator (LASSO) analysis was carried out to construct a prognostic risk model for BC patients.Based on the expression of 50 pyroptosis-related genes, BC patients from TCGA database were divided into two clusters, which showed significant differences in overall survival and disease specific survival. Furthermore, we intersected the differentially expressed genes between these two clusters with those identified from the GSE13507 dataset and finally identified eight survival related genes, which was used to construct a prognostic risk model by LASSO Cox regression. According to the model, the high-risk (HR) group was closely associated with poor survival or the advanced pathological stage of BC. In addition, the HR group was mainly enriched in cell cycle and immune-related pathways and had a higher TP53 mutation rate than the low-risk (LR) group. Furthermore, these two risk groups were significantly related to immune cell composition, immune cell infiltration, and immune response. Importantly, a higher expression of PD-1, PD-L1, and CTLA4 as well as higher immune exclusion scores were found in the HR group, suggesting a higher possibility of immune escape.Our studies revealed the key role of pyroptosis in predicting the prognosis, TP53 mutation, and immune escape of patients with BC.AJTR Copyright © 2022.",exclude,include,,include,8-gene pyroptosis risk model
36777726,Identification of platinum resistance-related gene signature for prognosis and immune analysis in bladder cancer.,"Purpose: Currently, there is limited knowledge about platinum resistance-related long non-coding RNAs (lncRNAs) in bladder cancer. We aim to identify platinum resistance-related lncRNAs and construct a risk model for accurate prognostic prediction of bladder cancer. Methods: Transcriptomic and clinical data were extracted from The Cancer Genome Atlas (TCGA) database, and platinum resistance-related genes were obtained from HGSOC-Platinum. The platinum resistance-related lncRNAs were obtained by the Spearman correlation analysis. Then, we constructed a risk score model through Cox regression analysis and the LASSO algorithm. The model was verified by analyzing the median risk score, Kaplan-Meier curve, receiver operating characteristic (ROC) curve, and heatmap. We also developed a nomogram and examined the relationship between the risk score model, immune landscape, and drug sensitivity. Lastly, we assessed the differential expression of PRR-lncRNAs in the cisplatin-resistant bladder cancer cell line and the normal bladder cancer cell line using qRT-PCR. Results: We developed and validated an eight-platinum resistance-related lncRNA risk model for bladder cancer. The risk model showed independent prognostic significance in univariate and multivariate Cox analyses. Based on multivariate analysis, we developed a nomogram. The modified model is both good predictive and clinically relevant after evaluation. Furthermore, immune-related and drug-sensitivity analyses also showed significant differential expression between high and low-risk groups. The qRT-PCR demonstrated that most of the lncRNAs were upregulated in cisplatin-resistance cancerous tissues than in control tissues. Conclusion: We have developed a predictive model based on eight platinum resistance-related lncRNAs, which could add meaningful information to clinical decision-making.Copyright © 2023 Li, Jiang, Yang, Zheng, Liu, Situ, Liu, Weipeng and Fu.",include,exclude,基于lncRNA签名，不符合纳入标准,exclude,lncRNA risk model
37064115,Identification of a novel defined inflammation-related long noncoding RNA signature contributes to predicting prognosis and distinction between the cold and hot tumors in bladder cancer.,"Bladder cancer (BLCA) is one of the most frequently diagnosed urological malignancies and is the 4th most common cancer in men worldwide. Molecular targets expressed in bladder cancer (BLCA) are usually used for developing targeted drug treatments. However, poor prognosis and poor immunotherapy efficacy remain major challenges for BLCA. Numerous studies have shown that long non-coding RNAs (LncRNAs) play an important role in the development of cancer. However, the role of lncRNAs related to inflammation in BLCA and their prognostic value remain unclear. Therefore, this study is aimed to explore new potential biomarkers that can predict cancer prognosis.We downloaded BLCA-related RNA sequencing data from The Cancer Genome Atlas (TCGA) and searched for inflammation-related prognostic long non-coding RNAs (lncRNAs) by univariate Cox (uniCox) regression and co-expression analysis. We used the least absolute shrinkage and selection operator (LASSO) analysis to construct an inflammation-related lncRNA prognosis risk model. Samples were divided into high-risk score (HRS) group and low-risk score (LRS) group based on the median value of risk scores. The independent variable factors were identified by univariate Cox (uni-Cox) and multivariate Cox (multi-Cox) regression analyses, and receiver operating characteristic (ROC) curves were used to compare the role of different factors in predicting outcomes. Nomogram and Calibration Plot were generated by the R package rms to analyze whether the prediction results are correct and show good consistency. Correlation coefficients were calculated by Pearson analysis. The Kaplan-Meier method was used to assess the prognostic value. The expression of 7 lncRNAs related with inflammation was also confirmed by qRT-PCR in BLCA cell lines. Kyoto Encyclopedia of Gene and Genome (KEGG) pathways that were significantly enriched (P < 0.05) in each risk group were identified by the GSEA software. The R package pRRophetic was used to predict the IC50 of common chemotherapeutic agents. TIMER, XCELL, QUANTISEQ, MCPCOUNTER, EPIC and CIBERSORT were applied to quantify the relative proportions of infiltrating immune cells. We also used package ggpubr to evaluate TME scores and immune checkpoint activation in LRS and HRS populations. R package GSEABase was used to analyze the activity of immune cells or immune function. Different clusters of principal component analysis (PCA), t-distribution random neighborhood embedding (t-SNE), and Kaplan-Meier survival were analyzed using R package Rtsne's. The R package ConsensesClusterPlus was used to class the inflammation-related lncRNAs.In this study, a model containing 7 inflammation-related lncRNAs was constructed. The calibration plot of the model was consistent with the prognosis prediction outcomes. The 1-, 3-, and 5-year ROC curve (AUC) were 0.699, 0.689, and 0.699, respectively. High-risk patients were enriched in lncRNAs related with tumor invasion and immunity, and had higher levels of immune cell infiltration and immune checkpoint activation. Hot tumors and cold tumors were effectively distinguished by clusters 2 and 3 and cluster 1, respectively, which indicated that hot tumors are more susceptible to immunotherapy.Our study showed that inflammation-related LncRNAs are closely related with BLCA, and inflammation-related lncRNA can accurately predict patient prognosis and effectively differentiate between hot and cold tumors, thus improving individualized immunotherapy for BLCA patients. Therefore, this study provides an effective predictive model and a new therapeutic target for the prognosis and clinical treatment of BLCA, thus facilitating the development of individualized tumor therapy.Copyright © 2023 Xiong, Chen, Li, Yang, Zhang, Wang, Zhang, Peng, Li and Luo.",include,exclude,基于lncRNA签名，不符合纳入标准,exclude,lncRNA signature
37455996,Prediction of immune and targeted drug efficacy in pain-related risk subtypes for bladder cancer patients.,"Bladder cancer is a complex disease with high morbidity and mortality rates. At least 430,000 cases are diagnosed annually worldwide. Cancer pain is the most common and distressing symptom in cancer patients. Studies have reported depression, anxiety, and decreased quality of life in survivors of various cancers. The study of pain-related genes in cancer patients may provide a basis for developing targeted drugs for cancer therapy, which could reduce pain and improve quality of life of cancer patients. In this study, the mRNA expression and clinical data of bladder cancer patients were downloaded from public databases. A total of 103 pain-related genes were also downloaded from the public databases. Univariate Cox regression analysis identified 17 pain-related genes that were significantly associated with overall survival. We calculated a pain-related risk score for each patient, constructed a bladder cancer pain risk model, and categorized bladder cancer patients into two risk subtypes. Differences in prognosis, differential gene expression, immune cell signatures, hallmarks, metabolic pathways, and somatic mutations between the different risk subtypes were systematically investigated. Eight drugs associated with bladder cancer risk subtypes were identified. Their differences in the high- and low-risk subtypes of bladder cancer were examined. In addition, the response to immunotherapy was analyzed in patients with different pain-related subtypes. Results revealed significant differences in these characteristics. Finally, a predictive model for pain-related risk subtypes in patients with bladder cancer was established. The study findings provide a reference for prognostication and personalized medical treatment of bladder cancer patients.© 2023 The Authors.",exclude,include,,include,17-gene pain-related risk model
37701108,Novel potential urinary biomarkers for effective diagnosis and prognostic evaluation of high-grade bladder cancer.,"High-grade bladder cancer (HGBC) has a higher malignant potential, recurrence and progression rate compared to low-grade phenotype. Its early symptoms are often vague, making non-invasive diagnosis using urinary biomarkers a promising approach.The gene expression data from urine samples of patients with HGBC was extracted from the GSE68020 dataset. The clinical information and gene expression data in tumor tissues of HGBC patients were obtained from The Cancer Genome Atlas (TCGA) database. Multivariate Cox analysis was used to predict the optimal risk model. The protein-protein interaction (PPI) analysis was performed via the Search Tool for the Retrieval of Interacting Genes (STRING) database and visualized using Cytoscape. Overall survival (OS) was evaluated in the Gene Expression Profiling Interactive Analysis (GEPIA) online platform. Competing endogenous RNA (ceRNA) network was also visualized using Cytoscape. The expression levels of specific genes were assessed through quantitative real-time reverse transcription-polymerase chain reaction (qRT-PCR). Moreover, co-expressed genes and potential biological functions related to specific genes were explored based on the Cancer Cell Line Encyclopedia (CCLE) database.A total of 560 differentially expressed genes (DEGs) were identified when comparing the urine sediment samples from HGBC patients with the benign ones. Using these urinary DEGs and the clinical information of HGBC patients, we developed an optimal risk model consisting of eight genes to predict the patient outcome. By integrating the node degree values in the PPI network with the expression changes in both urine and tissue samples, eighteen hub genes were selected out. Among them, DKC1 and SNRPG had the most prominent comprehensive values, and EFTUD2, LOR and EBNA1BP2 were relevant to a worse OS in bladder cancer patients. The ceRNA network of hub genes indicated that DKC1 may be directly regulated by miR-150 in HGBC. The upregulation of both SNRPG and DKC1 were detected in HGBC cells, which were also observed in various tumor tissues and malignant cell lines, displaying high correlations with other hub genes.Our study may provide theoretical basis for the development of effective non-invasive detection and treatment strategies, and further research is necessary to explore the clinical applications of these findings.2023 Translational Cancer Research. All rights reserved.",exclude,include,,include,8-gene urinary prognostic model
37740761,Identifying possible hub genes and biological mechanisms shared between bladder cancer and inflammatory bowel disease using machine learning and integrated bioinformatics.,"Recent studies have shown that inflammatory bowel disease (IBD) is associated with bladder cancer (BC) incidence. But there is still a lack of understanding regarding its pathogenesis. Thus, this study aimed to identify potential hub genes and their important pathways and pathological mechanisms of interactions between IBD and BC using bioinformatics methods.The data from Gene Expression Omnibus (GEO) and the cancer genome atlas (TCGA) were analyzed to screen common differentially expressed genes (DEGs) between IBD and BC. The ""clusterProfiler"" package was used to analyze GO term and Kyoto Encyclopedia of Genes and Genomes (KEGG) pathway enrichment in DEGs. After that, we conducted a weighted gene co-expression network analysis (WGCNA) on these DEGs to determine the vital modules and genes significantly related to BC. Protein-protein interaction (PPI) networks was used to identify hub genes. Further, the hub genes were used to develop a prognostic signature by Cox analysis. The validity of the ten hub DEGs was tested using three classification algorithms. Finally, we analyzed the microRNAs (miRNA)-mRNA, transcription factors (TFs)-mRNA regulatory network.Positive regulation of organelle fission, chromosomal region, tubulin binding, and cell cycle signaling pathway were the major enriched pathways for the common DEGs. PPI networks identified three hub proteins (AURKB, CDK1, and CCNA2) with high connectivity. Three machine-learning classification algorithms based on ten hub genes performed well for IBD and BC (accuracy > 0.80). The robust predictive model based on the ten hub genes could accurately classify BC cases with various clinical outcomes. Based on the gene-TFs and gene-miRNAs network construction, 9 TFs and 6 miRNAs were identified as potential critical TFs and miRNAs. There are 13 drugs that interact with the hub gene based on gene-drug interaction analysis.This study explored common gene signatures and the potential pathogenesis of IBD and BC. We revealed that an unbalanced immune response, cell cycle pathway, and neutrophil infiltration might be the common pathogenesis of IBD and BC. Molecular mechanisms for the treatment of IBD and CC still require further investigation.© 2023. The Author(s), under exclusive licence to Springer-Verlag GmbH Germany, part of Springer Nature.",exclude,include,,include,10-hub-gene prognostic model
37802365,PDGFRA exhibits potential as an indicator of angiogenesis within the tumor microenvironment and is up-regulated in BLCA.,"Bladder cancer (BLCA) is a common type of urogenital malignancy worldwide. The recurrence and metastasis of bladder cancer are closely related to angiogenesis, but the underlying mechanisms are unclear. In this study, we developed a method to predict survival outcomes among BLCA patients, which could be used to guide immunotherapy and chemotherapy. We obtained patient data from The Cancer Genome Atlas (TCGA) and identified angiogenesis-related genes from the GeneCards database. First, we used differential expression analysis and univariate Cox analysis to identify angiogenesis-related genes and used correlation analysis to generate molecular subtypes based on M2 macrophages. Next, we constructed a prognostic signature consisting of four genes (ECM1, EFEMP1, SLIT2, and PDGFRΑ), which was found to be an independent prognostic factor. Higher risk scores were associated with worse overall survival and higher expression of immune checkpoints. We also evaluated immune cell infiltration using the CIBERSORT and ssGSEA algorithms. Additionally, we performed stratification analyses, constructed a nomogram, and predicted chemotherapeutic responses based on the risk signature. Finally, we validated our findings by using qRT-PCR as well as IHC data to detect the expression levels of the four genes at mRNA and protein levels in BLCA patients and obtained results that were consistent with our predictions. Our study demonstrates the utility of a four-gene prognostic signature for prognostication in bladder cancer patients and designing personalized treatments, which could provide new avenues for personalized management of these patients.Copyright © 2023 Elsevier Inc. All rights reserved.",exclude,include,,exclude,Single-gene PDGFRA study
37869074,Integrative analysis of triphenyl phosphate: contextual interpretation of bladder cancer cohort.,"In recent years, organophosphate ester flame retardants (OPFRs) have emerged as preferred alternatives to brominated flame retardants (BFRs) in materials such as building supplies, textiles, and furnishings. Simultaneously, a notable surge in bladder cancer incidences has been observed globally, particularly in developed nations, placing it as the 10th most prevalent cancer type. Among the extensive OPFRs, the linkage between triphenyl phosphate (TPP) and bladder cancer remains inadequately investigated. Hence, our study endeavors to elucidate this potential association. We sourced transcriptome profiles and TPP-related data from The Cancer Genome Atlas and Comparative Toxicogenomics databases. Using the ssGSEA algorithm, we established TPP-correlated scores within the bladder cancer cohort. Differentially expressed analysis enabled us to identify key genes in bladder cancer patients. We utilized the LASSO regression analysis, along with univariate and multivariate COX regression analyses to construct a prognostic prediction model. To uncover critical pathways involving key genes, we employed GSEA and GSVA enrichment analyses. Molecular docking analysis was performed to determine the binding capability between TPP and proteins. Our findings reveal that the TPP-centric risk model offers valuable prediction for bladder cancer cohorts. Furthermore, the reliability of this TPP-influenced risk model was verified through ROC curve analysis and survival studies. Intriguingly, TPP exposure appears to bolster the proliferation and invasiveness of bladder cancer cells. This study furnishes new insights into the possible benefits of minimizing TPP exposure for hindering bladder cancer progression.Copyright © 2023 Zhang, Huang, Huang, Zhang, Xu, Cheng, Qin, Lu and Wang.",exclude,include,,exclude,Environmental toxicology study without prognostic model
38017469,Identifying prognostic characteristics of m6A-related glycolysis gene and predicting the immune infiltration landscape in bladder cancer.,"Glucose metabolism is associated with the development of cancers, and m6A RNA methylation regulator-related genes play vital roles in bladder urothelial carcinoma (BLCA). However, the role of m6A-related glucose metabolism genes in BLCA occurrence and development has not yet been reported. Our study aims to integrate m6A- and glycolysis-related genes and find potential gene targets for clinical diagnosis and prognosis of BLCA patients.Sequencing data and clinical information on BLCA were extracted from common databases. Univariate Cox analysis was used to screen prognosis-related m6A glucose metabolism genes; BLCA subtypes were distinguished using consensus clustering analysis. Subsequently, genes associated with BLCA occurrence and development were identified using the ""limma"" R package. The risk score was then calculated, and a nomogram was constructed to predict survival rate of BLCA patients. Functional and immune microenvironment analyses were performed to explore potential functions and mechanisms of the different risk groups.Based on 70 prognosis-related m6A glucose metabolism genes, BLCA was classified into two subtypes, and 34 genes associated with its occurrence and development were identified. Enrichment analysis revealed an association of genes in high-risk groups with tricarboxylic acid cycle function and glycolysis. Moreover, significantly higher levels of seven immune checkpoints, 14 immune checkpoint inhibitors, and 32 immune factors were found in high-risk score groups.This study identified two biomarkers associated with BLCA prognosis; these findings may deepen our understanding of the role of m6A-related glucose metabolism genes in BLCA development. We constructed a m6A-related glucose metabolism- and immune-related gene risk model, which could effectively predict patient prognosis and immunotherapy response and guide individualized immunotherapy.© 2023. The Author(s).",exclude,include,,include,m6A-glycolysis gene risk model
38172584,Identification and validation of prognostic signature genes of bladder cancer by integrating methylation and transcriptomic analysis.,"Being a frequent malignant tumor of the genitourinary system, Bladder Urothelial Carcinoma (BLCA) has a poor prognosis. This study focused on identifying and validating prognostic biomarkers utilizing methylation, transcriptomics, and clinical data from The Cancer Genome Atlas Bladder Urothelial Carcinoma (TCGA BLCA) cohort. The impact of altered differentially methylated hallmark pathway genes was subjected to clustering analysis to observe changes in the transcriptional landscape on BLCA patients and identify two subtypes of patients from the TCGA BLCA population where Subtype 2 was associated with the worst prognosis with a p-value of 0.00032. Differential expression and enrichment analysis showed that subtype 2 was enriched in immune-responsive and cancer-progressive pathways, whereas subtype 1 was enriched in biosynthetic pathways. Following, regression and network analyses revealed Epidermal Growth Factor Receptor (EGFR), Fos-related antigen 1 (FOSL1), Nuclear Factor Erythroid 2 (NFE2), ADP-ribosylation factor-like protein 4D (ARL4D), SH3 domain containing ring finger 2 (SH3RF2), and Cadherin 3 (CDH3) genes to be the most significant prognostic gene markers. These genes were used to construct a risk model that separated the BLCA patients into high and low-risk groups. The risk model was also validated in an external dataset by performing survival analysis between high and low-risk groups with a p-value < 0.001 and the result showed the high group was significantly associated with poor prognosis compared to the low group. Single-cell analyses revealed the elevated level of these genes in the tumor microenvironment and associated with immune response. High-grade patients also tend to have a high expression of these genes compared to low-grade patients. In conclusion, this research developed a six-gene signature that is pertinent to the prediction of overall survival (OS) and might contribute to the advancement of precision medicine in the management of bladder cancer.© 2024. The Author(s).",exclude,include,,include,mRNA prognostic signature selected with methylation data
38183115,Transcriptomic insights into UTUC: role of inflammatory fibrosis and potential for personalized treatment.,"Upper tract urothelial carcinoma (UTUC) is a rare disease, belonging to the same category of urothelial cancers as bladder cancer (BC). Despite sharing similar non-surgical treatment modalities, UTUC demonstrates a higher metastasis propensity than BC. Furthermore, although both cancers exhibit similar molecular disease emergence mechanisms, sequencing data reveals some differences. Our study investigates the transcriptomic distinctions between UTUC and BC, explores the causes behind UTUC's heightened metastatic tendency, constructs a model for UTUC metastasis and prognosis, and propose personalized treatment strategies for UTUC.In our research, we utilized differential gene expression analysis, interaction networks, and Cox regression to explore the enhanced metastatic propensity of UTUC. We formulated and validated a prognostic risk model using diverse techniques, including cell co-culture, reverse transcription quantitative polymerase chain reaction (rt-qPCR), western blotting, and transwell experiments. Our methodological approach also involved survival analysis, risk model construction, and drug screening leveraging the databases of CTRPv2, PRISM and CMap. We used the Masson staining technique for histological assessments. All statistical evaluations were conducted using R software and GraphPad Prism 9, reinforcing the rigorous and comprehensive nature of our research approach.Screening through inflammatory fibrosis revealed a reduction of extracellular matrix and cell adhesion molecules regulated by proteoglycans in UTUC compared with BC, making UTUC more metastasis-prone. We demonstrated that SDC1, LUM, VEGFA, WNT7B, and TIMP3, are critical in promoting UTUC metastasis. A risk model based on these five molecules can effectively predict the risk of UTUC metastasis and disease-free survival time. Given UTUC's unique molecular mechanisms distinct from BC, we discovered that UTUC patients could better mitigate the issue of poor prognosis associated with UTUC's easy metastasis through tyrosine kinase inhibitors (TKIs) alongside the conventional gemcitabine and cisplatin chemotherapy regimen.The poor prognosis of UTUC because of its high metastatic propensity is intimately tied to inflammatory fibrosis induced by the accumulation of reactive oxygen species. The biological model constructed using the five molecules SDC1, LUM, VEGFA, WNT7B, and TIMP3 can effectively predict patient prognosis. UTUC patients require specialized treatments in addition to conventional regimens, with TKIs exhibiting significant potential.© 2023. The Author(s).",exclude,include,,include,5-molecule UTUC prognostic risk model
38217031,Deciphering the significance of anoikis in bladder cancer and systematic analysis of S100A7 as a potential therapeutic target.,"Bladder cancer is an epidemic and life-threating urologic carcinoma. Anoikis is a unusual type of programmed cell death which plays a vital role in tumor survival, invasion and metastasis. Nevertheless, the relationship between anoikis and bladder cancer has not been understood thoroughly.We downloaded the transcriptome and clinical information of BLCA patients from TCGA and GEO databases. Then, we analyzed different expression of anoikis-related genes and established a prognostic model based on TCGA database by univariate Cox regression, lasso regression, and multivariate Cox regression. Then the Kaplan-Meier survival analysis and receiver operating characteristic (ROC) curves were performed. GEO database was used for external validation. BLCA patients in TCGA database were divided into two subgroups by non-negative matrix factorization (NMF) classification. Survival analysis, different gene expression, immune cell infiltration and drug sensitivity were calculated. Finally, we verified the function of S100A7 in two BLCA cell lines.We developed a prognostic risk model based on three anoikis-related genes including TPM1, RAC3 and S100A7. The overall survival of BLCA patients in low-risk groups was significantly better than high-risk groups in training sets, test sets and external validation sets. Subsequently, the checkpoint and immune cell infiltration had significant difference between two groups. Then we identified two subtypes (CA and CB) through NMF analysis and found CA had better OS and PFS than CB. Besides, the accuracy of risk model was verified by ROC analysis. Finally, we identified that knocking down S100A7 gene expression restrained the proliferation and invasion of bladder cancer cells.We established and validated a bladder cancer prognostic model consisting of three genes, which can effectively evaluate the prognosis of bladder cancer patients. Additionally, through cellular experiments, we demonstrated the significant role of S100A7 in the metastasis and invasion of bladder cancer, suggesting its potential as a novel target for future treatments.© 2024. The Author(s).",exclude,include,,include,3-gene anoikis risk model
38282152,Unveiling Anoikis-related genes: A breakthrough in the prognosis of bladder cancer.,"Bladder cancer (BLCA) is a prevalent malignancy worldwide. Anoikis remains a new form of cell death. It is necessary to explore Anoikis-related genes in the prognosis of BLCA.We obtained RNA expression profiles from the The Cancer Genome Atlas (TCGA) and Gene Expression Omnibus databases for dimensionality reduction analysis and isolated epithelial cells, T cells and fibroblasts for copy number variation analysis, pseudotime analysis and transcription factor analysis based on R package. We integrated machine-learning algorithms to develop the artificial intelligence-derived prognostic signature (AIDPS).The performance of AIDPS with clinical indicators was stable and robust in predicting BLCA and showed better performance in every validation dataset compared to other models. Mendelian randomization analysis was conducted. Single nucleotide polymorphism (SNP) sites of rs3100578 (HK2) and rs66467677 (HSP90B1) exhibited significant correlation of bladder problem (not cancer) and bladder cancer, whereasSNP sites of rs3100578 (HK2) and rs947939 (BAD) had correlation between bladder stone and bladder cancer. The immune infiltration analysis of the TCGA-BLCA cohort was calculated via the ESTIMATE (i.e. Estimation of STromal and Immune cells in MAlignantTumours using Expression data) algorithm which contains stromal, immune and estimate scores. We also found significant differences in the IC50 values of Bortezomib_1191, Docetaxel_1007, Staurosporine_1034 and Rapamycin_1084 among the high- and low-risk groups.In conclusion, these findings indicated Anoikis-related prognostic genes in BLCA and constructed an innovative machine-learning model of AIDPS with high prognostic value for BLCA.© 2024 John Wiley & Sons Ltd.",exclude,include,,include,Machine-learning anoikis prognostic signature
38333832,The prognostic significance and clinical relevance of stem cell characteristic in bladder cancer.,"Bladder cancer (BLCA) is a common malignant tumor of urinary system and prognostic biomarkers are needed for better clinical decision-making and patient management. Cancer stem cells (CSCs) are involved in carcinogenesis, development, metastasis and recurrence of BLCA. This study explored the prognostic and predictive value of CSCs-related genes and laid the groundwork for precision treatment development in BLCA.The mRNA data and corresponding clinical information obtained from TCGA-BLCA cohort was used to discover biomarkers and develop CSCs-related prognostic model, which was further validated in GSE32548 and GSE32894 datasets. In addition, the association between CSCs-related risk score and therapeutic efficacy was analyzed to explore the potential predictive value of the prognostic model.We identified four CSCs-related subtypes and 900 differentially expressed genes (DEGs) among subtypes. Then the CSCs-related prognostic model was built based on 16 CSCs-related DEGs with the most significant prognostic value. Patients in the low-risk group had better overall survival than those in high-risk group (P < 0.001; HR, 0.42; 95 %CI, 0.31-0.57). Multivariable Cox analysis in training and test sets confirmed the independence of CSCs-related risk score as a prognostic factor (P < 0.05). The difference of survival between two risk groups were probably due to the significantly varied immune microenvironment based on the analysis of infiltrated immune cells. Additionally, the risk score was significantly associated with chemotherapy sensitivity and the response to anti-PD-L1 therapy (P < 0.05) which suggested a potential predictive value of CSCs-related risk model.We established a risk classifier based on 16 CSCs-related genes for predicting survival in patients with BLCA. The CSCs-related risk model has both prognostic value and potential predictive value for therapeutic efficacy, which brings us closer to understanding the important role of CSCs in BLCA and may provide guidance for clinical treatment decision-making and patient management. The clinical utility of the CSCs-related risk classifier warrants further studies.© 2024 The Authors. Published by Elsevier Ltd.",exclude,include,,include,16-gene cancer-stem-cell risk model
38356551,Disulfidptosis characterizes the tumor microenvironment and predicts immunotherapy sensitivity and prognosis in bladder cancer.,"Bladder cancer (BLCA) is prone to metastasis and has poor prognosis with unsatisfactory treatment responsiveness. Disulfidptosis is a recently discovered, novel mode of cell death that is closely associated with human cancers. However, a comprehensive analysis of the relationship between disulfidptosis and BLCA is lacking. Therefore, this study aimed to explore the potential effect of disulfidptosis on BLCA and identify a biomarker for evaluating the prognosis and immunotherapy of patients with BLCA.We acquired BLCA RNA sequencing data from The Cancer Genome Atlas Urothelial Bladder Carcinoma (TCGA-BLCA) cohort (containing 19 normal samples and 409 tumor samples) and the GES39281 cohort (containing 94 tumor samples) which were used for external validation of the signature. Initially, we performed unsupervised consensus clustering to explore disulfidptosis-related subgroups. We then conducted functional enrichment analysis on these subgroups to gain insights into their biological significance and evaluate their immunotherapy response and chemotherapy sensitivity. Next, we conducted Least Absolute Shrinkage and Selection Operator (LASSO) regression and multivariate Cox regression to construct a prognostic signature in the TCGA training set for prognosis-related differentially expressed genes (DEGs) in the disulfidptosis-related subgroups. Subsequently, we used a receiver operating characteristic (ROC) curve and independent prognostic analysis to validate the predictive performance of the signature in the TCGA testing and the GES39281 cohorts. Finally, we explored the therapeutic value of this signature in patients with BLCA, in terms of immunotherapy and chemotherapy.In this study, we obtained two subgroups: DRG-high (238 samples) and DRG-low (160 samples). The DRG-high group exhibited a poor survival rate compared to the DRG-low group and had a significant association with tumor grade, stage, and metastasis. Additionally, several pathways related to cancer and the immune system were enriched in the high-DRG group. Moreover, the DRG-high group exhibited higher expression of PD1 and CTLA4 and had a better response to immunotherapy in patients with both PD1 and CTLA4 positivity. Conversely, the DRG-high group was more sensitive to common chemotherapeutic agents. A prognostic signature was created, consisting of COL5A1, DIRAS3, NKG7, and POLR3G and validated as having a robust predictive capability. Patients in the low-risk-score group had more immune cells associated with tumor suppression and better immunotherapy outcomes.This study contributes to our understanding of the characteristics of disulfidptosis-related subgroups in BLCA. Disulfidptosis-related signatures can be used to assess the prognosis and immunotherapy of patients with BLCA.© 2024 The Authors.",exclude,include,,include,4-gene disulfidptosis signature
38387404,A hypoxia biomarker does not predict benefit from giving chemotherapy with radiotherapy in the BC2001 randomised controlled trial.,"BC2001 showed combining chemotherapy (5-FU + mitomycin-C) with radiotherapy improves loco-regional disease-free survival in patients with muscle-invasive bladder cancer (MIBC). We previously showed a 24-gene hypoxia-associated signature predicted benefit from hypoxia-modifying radiosensitisation in BCON and hypothesised that only patients with low hypoxia scores (HSs) would benefit from chemotherapy in BC2001. BC2001 allowed conventional (64Gy/32 fractions) or hypofractionated (55Gy/20 fractions) radiotherapy. An exploratory analysis tested an additional hypothesis that hypofractionation reduces reoxygenation and would be detrimental for patients with hypoxic tumours.RNA was extracted from pre-treatment biopsies (298 BC2001 patients), transcriptomic data generated (Affymetrix Clariom-S arrays), HSs calculated (median expression of 24-signature genes) and patients stratified as hypoxia-high or -low (cut-off: cohort median).invasive loco-regional control (ILRC); secondary overall survival.Hypoxia affected overall survival (HR = 1.30; 95% CI 0.99-1.70; p = 0.062): more uncertainty for ILRC (HR = 1.29; 95% CI 0.82-2.03; p = 0.264). Benefit from chemotherapy was similar for patients with high or low HSs, with no interaction between HS and treatment arm. High HS associated with poor ILRC following hypofractionated (n = 90, HR 1.69; 95% CI 0.99-2.89 p = 0.057) but not conventional (n = 207, HR 0.70; 95% CI 0.28-1.80, p = 0.461) radiotherapy. The finding was confirmed in an independent cohort (BCON) where hypoxia associated with a poor prognosis for patients receiving hypofractionated (n = 51; HR 14.2; 95% CI 1.7-119; p = 0.015) but not conventional (n = 24, HR 1.04; 95% CI 0.07-15.5, p = 0.978) radiotherapy.Tumour hypoxia status does not affect benefit from BC2001 chemotherapy. Hypoxia appears to affect fractionation sensitivity. Use of HSs to personalise treatment needs testing in a biomarker-stratified trial.Cancer Research UK, NIHR, MRC.Copyright © 2024 The Author(s). Published by Elsevier B.V. All rights reserved.",exclude,include,,include,24-gene hypoxia signature in clinical trial
38439961,Multiomics profiling of urothelial carcinoma in situ reveals CIS-specific gene signature and immune characteristics.,"Urothelial carcinoma in situ (CIS) is an aggressive phenotype of non-muscle-invasive bladder cancer. Molecular features unique to CIS compared to high-grade papillary tumors are underexplored. RNA sequencing of CIS, papillary tumors, and normal urothelium showed lower immune marker expression in CIS compared to papillary tumors. We identified a 46-gene expression signature in CIS samples including selectively upregulated known druggable targets MTOR, TYK2, AXIN1, CPT1B, GAK, and PIEZO1 and selectively downregulated BRD2 and NDUFB2. High expression of selected genes was significantly associated with CIS in an independent dataset. Mutation analysis of matched CIS and papillary tumors revealed shared mutations between samples across time points and mutational heterogeneity. CCDC138 was the most frequently mutated gene in CIS. The immunological landscape showed higher levels of PD-1-positive cells in CIS lesions compared to papillary tumors. We identified CIS lesions to have distinct characteristics compared to papillary tumors potentially contributing to the aggressive phenotype.© 2024 The Authors.",include,exclude,仅鉴定CIS相关46基因表达签名，未报告规定临床终点,exclude,CIS signature without clinical endpoint
38493947,Single-cell and multi-omics analyses highlight cancer-associated fibroblasts-induced immune evasion and epithelial mesenchymal transition for smoking bladder cancer.,"Tobacco carcinogens are recognized as critical hazard factors for bladder tumorigenesis, affecting the prognosis of patients through aromatic amines components. However, the specific function of tobacco carcinogens and systematic assessment models in the prognosis of bladder cancer remains poorly elucidated. We retrieved bladder cancer specific tobacco carcinogens-related genes from Comparative Toxicogenomic Database, our Nanjing Bladder Cancer cohort and TCGA database. Gene×Gene interaction method was utilized to establish a prognostic signature. Integrative assessment of immunogenomics, tumor microenvironments and single-cell RNA-sequencing were performed to illustrate the internal relations of key events from different levels. Finally, we comprehensively identified 33 essential tobacco carcinogens-related genes to construct a novel prognostic signature, and found that high-risk patients were characterized by significantly worse overall survival (HR=2.25; Plog-rank < 0.01). Single-cell RNA-sequencing and multi-omics analysis demonstrated that cancer-associated fibroblasts mediated the crosstalk between epithelial-mesenchymal transition progression and immune evasion. Moreover, an adverse outcome pathway framework was established to facilitate our understanding to the tobacco carcinogens-triggered bladder tumorigenesis. Our study systematically provided immune microenvironmental alternations for smoking-induced adverse survival outcomes in bladder cancer. These findings facilitated the integrative multi-omics insights into risk assessment and toxic mechanisms of tobacco carcinogens.Copyright © 2024. Published by Elsevier B.V.",exclude,include,,include,33-gene tobacco-carcinogen signature
39269596,"Liquid-liquid phase separation-related genes associated with prognosis, tumor microenvironment characteristics, and tumor cell features in bladder cancer.","This study aimed to explore the Liquid-liquid phase separation (LLPS)-related genes associated with the prognosis of bladder cancer (BCa) and assess the potential application of LLPS-related prognostic signature for predicting prognosis in BCa patients.Clinical information and transcriptome data of BCa patients were extracted from the Cancer Genome Atlas-BLCA (TCGA-BLCA) database and the GSE13507 database. Furthermore, 108 BCa patients who received treatment at our institution were subjected to a retrospective analysis. The least absolute shrinkage and selection operator (LASSO) analysis was performed to develop an LLPS-related prognostic signature for BCa. The CCK8, wound healing and Transwell assays were performed.Based on 62 differentially expressed LLPS-related genes (DELRGs), three DELRGs were screened by LASSO analysis including kallikrein-related peptidase 5 (KLK5), monoacylglycerol O-acyltransferase 2 (MOGAT2) and S100 calcium-binding protein A7 (S100A7). Based on three DELRGs, a novel LLPS-related prognostic signature was constructed for individualized prognosis assessment. Kaplan-Meier curve analyses showed that LLPS-related prognostic signature was significantly correlated with overall survival (OS) of BCa. ROC analyses demonstrated the LLPS-related prognostic signature performed well in predicting the prognosis of BCa patients in the training group (the area under the curve (AUC) = 0.733), which was externally verified in the validation cohort 1 (AUC = 0.794) and validation cohort 2 (AUC = 0.766). Further experiments demonstrated that inhibiting KLK5 could affect the proliferation, migration, and invasion of BCa cells.In this study, a novel LLPS-related prognostic signature was successfully developed and validated, demonstrating strong performance in predicting the prognosis of BCa patients.© 2024. The Author(s), under exclusive licence to Federación de Sociedades Españolas de Oncología (FESEO).",exclude,include,,include,3-gene LLPS signature
39368544,A modified model of PANoptosisto identify prognosis and immunotherapy response in bladder cancer.,"Cell death, including apoptosis and necrosis, collectively known as widespread apoptosis. The present study aims to investigate the mechanism of action in widespread apoptosis-related modification patterns in bladder cancer.Using a clinical genomics database, we obtained transcriptomic data and related clinical information of bladder cancer patients. By employing the least absolute shrinkage analysis, we were able to construct a risk model and single-cell sequencing analysis of differential genes in bladder cancer.Five differentially expressed genes (TMPRSS4, TPST1, FOXD1, ELOVL4, EMP1) associated with widespread apoptosis were identified as features for predicting the prognosis of bladder cancer patients. Survival curve analysis revealed significant differences in prognosis (P<0.05). Additionally, multivariate Cox regression analysis determined the independent risk factor for bladder cancer prognosis as the risk score (P<0.001), with high confidence in the scoring model validated internally (P<0.001). Single-cell sequencing reveals high expression of CDKN2A, ERBB2, and TMPRSS4 in B cells, while HRAS is significantly expressed in fibroblasts.PANscore, as a potential prognostic and immunotherapeutic biomarker, will provide more precise and rational basis for personalized treatment strategies.Copyright © 2024. Published by Elsevier Ltd.",exclude,include,,include,5-gene PANoptosis risk model
39380003,Dynamic landscape of m6A modifications and related post-transcriptional events in muscle-invasive bladder cancer.,"Muscle-invasive bladder carcinoma (MIBC) is a serious and more advanced stage of bladder carcinoma. N6-Methyladenosine (m6A) is a dynamic and reversible modifications that primarily affects RNA stability and alternative splicing. The dysregulation of m6A in MIBC can be potential target for clinical interventions, but there have been limited studies on m6A modifications in MIBC and their associations with post-transcriptional regulatory processes.Paired tumor and adjacent-normal tissues were obtained from three patients with MIBC following radical cystectomy. The additional paired tissues for validation were obtained from patients underwent transurethral resection. Utilizing Nanopore direct-RNA sequencing, we characterized the m6A RNA methylation landscape in MIBC, with a focus on identifying post-transcriptional events potentially affected by changes in m6A sites. This included an examination of differential transcript usage, polyadenylation signal sites, and variations in poly(A) tail length, providing insights into the broader impact of m6A alterations on RNA processing in MIBC.The prognostic-related m6A genes and m6A-risk model constructed by machine learning enables the stratification of high and low-risk patients with precision. A novel m6A modification site in the 3' untranslated region (3'UTR) of IGLL5 gene were identified, characterized by a lower m6A methylation ratio, elongated poly(A) tails, and a notable bias in transcript usage. Furthermore, we discovered two particular transcripts, VWA1-203 and CEBPB-201. VWA1-203 displayed diminished m6A methylation levels, a truncated 3'UTR, and an elongated poly(A) tail, whereas CEBPB-201 showed opposite trends, highlighting the complex interplay between m6A modifications and RNA processing. Source code was provided on GitHub ( https://github.com/lelelililele/Nanopore-m6A-analysis ).The state-of-the-art Nanopore direct-RNA sequencing and machine learning techniques enables comprehensive identification of m6A modification and provided insights into the potential post-transcriptional regulation mechanisms on the development and progression in MIBC.© 2024. The Author(s).",exclude,include,,include,m6A-related machine-learning risk model
39603145,Transcriptome-Based Network Analysis Related to Histone Deacetylase Genes and Identified EMP1 as a Potential Biomarker for Prognosis in Bladder Cancer.,"Abnormal expression and function of histone deacetylases (HDACs) are closely associated with the development of bladder cancer (BCa). Systematic elucidation of the role of HDACs in BCa is expected to improve BCa prognosis and treatment strategies.We explored the correlation and expression patterns of HDAC family genes in BCa. Consensus clustering was employed to categorize BCa into subtypes based on HDAC expression profiles. Differential analysis, pathway enrichment analysis, and drug responsiveness evaluation were conducted to characterize HDAC subtypes. Then, a prognostic model based on HDAC cluster related genes was constructed and validated across multiple cohorts.We identified distinct HDAC expression patterns and correlations with immune cell infiltration and enrichment of pathways in cancer, highlighting their role in BCa. Consensus clustering revealed 2 HDAC gene subtypes. Gene cluster 1 showed worse survival, higher clinical stage, and lower immune cell infiltration compared to gene cluster 2. Additionally, pathway enrichment analysis revealed differences in tumor-promoting pathways between the clusters. Moreover, gene cluster 1 exhibited higher resistance to Rho kinase inhibitor drugs. Multi-omic analysis unveiled unique mutation and CNV profiles between the clusters, indicating distinct molecular features. Furthermore, a HDAC gene-related prognostic model demonstrated robust predictive accuracy and identified EMP1 as a key prognostic gene associated with poor survival and enriched metastatic pathways.Our study provides comprehensive insights into the landscape of HDACs in BCa, elucidating their roles in tumor heterogeneity, immune modulation, drug responsiveness, and molecular features. EMP1 is a potential therapeutic target and prognostic marker for BCa.Copyright © 2024 Elsevier Inc. All rights reserved.",exclude,include,,include,HDAC-cluster prognostic model
39695796,Prognostic feature based on androgen-responsive genes in bladder cancer and screening for potential targeted drugs.,"Bladder cancer (BLCA) is a tumor that affects men more than women. The biological function and prognostic value of androgen-responsive genes (ARGs) in BLCA are currently unknown. To address this, we established an androgen signature to determine the prognosis of BLCA.Sequencing data for BLCA from the TCGA and GEO datasets were used for research. The tumor microenvironment (TME) was measured using Cibersort and ssGSEA. Prognosis-related genes were identified and a risk score model was constructed using univariate Cox regression, LASSO regression, and multivariate Cox regression. Drug sensitivity analysis was performed using Genomics of drug sensitivity in cancer (GDSC). Real-time quantitative PCR was performed to assess the expression of representative genes in clinical samples.ARGs (especially the CDK6, FADS1, PGM3, SCD, PTK2B, and TPD52) might regulate the progression of BLCA. The different expression patterns of ARGs may lead to different immune cell infiltration. The risk model indicates that patients with higher risk scores have a poorer prognosis, more stromal infiltration, and an enrichment of biological functions. Single-cell RNA analysis, bulk RNA data, and PCR analysis support the reliability of this risk model, and a nomogram was also established for clinical use. Drug prediction analysis showed that high-risk patients had a better response to fludarabine, AZD8186, and carmustine.ARGs played an important role in the progression, immune infiltration, and prognosis of BLCA. The ARGs model has high accuracy in predicting the prognosis of BLCA patients and provides more effective medication guidelines.© 2024. The Author(s).",exclude,include,,include,Androgen-responsive gene risk model
39769061,Loss of Glutathione-S-Transferase Theta 2 (GSTT2) Modulates the Tumor Microenvironment and Response to BCG Immunotherapy in a Murine Orthotopic Model of Bladder Cancer.,"Loss of the glutathione-S-transferases Theta 2 (Gstt2) expression is associated with an improved response to intravesical Mycobacterium bovis, Bacillus Calmette-Guérin (BCG) immunotherapy for non-muscle-invasive bladder cancer (NMIBC) patients who receive fewer BCG instillations. To delineate the cause, Gstt2 knockout (KO) and wildtype (WT) C57Bl/6J mice were implanted with tumors before treatment with BCG or saline. RNA was analyzed via single-cell RNA sequencing (scRNA-seq) and real-time polymerase chain reaction (RT-PCR). BCG induced PD-L1 expression in WT mice bladders, while pro-inflammatory TNF-α was upregulated in KO bladders. ScRNA-seq analysis showed that Gstt2 WT mice bladders had a higher proportion of matrix remodeling fibroblasts, M2 macrophages, and neuronal cells. In KO mice, distinct tumor cell types, activated fibroblasts, and M1 macrophages were enriched in the bladders. In WT bladders, the genes expressed supported tumorigenesis and immunosuppressive PD-L1 expression. In contrast, Gstt2 KO bladders expressed genes involved in inflammation, immune activation, and tumor suppression. An 11-gene signature (Hmga2, Peak 1, Kras, Slc2a1, Ankfn1, Ahnak, Cmss1, Fmo5, Gphn, Plec, Gstt2), derived from the scRNA-seq analysis predicted response in NMIBC patients (The Cancer Genome Atlas (TCGA) database). In conclusion, our results indicate that patients with WT Gstt2 may benefit from anti-PD-L1 checkpoint inhibition therapy.",exclude,include,,include,11-gene signature predicts BCG response
40018511,Single-cell Analysis Highlights Anti-apoptotic Subpopulation Promoting Malignant Progression and Predicting Prognosis in Bladder Cancer.,"Bladder cancer (BLCA) has a high degree of intratumor heterogeneity, which significantly affects patient prognosis. We performed single-cell analysis of BLCA tumors and organoids to elucidate the underlying mechanisms.Single-cell RNA sequencing (scRNA-seq) data of BLCA samples were analyzed using Seurat, harmony, and infercnv for quality control, batch correction, and identification of malignant epithelial cells. Gene set enrichment analysis (GSEA), cell trajectory analysis, cell cycle analysis, and single-cell regulatory network inference and clustering (SCENIC) analysis explored the functional heterogeneity between malignant epithelial cell subpopulations. Cellchat was used to infer intercellular communication patterns. Co-expression analysis identified co-expression modules of the anti-apoptotic subpopulation. A prognostic model was constructed using hub genes and Cox regression, and nomogram analysis was performed. The tumor immune dysfunction and exclusion (TIDE) algorithm was applied to predict immunotherapy response.Organoids recapitulated the cellular and mutational landscape of the parent tumor. BLCA progression was characterized by mesenchymal features, epithelial-mesenchymal transition (EMT), immune microenvironment remodeling, and metabolic reprograming. An anti-apoptotic tumor subpopulation was identified, characterized by aberrant gene expression, transcriptional instability, and a high mutational burden. Key regulators of this subpopulation included CEBPB, EGR1, ELF3, and EZH2. This subpopulation interacted with immune and stromal cells through signaling pathways such as FGF, CXCL, and VEGF to promote tumor progression. Myofibroblast cancer-associated fibroblasts (mCAFs) and inflammatory cancer-associated fibroblasts (iCAFs) differentially contributed to metastasis. Protein-protein interaction (PPI) network analysis identified functional modules related to apoptosis, proliferation, and metabolism in the anti-apoptotic subpopulation. A 5-gene risk model was developed to predict patient prognosis, which was significantly associated with immune checkpoint gene expression, suggesting potential implications for immunotherapy.We identified a distinct anti-apoptotic tumor subpopulation as a key driver of tumor progression with prognostic significance, laying the foundation for the development of new therapeutic strategies to improve patient outcomes.© The Author(s) 2025.",exclude,include,,include,5-gene risk model
40097551,Comprehensive analysis of RNA methylation-related genes to identify molecular cluster for predicting prognosis and immune profiles in bladder cancer.,"m6A, m5C and m7G are common types of RNA methylation modifications that are widely involved in key mechanisms regulating malignancy. However, the role of RNA methylation-related genes in the immune microenvironment of bladder cancer (BLCA) remains elusive. In this study, we established RNA methylation molecular subtypes by analyzing the TCGA and GEO datasets. Risk model and nomogram were constructed by LASSO and multivariate Cox regression analysis and validated by external datasets. Genetic variations, functional enrichment analysis and immune cell infiltration were analyzed. The expression levels of hub genes were detected by real-time polymerase chain reaction (qRT-PCR) and immunohistochemistry (IHC). The effect of FN1 on cellular function was determined using experimental assays. Finally, we identified a 7-gene signature associated with BLCA prognosis. GSE19423 validated the predictive value of the risk model. The IMvigor210 data showed the model had promising predictive efficacy for BLCA immunotherapy. Significant differences in biological function, immune cell infiltration and drug sensitivity were observed between high- and low-risk groups. Furthermore, FN1 was upregulated in BLCA, as determined by qRT-PCR and IHC. Depletion of FN1 using siRNA impaired cell motility in T24 and 5637 cells. In conclusion, RNA methylation-related risk model can predict the prognosis, immune landscape and response to immunotherapy in BLCA. Among the 7-gene signature, FN1 is a pivotal gene that promotes the migration of bladder cancer cells.© 2025. The Author(s).",exclude,include,,include,7-gene RNA-methylation signature
40405063,Novel Gene expression-based Risk Stratification tool predicts recurrence in Non-muscle invasive Bladder cancer.,"Bladder cancer represents a heterogeneous disease with distinct clinical challenges. Non-muscle invasive bladder cancer (NMIBC) typically presents as indolent and slow-growing, yet a critical clinical challenge remains: identifying which patients will progress to muscle-invasive disease requiring radical interventions. Early detection of progression propensity is essential, as once muscle invasion occurs, the risk of distant metastasis increases substantially, and treatment shifts from conservative TURBT (Transurethral Resection of Bladder Tumor) to aggressive surgical interventions with significant morbidity. Current risk stratification methods fail to adequately predict this transition in approximately 30% of cases, highlighting the urgent need for more accurate prognostic tools.This retrospective study aimed to develop and validate a transcriptomics-based mRNA score for predicting early NMIBC recurrence, comparing its performance against traditional risk stratification methods.We analyzed mRNA expression profiles from primary retrospective NMIBC tumor specimens (n = 25) collected between [2018-2022]. Traditional risk stratification tools, including EORTC scoring, were applied alongside our novel mRNA-based risk score to evaluate predictive accuracy for recurrence.The transcriptomics-based mRNA score demonstrated a median prediction accuracy of 90% across 10,000 resampling iterations for predicting early NMIBC recurrence, significantly outperforming traditional EORTC risk scores. Our comprehensive gene set identified 435 differentially expressed genes associated with recurrence. Kaplan-Meier analysis showed significantly different recurrence-free survival between high and low mRNA risk score groups (Bonferroni corrected p-value < 0.0001).This retrospective analysis confirms that mRNA expression-based risk stratification provides superior predictive accuracy compared to conventional clinicopathologic risk tools. Implementation of this gene signature could potentially reduce over-investigation and improve surveillance cost-effectiveness after TURBT in patients with primary high-risk NMIBC. These findings may transform the clinical management paradigm by enabling more personalized follow-up protocols based on molecular risk assessment.© 2025. The Author(s).",exclude,include,,include,mRNA recurrence risk score
40589607,Machine Learning and Experimental Validation Reveal MYH11 as a Novel Prognostic Biomarker and Therapeutic Target in Bladder Cancer.,"Bladder cancer (BCa) is one of the top ten most common cancers, yet its underlying mechanisms remain unclear. This study aimed to explore the potential molecular mechanisms of BCa using multi-omics and single-cell analysis.First, differential analysis of transcriptome data related to BCa from public databases was performed, and a risk model was then developed using 101 different machine learning algorithms to determine prognostic genes, followed by independent prognostic analysis to construct a nomogram. Immune infiltration analysis was performed to explore the impact of prognostic genes on the tumor microenvironment. Metabolomics, proteomics, and post-translational modification data from BCa tumor and adjacent non-tumor tissues were used to explore the relationships between prognostic genes and various omics levels. Finally, single-cell analysis identified key cells involved in BCa pathogenesis, and in vitro experiments validated the expression and function of key genes.The risk model constructed by 8 prognostic genes identified using 101 algorithms effectively predicted the survival outcomes of BCa patients. Furthermore, risk scores, pathological T stage, and pathological N stage were confirmed as independent prognostic factors for the nomogram construction. Interestingly, high-risk patients showed a significantly lower response to PD-L1 treatment, with higher TIDE scores. Omics analysis revealed a close relationship between prognostic genes and proteomics, metabolomics, and post-translational modifications. Specifically, FLNC and MYH11 may influence BCa progression through phosphorylation and succinylation. Single-cell analysis identified fibroblasts as key cells in BCa. Functional experiments showed that MYH11 knockdown promoted cell proliferation, migration, and invasion.This study identified 8 prognostic genes to construct a risk model, and suggest that MYH11 is a potential diagnostic and prognostic biomarker for BCa.© 2025 Tan et al.",exclude,include,,include,8-gene machine-learning risk model
40631135,Intrinsic higher potency of basal urothelial cells to intermediate and umbrella cells as the cell of origin for bladder cancer.,"Transcriptome profiling of bladder cancer has revealed distinct basal-like and luminal-like molecular subtypes, which may be correlated with pathological subtypes of different patient outcomes. However, whether these molecular subtypes originate from the corresponding cell types in the normal urothelium and whether different cells of origin influence bladder cancer progression remain unclear. Here, we conducted cell-type-specific lineage tracing in CRISPR/Cas9-induced mouse bladder cancer models of Pten and Trp53 targeting. We show that although basal, intermediate, and superficial umbrella cells can all serve as the cell of origin for bladder cancer, transformed umbrella cells were gradually displaced by tumor cells from inner layers, particularly transformed basal cells, which had highest stemness. Histological and single cell RNA-sequencing data comparing basal- and intermediate-cell-induced bladder tumors revealed that basal-induced tumors displayed higher heterogeneity, and contained unique cell clusters including Krt14+Ki67+ highly proliferative basal cells, squamous cell carcinoma, and transitioning cells towards the Gata3+ luminal subtype. Trajectory analysis confirmed the cell lineage differentiation hierarchy uncovered in lineage tracing. Moreover, human bladder cancer molecular subtype signatures were highly enriched in mouse tumor cell clusters of the corresponding cell of origin, and a gene signature derived from the unique basal-induced clusters is predictive of worse patient outcome. Overall, our results support that the basal and luminal molecular subtypes of bladder cancer have the corresponding cells of origin as their basis, and that urothelial basal cells are intrinsically more competitive than intermediate and umbrella cells in generating aggressive bladder cancer subtypes.",exclude,include,,include,Basal-derived gene signature associated with outcome
40703521,Identification of lactylation-associated immune and metabolic regulators in bladder cancer via integrated bulk and single-cell transcriptomics.,"Lactate-driven metabolic reprogramming and histone lactylation play pivotal roles in bladder cancer (BLCA) progression, yet their underlying mechanisms and regulatory genes remain poorly understood.Using transcriptomic data from The Cancer Genome Atlas (TCGA), we identified lactylation-associated genes and constructed a prognostic signature. Comprehensive bioinformatics analyses were conducted to assess immune infiltration, tumor microenvironment characteristics, and the lactylation landscape at the single-cell level. Furthermore, we performed in vitro experiments to evaluate the biological functions of key lactylation-related genes in BLCA cells.Six lactylation-related hub genes were identified, among which FASN and RUNX2 were significantly upregulated in BLCA and associated with poor prognosis. Single-cell analyses revealed elevated lactylation signatures in tumor epithelial and immune cells. Knockdown of FASN or RUNX2 in BLCA cell lines significantly suppressed cell proliferation, induced apoptosis, and reduced intracellular lactate levels. Correspondingly, global protein lactylation was diminished, with dominant modification signals observed around 40 kDa, indicating a potential set of non-histone proteins as key functional targets.Our study highlights a metabolic-enzymatic axis wherein FASN and RUNX2 regulate lactate-driven protein lactylation in BLCA. These findings provide new insights into the non-histone functions of lactylation and suggest potential therapeutic targets at the intersection of metabolism and tumor immunity.Copyright © 2025 Chen, Sun and Liu.",exclude,include,,include,6-gene lactylation signature
40867253,Gene Expression in Muscle-Invasive and Non-Muscle-Invasive Bladder Cancer Cells Exposed to Hypoxia.,"Hypoxic cancers are radioresistant, but biomarkers based on expression of multiple genes can identify patients who will benefit from hypoxia modification. Most studies identifying relevant genes exposed cells in culture to 1% oxygen, which activates hypoxia-inducible factor (HIF). However, oxygen concentrations in hypoxic tumours are heterogeneous ranging from <0.1%. As lower oxygen levels would likely affect transcriptional responses, we aimed to investigate how gene selection at different oxygen levels affects the genes identified and their prognostic capability.Four MIBC (J82, T24, UMUC3, HT1376) and two non-MIBC (RT4, RT112) bladder cancer cell lines were exposed to varying oxygen levels (20%, 1%, 0.2% and 0.1% O2) for 24 h and were then harvested and frozen. RNA was extracted and transcriptomes analysed using Clariom S microarrays. Differences in gene expression were investigated. Prognostic and predictive significance of a published 24-gene signature was compared with one generated from genes identified at lower oxygen levels.The number of upregulated genes increased with decreasing O2 level. The number of biological pathways involved also increased. Differences between cell lines dominated those due to hypoxia. Some genes were commonly upregulated in MIBC and NMIBC cells and others increased exclusively in either MIBC or NMIBC cells. The median expression of a published 24-gene bladder cancer hypoxia-associated signature increased with decreasing oxygen levels. Seventy-seven genes were upregulated in at least three cell lines by exposure to 0.1% O2. The median expression of the 77 genes was of borderline prognostic significance in the bladder cancer cohort in the TCGA (The Cancer Genome Atlas). Five of the seventy-seven genes upregulated by hypoxia were present in the twenty-four-gene bladder hypoxia signature. The median expression of the 5 genes demonstrated identical prognostication to the 24-gene signature but failed to predict benefit from hypoxia modification.The number of genes upregulated by exposure of bladder cancer cells to hypoxia increases as O2 level is decreased from 1% to 0.2% to 0.1%. Differential upregulation of gene expression by MIBC and NMIBC cells and the associated biological pathways may be useful in understanding the genetics of bladder cancer invasiveness. Based on a search of the literature, this is the first study that assessed the expression of genes in bladder cancer using three hypoxic concentration levels to identify biomarkers for disease progression and prognosis among differentially expressed bladder cancer genes.",include,exclude,细胞系缺氧基因表达研究，未报告规定临床终点,include,24-gene hypoxia signature and TCGA prognostic analysis
40916434,Mevalonate Metabolic Reprogramming Drives Cisplatin Resistance in Bladder Cancer: Mechanisms and Therapeutic Targeting.,"Dysregulation of mevalonate metabolism is a hallmark of tumorigenesis and therapy resistance across malignancies, though its role in bladder cancer remains unclear. This study aimed to elucidate its impact on prognosis and cisplatin chemosensitivity in bladder cancer.Transcriptomic data and clinical information of bladder cancer patients were obtained from The Cancer Genome Atlas (TCGA) and the Gene Expression Omnibus (GEO) databases. Non-negative matrix factorization (NMF) was used to cluster mevalonate metabolism-related genes into distinct metabolic subtypes (C1 and C2). Associations between mevalonate metabolism, clinical characteristics, immune infiltration, and cisplatin resistance were analyzed using Gene Set Variation Analysis (GSVA), Kaplan-Meier survival analysis, single-sample Gene Set Enrichment Analysis (ssGSEA), and in vitro experiments.NMF clustering classified bladder cancer patients into two metabolic subtypes (C1/C2). The C1, characterized by higher mevalonate metabolism (MVAscore), was associated with a poorer prognosis, shorter overall survival (OS), and higher T-stage and pathological grades. Immune analysis showed lower immune cell infiltration in C1. Immune infiltration analysis revealed significantly lower immune infiltration levels in the C1. Further analysis revealed a positive correlation between mevalonate metabolism and platinum resistance, with a notable increase in mevalonate metabolism observed in cisplatin-resistant bladder cancer cells. In vitro, simvastatin inhibited the proliferation of bladder cancer cells and enhanced their sensitivity to cisplatin.Mevalonate metabolism drives BCa heterogeneity and chemoresistance while suppressing anti-tumor immunity. Its dysregulation serves as both a prognostic biomarker and a target for therapeutic intervention.Mevalonate metabolism contributes to cisplatin resistance in bladder cancer and represents a potential therapeutic target. Simvastatin targeting this pathway enhances the efficacy of cisplatin, providing a novel personalized chemotherapy strategy.Copyright© Bentham Science Publishers; For any queries, please email at epub@benthamscience.net.",exclude,include,,include,Mevalonate metabolic score and subtypes
40994220,RNA m5C Modifications in the Development and Prognosis of Muscle-Invasive Bladder Cancer.,"The m5C RNA modifications have been implicated in the pathogenesis of urothelial carcinoma and hold potential as prognostic biomarkers for muscle-invasive bladder cancer (MIBC) patients. In this study, we developed an MIBC-risk model by integrating m5C modification-related genes and differentially expressed genes using Nanopore sequencing and a machine learning approach. Compared to our previous research, we observed that m5C modifications are more functional, with the most enriched regions being the 3'UTR and exons. Our analysis revealed differential m5C methylation sites in several well-characterized cancer-related genes, including BMI1, PTEN, MALAT1, FADD, STAT5A, BIRC6, FOXO3, CCNG1, PAK2, UBE2L3, SMARCB1, and TUG1. Functional enrichment analysis demonstrated significant involvement of these genes in key oncogenic pathways, particularly DNA damage response, double-strand break repair, p53 signaling, MAPK cascade, NF-κB signaling, and cell proliferation/migration pathways. Unlike models based on single factors, the combination of m5C modification-related genes and differentially expressed genes resulted in a more effective classification model. This approach yielded an optimized 11-gene prognostic signature comprising GGA1, NUMBL, ECHDC2, NLRC5, EIF2D, GJA1, XPC, DAZAP2, C6orf120, WDR45, and CES1, which demonstrated superior predictive performance in TCGA MIBC patients. These findings establish m5C RNA modification patterns as promising molecular signatures for MIBC prognosis and potential therapeutic targets.© 2025 Wiley Periodicals LLC.",exclude,include,,include,11-gene m5C-related prognostic signature
41137061,Single-cell stemness analysis highlights Midkine-LRP1 pathway and identifies new bladder cancer subtypes.,"Bladder cancer (BC) is among the ten most common malignant tumors worldwide. Tumor stem cells contribute significantly to postoperative recurrence and disease progression. Understanding stem cell interactions with other tissue cells and developing a prognostic model may improve BC management. Through single-cell RNA sequencing, we identified tumor stem cells in BC tissue. We identified 91 genes specifically upregulated in the stem cell cluster versus other clusters. Of these, 67 whose high expression correlated with poorer patient survival were defined as high-risk stemness genes (HRSGs). Further analysis showed that the MDK-LRP1 axis is the primary communication pathway between stem cells and other cell types, involving 31 of these HRSGs. Based on these 31 HRSGs, patients were stratified into two stemness clusters (ST cluster A and B), with ST cluster B associated with poorer prognosis. We further selected prognosis-related genes from differentially expressed genes between the clusters to construct a risk model. Patients in ST cluster B exhibited higher risk scores, aligning with clinical outcomes. Among the HRSGs, ACTN1 emerged as a key gene, showing elevated expression in patients with poor survival and advanced disease stages. Immunohistochemistry confirmed significantly increased ACTN1 protein levels in BC tissues. Additionally, protein interface analysis indicated that the Cys104 residue of Midkine potentially interacts with both LRP1 and ACTN1 within a 5 Å distance, suggesting a critical interaction site. These findings provide novel insights into stem cell-mediated BC progression and offer potential prognostic and therapeutic targets.© 2025. The Author(s).",exclude,include,,include,Stemness subtypes and risk model
41144872,Intratumoral Expression of a Composite B Cell / CD8 T Cell Biomarker Stratifies Overall Survival by Circulating Tumor DNA Status and Benefit From Adjuvant Immunotherapy in High-Risk Muscle-Invasive Urothelial Carcinoma.,"Identifying biomarkers to determine patients who benefit from immune checkpoint inhibitor therapy is critical to avoid overtreatment. Thus, we determined whether tumor expression of a pan-B cell gene signature (BGS), and a CD8 T effector cell gene signature (CD8TGS), was associated with greater overall survival (OS) in patients with high-risk muscle-invasive urothelial carcinoma (MIUC) and circulating tumor DNA (ctDNA)(+) status on C1D1, who received adjuvant atezolizumab.We used transcriptomic profiles derived from bulk RNA sequencing of tumors, and plasma ctDNA, from patients in the IMvigor010 trial of adjuvant atezolizumab vs observation in resected high-risk MIUC. Tumor RNA sequencing expression defined patient groups with high (Hi) and low (Lo) BGS and CD8TGS (eg, B8T). We stratified patients by ctDNA status, then assessed OS based on receipt of atezolizumab. We interrogated tumor B8T in patients with MIUC who received neoadjuvant atezolizumab in the ABACUS trial.Patients who had high BGS and high CD8TGS (B8T Hi/Hi) tumors had high OS, and adjuvant atezolizumab did not provide additional benefit. Conversely, in patients with B8T Hi/Lo tumors, atezolizumab was associated with longer OS, regardless of ctDNA status. Neoadjuvant atezolizumab induced a high proportion of B8T Hi/Hi tumors at cystectomy.While tumor B8T Hi/Hi was prognostic regardless of ctDNA status, B8T Hi/Lo was predictive for atezolizumab benefit independent of ctDNA status. Thus, the B8T identified patients with ctDNA(-) status who benefited, and patients who were ctDNA(+) who did not benefit, from adjuvant atezolizumab.",exclude,include,,include,Composite B-cell/CD8 gene signatures
41507856,"MXRA8, a key palmitoylation-related gene, promotes bladder cancer progression via remodeling tumor microenvironment and predicts poor prognosis.","OBJECTIVE: The objective of this study was to comprehensively characterize the expression profiles and prognostic significance of palmitoylation-related genes (PRGs) in bladder cancer (BLCA). METHODS: Transcriptomic, clinical, and somatic mutation data of BLCA patients were obtained from The Cancer Genome Atlas (TCGA) and the GEO dataset (GSE13507), and batch effects were corrected using the ComBat method. Consensus clustering was performed to identify PRG-related molecular subtypes. Prognostic differentially expressed genes (DEGs) were further used for gene subtyping, and a PRG-based prognostic risk model was constructed by applying the least absolute shrinkage and selection operator (LASSO) and multivariate Cox regression. CIBERSORT assessed immune infiltration, while scRNA-seq data from Tumor Immune Single-cell Hub (TISCH) analyzed core gene expression in cell clusters. The biological function of the core gene was validated by Reverse Transcription Quantitative Polymerase Chain Reaction (RT-qPCR), Western blotting, wound-healing, colony-formation, and EdU assays. RESULTS: Two distinct PRG-related molecular subtypes and two gene subtypes were identified. The nine core genes (including MXRA8) showed robust predictive performance (AUC > 0.7 for 1-, 3-, and 5-year overall survival) and was incorporated into a nomogram along with clinical parameters. MXRA8 was highly expressed in BLCA tissues at both transcript and protein levels and predominantly expressed in fibroblast and myofibroblast clusters. Functionally, silencing MXRA8 significantly suppressed BLCA cell proliferation, migration, and invasion. CONCLUSIONS: The PRG-based risk score serves as a robust and clinically applicable tool for prognostic evaluation and predicting chemotherapy response. Furthermore, MXRA8 may serve as a potential molecular hub for developing precision medicine–oriented therapeutic strategies in BLCA.",exclude,include,,include,9-gene palmitoylation risk model
41582171,Exploration of neutrophil-associated genes in the prognosis of bladder urothelial carcinoma based on a machine learning and multi-omics data integration framework.,"BACKGROUND: Bladder urothelial carcinoma (BLCA) is a prevalent malignancy. The poor performance of existing therapeutic approaches in the advanced stages of BLCA underscores the critical need for more sensitive and precise biomarkers to improve patient survival and prognosis. METHODS: This study utilized single-cell RNA sequencing (scRNA-seq) data from BLCA and control groups, employing the high-dimensional Weighted Gene Co-expression Network Analysis (hdWGCNA) algorithm to identify neutrophil-associated genes. These genes were intersected with differentially expressed genes (DEGs) from RNA-seq data, followed by univariate Cox regression analysis. Subsequently, BLCA subtypes were identified using a framework combining autoencoder (DAE) and joint deep semi-nonnegative matrix factorization algorithms. Various machine learning ensemble algorithms were then used to screen prognostic genes and construct a BLCA risk model. RESULTS: We identified several reliable BLCA subtypes with significant differences in enriched pathways and immune landscapes. Based on the risk model, the high- and low-risk groups showed significant differences in the expression patterns and BLCA-related associations of prognostic genes, as well as in immune cell correlations and drug sensitivity. Furthermore, the prognostic genes in the constructed risk model also demonstrated significant value in pan-cancer analysis. CONCLUSION: This study reveals the critical role of neutrophils in the occurrence and progression of BLCA through multi-omics data and bioinformatics analyses, and constructs a risk model with potential clinical applications. Our research provides new insights for precise stratification and personalized treatment of BLCA, promising to improve the clinical prognosis. The source code for the proposed framework is available at https://gitee.com/guancheng-xiao/blca/tree/master/ .",exclude,include,,include,Neutrophil machine-learning risk model
41656395,The BCAA metabolism-related gene BCAT1 promotes the progression of bladder urothelial carcinoma through the PI3K/AKT/mTOR signalling pathway.,"The role and molecular mechanisms of branched-chain amino acid (BCAA) metabolism in bladder urothelial carcinoma (BLCA) have not been fully elucidated. In this study, genes associated with BCAA metabolism were identified and analysed. Based on the TCGA-BLCA dataset, BCAA metabolism-related clusters were established. The analysis revealed significant differences among clusters in terms of survival outcomes, biological functions, and immune infiltration. Hub genes were identified using Cox and LASSO regression analyses, leading to the construction of a four-gene prognostic model that included BCAT1. Patients were categorised into high- and low-risk groups, with the high-risk group showing a markedly higher risk of mortality. Key module genes were determined through weighted gene coexpression network analysis, and BCAT1 was ultimately identified as the core gene involved in BCAA metabolism. High BCAT1 expression was strongly associated with poor prognosis. Single-cell RNA sequencing data revealed that BCAT1 was highly expressed in malignant epithelial cells and correlated with the immune microenvironment. Experimental validation demonstrated that BCAA uptake and metabolism were enhanced in BLCA and that BCAT1 upregulation promoted tumour progression and epithelial-mesenchymal transition by activating the PI3K/AKT/mTOR pathway. Molecular docking and virtual screening further identified folic acid as a compound capable of binding to the BCAT1 protein and inhibiting the migration and invasion of BLCA cells. In conclusion, this study demonstrates that BCAT1 plays a pivotal role in BLCA progression by regulating the PI3K/AKT/mTOR pathway, suggesting its potential as a novel therapeutic target for BLCA.",exclude,include,,exclude,Single-gene BCAT1 mechanism
41668898,Revealing the function and mechanism of piRNA-related genes in bladder cancer through single-cell sequencing and methylation analyses and construction of prognostic features based on consensus clustering.,"This study aimed to explore the functions and potential mechanisms of PIWI-interacting RNA-related genes (piRPGs) in bladder cancer (BC) development and to identify potential prognostic genes.This study used differential analysis and machine learning techniques to identify the differentially expressed piRPGs in BC. Consensus clustering was performed on The Cancer Genome Atlas-Urothelial Bladder Carcinoma dataset, and univariate and multivariate analyses were conducted to construct a BC prognostic model consisting of 3 piRPGs. Kaplan-Meier survival curves were used for survival analysis. Quantitative polymerase chain reaction was performed to validate the expression levels of piRPGs in BC cells and tissues. The functional roles and potential mechanisms of piRPGs in BC were investigated via single-cell sequencing and differentially methylated position sequencing. The DSigDB and CellMiner databases were used to screen for small-molecule drugs associated with piRPGs.This study identified 6 piRPGs that were significantly associated with BC: MAPK13, INHBA, LAMB2, DDX3X, TARBP2, and CDK2. A prognostic model comprising MAPK13, INHBA, and LAMB2 was constructed using consensus clustering technology. Kaplan-Meier curves demonstrated significantly prolonged survival in cluster 2 compared with cluster 1 (p < 0.01), validating the effectiveness of the prognostic model. Single-cell sequencing confirmed that MAPK13 expression was significantly upregulated in bladder tissues (p < 0.001). Methylation site sequencing and methylation-specific polymerase chain reaction revealed significantly decreased methylation levels of INHBA and MAPK13 in BC tissues, which were inversely correlated with their expression levels.This study effectively developed a 3-gene prognostic signature comprising MAPK13, INHBA, and LAMB2 using consensus clustering and multifactorial logistic regression. In addition, the functional roles and intrinsic mechanisms of piRPGs in bladder carcinogenesis were comprehensively explored using single-cell sequencing, methylation sequencing, and functional enrichment analysis.Copyright © 2025 The Authors. Published by Wolters Kluwer Health, Inc.",exclude,include,,include,3 piRNA-related mRNA gene risk model
41685329,Transcriptome and single-cell RNA sequencing analysis with 101 machine learning combinations and experimental verification reveals the mechanism of action of mannose metabolism in bladder cancer.,"Bladder cancer (BLCA) is a prevalent genitourinary malignancy characterized by high recurrence and mortality rates. While mannose metabolism has demonstrated anti-tumor potential across various cancers, its role in BLCA remains underexplored. This study examines the influence of mannose metabolism on BLCA prognosis.BLCA-related datasets and genes associated with mannose metabolism (MMRGs) were obtained from public databases. Candidate genes were identified by overlapping differentially expressed genes with MMRGs. Prognostic genes were pinpointed using ten machine learning algorithms and regression analysis to develop a risk model, which was subsequently validated. A nomogram was constructed by integrating the risk score with clinical features, and its predictive accuracy was assessed. We performed functional enrichment, drug sensitivity, reverse transcription-quantitative polymerase chain reaction (RT-qPCR), Western blotting, immunohistochemistry, and immune infiltration analyses. Key cellular components were identified, and further analyses, including pathway enrichment, pseudo-temporal analysis, and cell communication, were performed.CALR, SLMAP, PFKFB4, and TMTC1 were identified as prognostic genes in BLCA. Notably, the expression of SLMAP and TMTC1 was significantly downregulated in BLCA, whereas PFKFB4 and CALR were upregulated. These findings were consistently validated by RT-qPCR, Western blotting, and immunohistochemical analyses (p < 0.05). The risk model stratified patients into a high-risk group (HRG) and a low-risk group (LRG), with HRG patients exhibiting significantly poorer survival outcomes. The risk score was identified as an independent prognostic factor, and the nomogram demonstrated high diagnostic accuracy. Notable differences between HRG and LRG patients were observed in the ""Ribosome"" pathway. Additionally, 86 chemotherapeutic drugs exhibited significant differential responses between HRG and LRG, with 23 immune cell types showing differential abundances, including activated dendritic cells (p < 0.05). Single-cell analysis revealed macrophages as key cells in BLCA, which were classified into five subtypes, with CALR, SLMAP, and PFKFB4 influencing their expression.Four mannose metabolism-related prognostic genes were identified in BLCA, and macrophages were confirmed as critical cells. These findings provide valuable insights for improving prognostic assessment in BLCA.Copyright © 2026 Li, Zhao, Wang and Shi.",exclude,include,,include,4-gene mannose-metabolism risk model
41689016,Exploring the underlying mechanisms of Hedyotis diffusa and Scutellaria Barbata herb pair on the prognosis and treatment efficacy of bladder cancer patients: an integrated approach of network pharmacology and bioinformatics analysis.,"BACKGROUND: The development and progression of bladder cancer are closely linked to its complex tumor microenvironment. Hedyotis diffusa and Scutellaria barbata (HD-SB) are commonly used as a prominent herbal pair for treating bladder cancer. However, the pharmacological targets and molecular mechanisms by which HD-SB impacts bladder cancer require further elucidation. Additionally, it remains uncertain whether this herbal pair affects the prognosis and treatment efficacy of bladder cancer. METHODS: We employed network pharmacology to predict the targets of HD-SB and bladder cancer, identifying overlaps with prognostic genes linked to the overall survival of bladder cancer patients in the TCGA dataset. Subsequently, we utilized least absolute shrinkage and selection operator (LASSO) and Cox regression analyses to pinpoint a prognostic signature and construct a prognostic model. We further explored the correlations between risk scores, immune cells, immune checkpoint genes, and treatment efficacy. Single-cell RNA-sequencing (scRNA-seq) was used to profile the expression of prognostic genes across various cell types, and immunohistochemistry validated the protein levels of these targets. Molecular docking studies were conducted to clarify the interactions between HD-SB components and the identified genes, and in vitro experiments demonstrated the effects of HD-SB on bladder cancer cells. RESULTS: Venn diagram analysis identified 497 common targets shared between HD-SB and bladder cancer. LASSO and Cox regression identified a 15-gene prognostic signature, including VEGFA, EGFR, MYC, PDGFRA, JUN, FN1, PTPN6, PTGER3, MAP2, CALM1, CTSV, CES1, ADRA1D, PYGL, and PLA2G1B. Kaplan-Meier analysis showed better overall survival in the low-risk group (median 19.8 months) versus the high-risk group (median 15.9 months). Linear regression analysis revealed a significant correlation between risk scores and specific immune cell types, as well as the dysregulated expression of immune checkpoint genes across different groups. The prognostic gene-based risk score was also found to correlate with the efficacy of both immunotherapy and chemotherapy. Six key targets—VEGFA, MYC, JUN, FN1, PTPN6, and CALM1—were validated through scRNA-seq and immunohistochemistry. Molecular docking analysis demonstrated that components of HD-SB bind with high affinity to these signature targets. In vitro experiments showed that HD-SB effectively inhibited bladder cancer cell viability, colony formation, and migration. CONCLUSION: This is the first study to explore the potential of HD-SB in enhancing the prognosis and treatment outcomes of bladder cancer through network pharmacology, bioinformatics, and experimental approaches. While the focus is primarily on tumor microenvironment-related factors, the findings provide valuable insights into the molecular mechanisms of HD-SB and identify potential novel targets for bladder cancer therapy.",exclude,include,,exclude,Herbal network-pharmacology study without prognostic model
41715136,"Single-cell transcriptomic analysis and machine learning identify ATAD3A as a key gene that stabilizes mitochondrial-endoplasmic reticulum membranes, promoting bladder cancer progression.","Mitochondria-associated endoplasmic reticulum membranes (MAM) play a critical regulatory role in cancer, yet their function in bladder cancer (BCa) remains unclear.This study conducted a comprehensive analysis of extensive RNA sequencing and single-cell transcriptomic data. A MAM risk feature model was constructed and evaluated using LASSO-Cox regression, Kaplan-Meier survival curves, and receiver operating characteristic (ROC) analysis. Cell communication networks were decoded using CellChat, and tumor-infiltrating immune cells were quantified through CIBERSORT. Machine learning, OncoPredict, Scissor algorithm, and spatial transcriptomics were employed to analyze chemical reactions. The tumor-promoting functions and molecular mechanisms of ATAD3A were validated through cell and animal models, as well as transmission electron microscopy and fluorescence confocal microscopy.This study systematically delineates the gene expression profile of MAM in BCa and constructs a robust MAM prognostic signature that effectively predicts poor patient outcomes. A high MAM score is significantly associated with an immunosuppressive microenvironment and chemotherapy resistance. Using machine learning, we developed a random forest model that successfully identified ATAD3A as a key gene predicting cisplatin resistance, which is significantly correlated with platinum resistance at both single-cell and spatial transcriptomic levels. Further validation shows that ATAD3A is highly expressed in BCa tissue, and its knockdown significantly suppresses tumor growth. Mechanistically, ATAD3A maintains MAM structural integrity, regulates mitochondrial calcium homeostasis and membrane potential, thereby promoting cellular homeostasis and enhancing chemotherapy resistance.This study connects MAM to BCa chemotherapy resistance through machine learning and multi-omics analysis, establishing ATAD3A as a prognostic biomarker and potential therapeutic target in BCa.© 2026. The Author(s).",exclude,include,,include,MAM prognostic signature
41727459,Prognostic significance of calcium signaling-related genes in bladder cancer and the role of ATP2B4 in regulating mitochondrial calcium ion levels via the VDAC1/MCU pathway.,"Calcium signaling, as a ubiquitous intracellular signal in eukaryotes, has been impacted in multiple biological processes encompassing tumorigenesis. Nevertheless, the integrated investigations on the function and prognostic value of genes correlated to calcium signaling in bladder cancer (BLCA) were still lacking.The transcriptome data and clinical data from BLCA patients were obtained from TCGA and GEO databases. Genes associated with calcium signaling that are differentially expressed in normal and malignant tissues were identified. Cox analysis and the least absolute shrinkage and selection operator (LASSO) analysis were employed to identify prognostic genes and develop a prognostic signature. The tuning parameter (λ) for LASSO regression was determined by cross-validation. The outcomes were then confirmed using an external independent dataset (GSE32894). The prognostic signature's reliability was assessed utilizing Kaplan-Meier, PCA, t-SNE, and ROC analyses. Furthermore, both univariate and multivariate Cox regression studies were undertaken to ensure if the prognostic signature functioned as an autonomous prognostic indication. Moreover, we examined the connection between the immune cell infiltration, the tumor mutation burden (TMB), and the prognostic signature. The Genomics of Drug Sensitivity in Cancer (GDSC) database and the IMvigor210 dataset were deployed to forecast the treatment reactions of the prognostic signature. Ultimately, the functionality of ATP2B4 was confirmed by in vitro and in vivo tests.Thirty-two differentially expressed calcium signaling-correlated genes were identified in the TCGA dataset. A prognostic signature containing six genes (ATP2B4, BDKRB2, EDNRA, PDGFRA, EGFR, and ADCY7) was ascertained to anticipate the overall survival of BLCA. Furthermore, a nomogram containing risk scores with age was developed to anticipate the BLCA patient's prognosis. In addition, patients among the high- and low-risk groups displayed significant variation in TMB, immune infiltration landscape, and response to chemotherapy and immunotherapy. ATP2B4 has been recognized as a pivotal oncogenic gene. The suppression of ATP2B4 results in elevated cytoplasmic calcium ion(Ca2+) concentrations, which in turn activate the VDAC1/MCU pathway. This activation facilitates the transfer of Ca2+ from the cytoplasm to the mitochondria, culminating in mitochondrial Ca2+ overload and ultimately inducing apoptosis in bladder urothelial carcinoma (BLCA) cells.Collectively, we have developed a unique genetic signature that is based on genes associated with calcium signaling. This signature possesses the capacity to precisely anticipate the survival prognosis and therapeutic response of BLCA patients and might have a crucial role in guiding clinical treatment. Furthermore, ATP2B4 has been identified as a crucial oncogenic gene. The downregulation of ATP2B4 leads to mitochondrial Ca2+ overload, ultimately resulting in apoptosis of BLCA cells.Copyright © 2026 Zhang, Gong, Chen, Li, Wang, Wang, Ding and Li.",exclude,include,,include,6-gene calcium-signaling signature
41794187,"Unraveling the connection between PFOA and bladder cancer: A study integrating network toxicology, molecular docking, and experimental validation.","PFOA, an environmental pollutant linked to bladder cancer, has unclear molecular mechanisms. Integrating transcriptomic data with network toxicology and machine learning, we identified 125 shared genes related to PFOA and bladder cancer. Machine learning refined a 16-gene prognostic signature. Molecular docking revealed NUDT1 as the top candidate with strong PFOA binding affinity. Functional experiments showed PFOA upregulates NUDT1, enhancing bladder cancer cell proliferation and migration. NUDT1 knockdown attenuated these malignant effects and partially reversed PFOA's impact. Thus, PFOA promotes bladder cancer progression via NUDT1 interaction, positioning NUDT1 as a potential biomarker and therapeutic target for PFOA-associated carcinogenesis.Copyright © 2024. Published by Elsevier Inc.",exclude,include,,include,16-gene PFOA-related prognostic signature
41809777,Development and validation of a gemcitabine sensitivity-related long noncoding RNA signature for predicting the prognosis and subtypes of bladder cancer.,"Bladder cancer (BLCA) is a common urogenital malignancy with significant heterogeneity, and gemcitabine serves as a key chemotherapeutic agent for BLCA. This study examined gemcitabine sensitivity-related long noncoding RNA (GSRlncRNA) in BLCA and constructed a prognostic signature.Gene expression and clinical data were obtained from The Cancer Genome Atlas (TCGA) and Gene Expression Omnibus (GEO) databases. The gemcitabine sensitivity of BLCA samples was quantitatively calculated. Using weighted gene coexpression network analysis (WGCNA), we analyzed the role of GSRlncRNA in BLCA. We developed a prognostic signature using machine learning algorithm integration, with the TCGA-BLCA cohort (n=405) serving as the training set and GSE31684 (n=93) serving as the validation cohort. Patients were stratified into low- and high-risk groups based on risk scores. Comparative analyses included prognosis, immune infiltration, mutational profiles, and pathway enrichment. Single-cell RNA sequencing (scRNA-seq) and in vitro experiments further validated the expression and functional roles of GSRlncRNA in BLCA.GSRlncRNAs were identified via WGCNA. The partial least squares regression for Cox (plsRcox) was selected as the optimal modeling approach. A prognostic signature comprising 37 GSRlncRNAs effectively stratified patients into distinct risk groups, which demonstrated significant differences in survival outcomes, pathway enrichment, immune infiltration, and mutational profiles. To enhance clinical utility, a nomogram and web-based calculator were developed. scRNA-seq clarified the critical roles of LINC00930 and EMX2OS in BLCA progression. Real-time quantitative polymerase chain reaction confirmed the differential expression of GSRlncRNA in BLCA compared to that in normal tissues. Functional assays demonstrated that LINC00930 and EMX2OS suppression impaired BLCA cell proliferation, migration, invasion, apoptosis, cell cycle, and gemcitabine sensitivity.We identified critical prognostic associations between GSRlncRNAs and BLCA. Based on these findings, we constructed a GSRlncRNA-based predictive signature, which demonstrated considerable potential for risk stratification and personalized treatment decisions. Functional experiments further validated the involvement of GSRlncRNAs in BLCA progression.© AME Publishing Company.",include,exclude,基于lncRNA签名，不符合纳入标准,exclude,lncRNA signature
42164400,Bioinformatics analysis and experimental approach identify BRD-family gene DSP as a diagnostic and prognostic indicator in bladder cancer.,"As a highly prevalent malignant tumor within the urinary system, bladder cancer (BLCA) is manifested as frequent recurrence and substantial prognostic heterogeneity. The development of BLCA is strongly linked to epigenetic dysregulation. Bromodomain-containing proteins (BRDs)-related genes (BRDRGs) serve as critical regulators across various cancers. However, the expression profiles, prognostic significance, and influence on the tumor immune microenvironment (TIME) of BRDRGs in BLCA remain underexplored. This study aimed to systematically explore the expression and prognostic significance of BRD-related genes in BLCA and to construct a BRD-based prognostic model.Utilizing transcriptomic data within The Cancer Genome Atlas (TCGA) and the Gene Expression Omnibus (GEO) for BLCA, BRDRGs were screened through GeneCards. Consensus clustering was leveraged to define BRD molecular subtypes. Differential expression analysis was implemented to ascertain BRD co-expressed genes, and we intersected them with differentially expressed genes (DEGs) between tumor and normal samples in TCGA-BLCA to obtain differentially expressed BRD genes (DE-BRDRGs). A prognostic risk model was developed utilizing univariate Cox and least absolute shrinkage and selection operator (LASSO) regression, followed by survival analysis, receiver operating characteristic (ROC) evaluation, and nomogram validation. Associations between the model and immune characteristics with immunotherapy response were estimated utilizing Cell-type Identification By Estimating Relative Subsets Of RNA Transcripts (CIBERSORT), Tumor Immune Dysfunction and Exclusion (TIDE), and pRRophetic analyses. Gene set enrichment analysis (GSEA) was implemented to ascertain functions of key genes. In vitro, the key gene DSP was knocked down utilizing small interfering RNA (siRNA). Reverse transcription quantitative polymerase chain reaction (RT-qPCR) and Western blot were implemented to verify the effectiveness of knockdown, while Cell Counting Kit-8 (CCK-8) was leveraged to evaluate the proliferation of BLCA cells.In total, 1,572 upregulated genes and 1,111 downregulated genes were ascertained from TCGA-BLCA, with 36 DE-BRDRGs ultimately ascertained through the intersection of BRD co-expressed genes. Seven genes (DSP, DSC2, HSPG2, GJA1, TXNRD1, PCDHGC3, and PEG10) were chosen to formulate the risk model. In TCGA-BLCA, the area under the curve (AUC) values within 1, 2, and 3 years were 0.620, 0.665, and 0.682. In GSE13507, the AUC values within 1, 2, and 3 years were 0.730, 0.655, and 0.664. Marked distinctions were observed between high- and low-risk cohorts regarding immune cell infiltration (e.g., Tregs and CD8+ T cells) and immunotherapy response. GSEA indicated that key genes contributed to the progression of BLCA through pathways like the cell cycle and PI3K-Akt signaling. In vitro experiments denoted that DSP knockdown considerably inhibited the proliferation of BLCA cells, and the knockdown was effective, suggesting its pro-tumorigenic role.This research ascertained seven key BRDRGs and comprehensively analyzed their functions in BLCA. In vitro experimental validation demonstrated that DSP exerts tumor-promoting effects and represents a potential therapeutic target. The established BRD-based prognostic model offers a novel strategy for risk stratification and personalized management of individuals with BLCA.© AME Publishing Company.",exclude,include,,include,7-gene BRD risk model
42220482,Identification of succinylation-related genes in bladder cancer: integration of single-cell and transcriptomic data.,"Bladder cancer (BLCA) exhibits a poor prognosis, highlighting the urgent need for reliable prognostic genes. Although succinylation is linked to tumor progression, its role in BLCA remains understudied. This study aimed to identify and validate prognostic succinylation-related genes (SRGs) in BLCA and elucidate their impact on the tumor microenvironment (TME).SRGs were initially identified through transcriptomic sequencing of 15 paired BLCA and adjacent normal tissues (Soochow-BLCA cohort) and further refined by integrating single-cell and bulk transcriptomic data from The Cancer Genome Atlas (TCGA) and Gene Expression Omnibus (GEO) datasets. A prognostic risk model was developed using LASSO and multivariable Cox regression, incorporating clinical factors for nomogram construction. Mechanistic insights were obtained through functional enrichment, immune profiling, somatic mutation, and drug sensitivity analyses. The Scissor algorithm mapped bulk transcriptome risk signatures to single-cell resolution, enabling identification of high-risk cell subpopulations. Pseudotime and cell-cell communication analyses characterized dynamic expression patterns of the core genes. Finally, the expression profiles and functional roles of the core genes were validated using RT-qPCR and CCK-8 proliferation assays in vitro.KCTD16, CD3D and GSDMB were identified as prognostic genes. The risk score derived from these genes, in combination with age and N stage, was incorporated into a risk model that exhibited robust predictive accuracy (AUC > 0.7). Expression of these genes differed significantly between non-muscle-invasive and muscle-invasive subtypes. The high-risk group displayed enhanced immune evasion (higher TIDE score, p < 0.001), while the TME appeared to be in an ""inflamed yet dysfunctional"" state. Single-cell analysis indicated epithelial cells as key subpopulations, with additional involvement of T cells and fibroblasts. Scissor+ cells were correlated with the high-risk phenotype and exhibited pseudotime-dependent expression patterns. RT-qPCR revealed significant upregulation of GSDMB and downregulation of KCTD16 and CD3D in BLCA (p < 0.05). Functionally, knockdown of GSDMB and KCTD16 significantly promoted T24 cell proliferation, supporting their tumor-suppressive roles.The succinylation-related prognostic model accurately predicts outcomes in BLCA, reveals links to immune escape and TME, and highlights the pivotal role of epithelial cells, offering potential targets for individualized therapy.Copyright © 2026 Yang, You, Mo, Pu, Shen and Miao.",exclude,include,,include,3-gene succinylation risk model
42251607,Integrative multi-omics identifies a glycosylation-based prognostic framework and nominates ALG3 for targeted therapy in bladder cancer.,"Bladder urothelial carcinoma (BLCA) exhibits heterogeneous outcomes, creating an urgent need for reliable prognostic biomarkers. Glycosylation modifications are crucial in cancer but understudied for BLCA stratification.Using clinical and transcriptomic data from The Cancer Genome Atlas (TCGA) and glycosylation-related genes from the Gene Set Enrichment Analysis (GSEA) database, we constructed a prognostic signature via LASSO regression. It was validated using receiver operating characteristic (ROC) curve and stratified survival analyses. The key gene, alpha-1,3-mannosyltransferase (ALG3), was experimentally validated.A novel 9-glycosylation-mRNA signature effectively stratified BLCA patients into distinct risk groups with significant overall survival differences. The model showed robust predictive accuracy (AUC) and remained independent of common clinicopathological factors. We identified ALG3 as central to the signature, confirming its elevated tumor expression and critical role in promoting cancer cell proliferation.We established a potent, glycosylation-based prognostic model for BLCA. Functional validation of ALG3 underscores glycosylation's biological importance in tumor progression and highlights its therapeutic potential.© 2026. The Author(s).",exclude,include,,include,9-gene glycosylation mRNA signature
42319469,Single-cell transcriptomics identifies key immune-suppressive cells and their driver genes in the bladder cancer microenvironment with prognostic implications.,"The immunosuppressive tumor microenvironment (TME) serves as a central driver of bladder cancer (BCa) progression and prognosis. While its significance is widely acknowledged, the key cellular subsets that mediate this immunosuppressive state and their core regulatory genes remain incompletely understood. Key immunosuppressive cellular subsets and their signature genes were systematically identified using single-cell RNA sequencing (scRNA-seq) data from BCa samples. A prognostic risk model was then constructed via univariate and multivariate Cox regression analyses, based on bulk RNA-seq datasets and the identified signature genes. The role of SUSD2 was further validated in vitro using qRT-PCR, Western blot, immunofluorescence, proliferation, and invasion assays. Compared with adjacent normal tissues, BCa tissues showed significant enrichment of stromal cells (e.g., epithelial cells, fibroblasts). Among these stromal populations, the proportion of myofibroblast-like cancer-associated fibroblasts (myCAFs) was significantly increased in BCa tissues, and high myCAF infiltration was closely associated with poor patient prognosis. Pseudotime trajectory analysis confirmed that fibroblast differentiation in BCa shifts toward a terminal state (State 3), which is predominantly composed of myCAFs. A prognostic model established using myCAF-related signature genes (TMEM74B, ABCC9, FCMR, ALG9, SUSD2, and ETV7) exhibited stable predictive performance in both training and validation cohorts, with SUSD2 identified as a risk-related gene. In vitro experiments revealed that SUSD2 knockdown inhibited myCAF activation and extracellular matrix secretion, thereby attenuating its promotional effects on BCa cell proliferation and invasion. The TGF-β receptor inhibitor SB-431542could reverse the facilitative effects of SUSD2 overexpression on tumor cell proliferation and migration. Our findings identify myCAFs as a core regulatory cellular subset and SUSD2 as a key molecule within the immunosuppressive TME of BCa. Additionally, SUSD2 may trigger the activation of the TGF-β/Smad signaling cascade to induce myCAF activation, thereby accelerating BCa progression. These results provide novel potential targets and a theoretical basis for prognosis assessment and TME-targeted therapy in BCa.© 2026. The Author(s), under exclusive licence to Springer-Verlag GmbH Germany, part of Springer Nature.",exclude,include,,include,6-gene myCAF risk model
42371282,Targeting macrophage-associated core genes for prognostic prediction and therapeutic insights in bladder cancer.,"The study aims at investigating the function of macrophage-related genes (MRGs) within the bladder cancer immune microenvironment and exploring their potential value in prognosis prediction and therapeutic decision-making.This study integrated bladder cancer transcriptomic data from the TCGA and GEO databases along with single-cell RNA sequencing (scRNA-seq) data to systematically identify key MRGs. Differential expression analysis, weighted gene co-expression network analysis (WGCNA), and single-cell sequencing analysis served for screening for core MRGs. The results from LASSO Cox regression analysis were used for constructing a survival risk prediction model, together with the evaluation of the model's predictive accuracy. Besides, core MRGs were subjected to immune cell infiltration and drug sensitivity analyses for the elucidation of their roles in immune regulation and therapeutic response. Furthermore, key genes in the prognostic model were validated using PCR, Western blot, and immunohistochemistry.This study identified 11 core genes significantly associated with macrophages and developed a risk prediction model based on ANXA1, ST3GAL5, and VIM. The model demonstrated moderate predictive performance across all samples (AUC = 0.682), indicating potential utility for patient stratification. Immune analysis revealed that high-risk patients exhibited a distinctly immunosuppressive tumor microenvironment (TME), characterized by increased infiltration of M2 macrophages and neutrophils, along with a significant reduction in effector immune cells of CD8⁺ T cells and NK cells. Additionally, high-risk patients displayed greater sensitivity to targeted therapies but reduced sensitivity to conventional chemotherapy. According to in vitro and in vivo experiments, ST3GAL5 overexpression significantly promoted bladder cancer cell proliferation and tumor growth, underscoring its potential role in tumor progression.This study highlights the crucial impact of MRGs on the TME of bladder cancer and constructs a risk prediction model with moderate predictive performance that may assist in patient stratification, although further validation in independent cohorts is required.© 2026. The Author(s).",exclude,include,,include,3-gene macrophage risk model
42516298,Clonal evolution and stromal crosstalk drive an invasive epithelial program in bladder cancer.,"Tumor progression and metastasis in bladder cancer are driven by epithelial cell heterogeneity and dynamic interactions with the tumor microenvironment. To elucidate epithelial subpopulations associated with cancer progression, we performed single-cell transcriptomic profiling of bladder cancer tissues and identified a distinct epithelial subset, termed Meta-program 6 (MP6), that was significantly enriched in samples exhibiting lymphovascular invasion or lymph node metastasis. The MP6 gene signature correlated strongly with advanced tumor stage, lymph node involvement, and lymphovascular infiltration. CNV analysis revealed extensive chromosomal alterations, particularly chromosome 19 deletion, indicating genomic instability. Cell-cell communication analysis demonstrated active crosstalk between MP6 tumor cells and cancer-associated fibroblasts, including WNT and BMP signaling pathways, indicating that stromal crosstalk may contribute to the establishment of a pro-tumorigenic microenvironment. Transcription factor network inference further identified elevated activity of regulators such as TFCP2 and ELF1, implicating them in the acquisition of aggressive phenotypes. Immunohistochemical validation supported the clinical relevance of selected MP6-associated targets. Collectively, these findings define a clonally evolved epithelial subtype associated with lymphatic invasion and provide mechanistic insights into tumor cell plasticity and stromal-epithelial interactions underlying bladder cancer progression.Copyright © 2026 Luo, Liu, Zhu, Lin, Li, You, Chen, Kang and Zeng.",exclude,include,,exclude,No survival or treatment-response endpoint
42555166,Integrated Immunological Analysis of Interactions Between CXCL13+ T Cells and LAMP3+ DC in the Immunotherapy Response of Bladder Cancer.,"CXCL13+ T cells and LAMP3+ dendritic cells (DCs) are pivotal players in orchestrating anti-tumor immune responses, particularly within tumor tertiary lymphoid structures (TLS). However, their heterogeneity, differentiation trajectories, and clinical relevance in bladder cancer remain incompletely defined. This study integrated single-cell RNA sequencing (scRNA-seq) data (16 bladder cancer patients, 113,905 post-quality-control cells) and spatial transcriptomics to characterize CXCL13+ T cell/LAMP3+ DC subsets, their differentiation pathways (via Velocyto trajectory analysis), and intercellular crosstalk (via receptor-ligand mapping). A risk model (DTscore) was constructed using marker genes of these cells and validated in the IMvigor210 (atezolizumab-treated bladder cancer) and TCGA-BLCA cohorts. scRNA-seq clustering identified 10 immune and 3 nonimmune cell types, with T cells stratified into 8 subpopulations (including CD4+CXCL13+ T cells and CD8+CXCL13+ T cells) and DCs into 9 subgroups (including LAMP3+ DCs). Receptor-ligand mapping and spatial transcriptomics confirmed functional crosstalk between CXCL13+ T cells and LAMP3+ DCs via key pairs (e.g., CCR7-CCL19, CXCR5-CXCL13, PDCD1-CD274) within TLS. The DTscore was developed using 8 marker genes (TSHZ2, ALOX5AP, GADD45G, TXN, CHN1, CCL19, CXCL13, ICA1) and exhibited robust prognostic and predictive performance: In the IMvigor210 cohort, high DTscore correlated with significantly poorer overall survival (OS) and a 3.27-fold lower immunotherapy response rate (11% vs. 36%, p = 4.23e-07); multivariate Cox regression confirmed DTscore as an independent OS predictor (hazard ratio = 1.97, p < 0.001). DTscore retained prognostic value in TCGA-BLCA (OS: p = 0.003; disease-specific survival: p < 0.001) and effectively predicted atezolizumab response even in the ""immune desert"" phenotype (p = 0.04). Combining DTscore with tumor mutational burden/tumor neoantigen burden yielded an AUC of 0.8122 for response prediction. Additionally, high DTscore was associated with higher OS hazard ratios in patients with wild-type TTN, RB1, EP300, or FGFR3 (all p < 0.01), while FGFR3 mutations correlated with lower immune checkpoint/CXCL13 expression. This study delineates the heterogeneity and interactions of CXCL13+ T cell/LAMP3+ DC subsets in bladder cancer TLS and validates DTscore as a robust tool for predicting OS and immunotherapy response, offering a potential guide for personalized bladder cancer treatment.© 2026 Wiley Periodicals LLC.",exclude,include,,include,8-gene DTscore risk model
